{"versionString":{"Signature":""},"applicationData":{"_playerStatus":{"_totalCoinCount":20620,"_costumes":{"_costumes":[true,true,true,true,true,true,true,true,true,true,true,true,true,true,true,true,true,true,true,true,true,true,true,true,true,true,true,true,true,true],"_nowCostume":[9,16],"_count":21,"_isUse2PCostume":false},"_shopVisited":true,"_shopCostumePurchased":true,"_airplaneTicketCount":9,"_stackedPropCount":325,"_alienHuntCount":56,"_lastLoginDateTime":{"Year":2021,"Month":10,"Day":12,"Hour":22,"Minute":24,"Second":28,"Millisecond":22},"_continuousLoginDayCount":10,"_hasCleared":true,"_isClearCheckerBrowsed":true,"_isMedalComplete":true,"_fittingVisited":true,"_hasTreasureIslandOpened":true,"_isPlayedShowMagazineGetDemo":true,"_hasTicketPurchaseDemoPlayed":true,"_isEndlessNewRecord":true,"_isReceivedEndlessReward":true,"_isReceivedTreasureIslandReward":true,"_hasTreasureIslandDemo":true},"_endlessHighScore":{"_singleRecords":[{"_isDummy":true,"_height":30.53773307800293,"_isDefault":true,"_costumeKind":4,"_isUse2PCostume":true},{"_isDummy":true,"_height":23.326292037963868,"_isDefault":true,"_costumeKind":13,"_isUse2PCostume":true},{"_isDummy":true,"_height":20.154687881469728,"_isDefault":true,"_costumeKind":4,"_isUse2PCostume":true},{"_isDummy":true,"_height":18.945049285888673,"_isDefault":true,"_costumeKind":13,"_isUse2PCostume":true},{"_isDummy":true,"_height":18.0,"_isDefault":true,"_costumeKind":16,"_isUse2PCostume":true},{"_isDummy":true,"_height":16.532268524169923,"_isDefault":true,"_costumeKind":13,"_isUse2PCostume":true}],"_multiRecords":[{"_isDummy":true,"_height":18.0,"_isDefault":true,"_costumeKinds":[16,16]},{"_isDummy":true,"_height":16.0,"_isDefault":true,"_costumeKinds":[16,16]},{"_isDummy":true,"_height":12.0,"_isDefault":true,"_costumeKinds":[16,16]},{"_isDummy":true,"_height":10.0,"_isDefault":true,"_costumeKinds":[16,16]},{"_isDummy":true,"_height":8.0,"_isDefault":true,"_costumeKinds":[16,16]},{"_isDummy":true,"_height":5.0,"_isDefault":true,"_costumeKinds":[16,16]}],"_gottenMedals":{"IsGottenMedal00":true,"IsGottenMedal01":true,"IsGottenMedal02":true},"_isPlayed":true},"_sequenceStatus":{"_isValidLastPlayPlayableScene":true,"_lastPlayPlayableScene":34,"_isTimeupTutorialDone":true,"_isShareExplainDone":true,"_isFirstBootDone":true},"_challengeStatus":{"_dataList":[{"IsPlayed":true,"IsPlayedEx":true,"IsCleared":true,"IsClearedEx":true,"IsGottenMedal00":true,"IsGottenMedal01":true,"IsGottenMedal02":true,"IsGottenTriple":true,"HighScore":2415,"HighScoreEx":0,"IsShowedEx":true},{"IsPlayed":true,"IsPlayedEx":true,"IsCleared":true,"IsClearedEx":true,"IsGottenMedal00":true,"IsGottenMedal01":true,"IsGottenMedal02":true,"IsGottenTriple":true,"HighScore":2085,"HighScoreEx":0,"IsShowedEx":true},{"IsPlayed":true,"IsPlayedEx":true,"IsCleared":true,"IsClearedEx":true,"IsGottenMedal00":true,"IsGottenMedal01":true,"IsGottenMedal02":true,"IsGottenTriple":true,"HighScore":5300,"HighScoreEx":0,"IsShowedEx":true},{"IsPlayed":true,"IsPlayedEx":true,"IsCleared":true,"IsClearedEx":true,"IsGottenMedal00":true,"IsGottenMedal01":true,"IsGottenMedal02":true,"IsGottenTriple":true,"HighScore":3125,"HighScoreEx":0,"IsShowedEx":true},{"IsPlayed":true,"IsPlayedEx":true,"IsCleared":true,"IsClearedEx":true,"IsGottenMedal00":true,"IsGottenMedal01":true,"IsGottenMedal02":true,"IsGottenTriple":true,"HighScore":3195,"HighScoreEx":0,"IsShowedEx":true},{"IsPlayed":true,"IsPlayedEx":true,"IsCleared":true,"IsClearedEx":true,"IsGottenMedal00":true,"IsGottenMedal01":true,"IsGottenMedal02":true,"IsGottenTriple":true,"HighScore":3710,"HighScoreEx":0,"IsShowedEx":true},{"IsPlayed":true,"IsPlayedEx":true,"IsCleared":true,"IsClearedEx":true,"IsGottenMedal00":true,"IsGottenMedal01":true,"IsGottenMedal02":true,"IsGottenTriple":true,"HighScore":2690,"HighScoreEx":0,"IsShowedEx":true},{"IsPlayed":true,"IsPlayedEx":true,"IsCleared":true,"IsClearedEx":true,"IsGottenMedal00":true,"IsGottenMedal01":true,"IsGottenMedal02":true,"IsGottenTriple":true,"HighScore":3300,"HighScoreEx":0,"IsShowedEx":true},{"IsPlayed":true,"IsPlayedEx":true,"IsCleared":true,"IsClearedEx":true,"IsGottenMedal00":true,"IsGottenMedal01":true,"IsGottenMedal02":true,"IsGottenTriple":true,"HighScore":3775,"HighScoreEx":0,"IsShowedEx":true},{"IsPlayed":true,"IsPlayedEx":true,"IsCleared":true,"IsClearedEx":true,"IsGottenMedal00":true,"IsGottenMedal01":true,"IsGottenMedal02":true,"IsGottenTriple":true,"HighScore":3380,"HighScoreEx":0,"IsShowedEx":true},{"IsPlayed":true,"IsPlayedEx":true,"IsCleared":true,"IsClearedEx":true,"IsGottenMedal00":true,"IsGottenMedal01":true,"IsGottenMedal02":true,"IsGottenTriple":true,"HighScore":3325,"HighScoreEx":0,"IsShowedEx":true},{"IsPlayed":true,"IsPlayedEx":true,"IsCleared":true,"IsClearedEx":true,"IsGottenMedal00":true,"IsGottenMedal01":true,"IsGottenMedal02":true,"IsGottenTriple":true,"HighScore":3265,"HighScoreEx":0,"IsShowedEx":true},{"IsPlayed":true,"IsPlayedEx":true,"IsCleared":true,"IsClearedEx":true,"IsGottenMedal00":true,"IsGottenMedal01":true,"IsGottenMedal02":true,"IsGottenTriple":true,"HighScore":2950,"HighScoreEx":0,"IsShowedEx":true},{"IsPlayed":true,"IsPlayedEx":true,"IsCleared":true,"IsClearedEx":true,"IsGottenMedal00":true,"IsGottenMedal01":true,"IsGottenMedal02":true,"IsGottenTriple":true,"HighScore":3690,"HighScoreEx":0,"IsShowedEx":true},{"IsPlayed":true,"IsPlayedEx":true,"IsCleared":true,"IsClearedEx":true,"IsGottenMedal00":true,"IsGottenMedal01":true,"IsGottenMedal02":true,"IsGottenTriple":true,"HighScore":3085,"HighScoreEx":0,"IsShowedEx":true},{"IsPlayed":true,"IsPlayedEx":true,"IsCleared":true,"IsClearedEx":true,"IsGottenMedal00":true,"IsGottenMedal01":true,"IsGottenMedal02":true,"IsGottenTriple":true,"HighScore":2615,"HighScoreEx":0,"IsShowedEx":true},{"IsPlayed":true,"IsPlayedEx":true,"IsCleared":true,"IsClearedEx":true,"IsGottenMedal00":true,"IsGottenMedal01":true,"IsGottenMedal02":true,"IsGottenTriple":true,"HighScore":3170,"HighScoreEx":0,"IsShowedEx":true},{"IsPlayed":true,"IsPlayedEx":true,"IsCleared":true,"IsClearedEx":true,"IsGottenMedal00":true,"IsGottenMedal01":true,"IsGottenMedal02":true,"IsGottenTriple":true,"HighScore":2390,"HighScoreEx":0,"IsShowedEx":true},{"IsPlayed":true,"IsPlayedEx":true,"IsCleared":true,"IsClearedEx":true,"IsGottenMedal00":true,"IsGottenMedal01":true,"IsGottenMedal02":true,"IsGottenTriple":true,"HighScore":3555,"HighScoreEx":0,"IsShowedEx":true},{"IsPlayed":true,"IsPlayedEx":true,"IsCleared":true,"IsClearedEx":true,"IsGottenMedal00":true,"IsGottenMedal01":true,"IsGottenMedal02":true,"IsGottenTriple":true,"HighScore":3940,"HighScoreEx":0,"IsShowedEx":true},{"IsPlayed":true,"IsPlayedEx":true,"IsCleared":true,"IsClearedEx":true,"IsGottenMedal00":true,"IsGottenMedal01":true,"IsGottenMedal02":true,"IsGottenTriple":true,"HighScore":3865,"HighScoreEx":0,"IsShowedEx":true},{"IsPlayed":true,"IsPlayedEx":true,"IsCleared":true,"IsClearedEx":true,"IsGottenMedal00":true,"IsGottenMedal01":true,"IsGottenMedal02":true,"IsGottenTriple":true,"HighScore":3530,"HighScoreEx":0,"IsShowedEx":true},{"IsPlayed":true,"IsPlayedEx":true,"IsCleared":true,"IsClearedEx":true,"IsGottenMedal00":true,"IsGottenMedal01":true,"IsGottenMedal02":true,"IsGottenTriple":true,"HighScore":3480,"HighScoreEx":0,"IsShowedEx":true},{"IsPlayed":true,"IsPlayedEx":true,"IsCleared":true,"IsClearedEx":true,"IsGottenMedal00":true,"IsGottenMedal01":true,"IsGottenMedal02":true,"IsGottenTriple":true,"HighScore":3425,"HighScoreEx":0,"IsShowedEx":true},{"IsPlayed":true,"IsPlayedEx":true,"IsCleared":true,"IsClearedEx":true,"IsGottenMedal00":true,"IsGottenMedal01":true,"IsGottenMedal02":true,"IsGottenTriple":true,"HighScore":4370,"HighScoreEx":0,"IsShowedEx":true},{"IsPlayed":true,"IsPlayedEx":true,"IsCleared":true,"IsClearedEx":true,"IsGottenMedal00":true,"IsGottenMedal01":true,"IsGottenMedal02":true,"IsGottenTriple":true,"HighScore":3100,"HighScoreEx":0,"IsShowedEx":true},{"IsPlayed":true,"IsPlayedEx":true,"IsCleared":true,"IsClearedEx":true,"IsGottenMedal00":true,"IsGottenMedal01":true,"IsGottenMedal02":true,"IsGottenTriple":true,"HighScore":3820,"HighScoreEx":0,"IsShowedEx":true},{"IsPlayed":true,"IsPlayedEx":true,"IsCleared":true,"IsClearedEx":true,"IsGottenMedal00":true,"IsGottenMedal01":true,"IsGottenMedal02":true,"IsGottenTriple":true,"HighScore":2730,"HighScoreEx":0,"IsShowedEx":true},{"IsPlayed":true,"IsPlayedEx":true,"IsCleared":true,"IsClearedEx":true,"IsGottenMedal00":true,"IsGottenMedal01":true,"IsGottenMedal02":true,"IsGottenTriple":true,"HighScore":3730,"HighScoreEx":0,"IsShowedEx":true},{"IsPlayed":true,"IsPlayedEx":true,"IsCleared":true,"IsClearedEx":true,"IsGottenMedal00":true,"IsGottenMedal01":true,"IsGottenMedal02":true,"IsGottenTriple":true,"HighScore":4100,"HighScoreEx":0,"IsShowedEx":true}],"_treasureIslandData":{"IsPlayed":true,"IsCleared":true,"IsGottenMedal00":true,"IsGottenMedal01":true,"IsGottenMedal02":true,"IsGottenMedal03":true,"IsGottenMedal04":true,"IsGottenMedal05":true,"IsGottenMedal06":true,"HighScore":0},"_isPageOpen":[true,true,true,true,true,true,true,true,true,true],"_medalCount":87,"_tripleMedaledCount":24},"_achievement":{"_achievedDataArray":[{"AchievementKind":0,"IsAchieved":true,"IsChecked":true},{"AchievementKind":1,"IsAchieved":true,"IsChecked":true},{"AchievementKind":2,"IsAchieved":true,"IsChecked":true},{"AchievementKind":3,"IsAchieved":true,"IsChecked":true},{"AchievementKind":4,"IsAchieved":true,"IsChecked":true},{"AchievementKind":5,"IsAchieved":true,"IsChecked":true},{"AchievementKind":6,"IsAchieved":true,"IsChecked":true},{"AchievementKind":7,"IsAchieved":true,"IsChecked":true},{"AchievementKind":8,"IsAchieved":true,"IsChecked":true},{"AchievementKind":9,"IsAchieved":true,"IsChecked":true},{"AchievementKind":10,"IsAchieved":true,"IsChecked":true},{"AchievementKind":11,"IsAchieved":true,"IsChecked":true},{"AchievementKind":12,"IsAchieved":true,"IsChecked":true},{"AchievementKind":13,"IsAchieved":true,"IsChecked":true},{"AchievementKind":14,"IsAchieved":true,"IsChecked":true},{"AchievementKind":15,"IsAchieved":true,"IsChecked":true},{"AchievementKind":16,"IsAchieved":true,"IsChecked":true},{"AchievementKind":17,"IsAchieved":true,"IsChecked":true},{"AchievementKind":18,"IsAchieved":true,"IsChecked":true},{"AchievementKind":19,"IsAchieved":true,"IsChecked":true},{"AchievementKind":20,"IsAchieved":true,"IsChecked":true},{"AchievementKind":21,"IsAchieved":true,"IsChecked":true},{"AchievementKind":22,"IsAchieved":true,"IsChecked":true},{"AchievementKind":23,"IsAchieved":true,"IsChecked":true},{"AchievementKind":24,"IsAchieved":true,"IsChecked":true},{"AchievementKind":25,"IsAchieved":true,"IsChecked":true},{"AchievementKind":26,"IsAchieved":true,"IsChecked":true},{"AchievementKind":27,"IsAchieved":true,"IsChecked":true},{"AchievementKind":28,"IsAchieved":true,"IsChecked":true},{"AchievementKind":29,"IsAchieved":true,"IsChecked":true},{"AchievementKind":30,"IsAchieved":true,"IsChecked":true},{"AchievementKind":31,"IsAchieved":true,"IsChecked":true},{"AchievementKind":32,"IsAchieved":true,"IsChecked":true},{"AchievementKind":33,"IsAchieved":true,"IsChecked":true},{"AchievementKind":34,"IsAchieved":true,"IsChecked":true},{"AchievementKind":35,"IsAchieved":true,"IsChecked":true},{"AchievementKind":36,"IsAchieved":true,"IsChecked":true},{"AchievementKind":37,"IsAchieved":true,"IsChecked":true},{"AchievementKind":38,"IsAchieved":true,"IsChecked":true},{"AchievementKind":39,"IsAchieved":true,"IsChecked":true},{"AchievementKind":40,"IsAchieved":true,"IsChecked":true},{"AchievementKind":41,"IsAchieved":true,"IsChecked":true},{"AchievementKind":42,"IsAchieved":true,"IsChecked":true},{"AchievementKind":43,"IsAchieved":true,"IsChecked":true},{"AchievementKind":44,"IsAchieved":true,"IsChecked":true},{"AchievementKind":45,"IsAchieved":true,"IsChecked":true},{"AchievementKind":46,"IsAchieved":true,"IsChecked":true},{"AchievementKind":47,"IsAchieved":true,"IsChecked":true}],"_isLateAchievedWorkOnEarth":true,"_isLateAchievedEarthSaver":true,"_isLateAchievedMacadamiaNuts":true}}}