{"/ui/common/config/btn_sound.ui":{"rootdata":{"2":"Sound"}},"/ui/common/config/btn_reset.ui":{"rootdata":{"2":"Reset"}},"/ui/common/title/btn_continue.ui":{"rootdata":{"0":"Continue"}},"/ui/common/ui/btn_exit.ui":{"rootdata":{"2":"Exit"}},"character":{"female_student":"Female student","sakura_mother":"Takuma's mother","instructions":"Manual","male_student_B":"Male student B","press_B":"Press B","female_student_3C":"Female student C","accompanying_teacher":"Accompanying teacher","press_A":"Press A","monster":"Monster","policeman_B":"Police B","woman":"Female","kindergarten_child_A":"Kindergartner A","male_student":"Male student","aika_daughter":"Sanae's daughter","female_student_A":"Female student A","voice":"Voice","sanae":"Sanae","rabbit":"Rabbit","sanae_daughter":"Sanae's daughter","takuma_mother":"Takuma's mother","paramedics_A":"Paramedic A","broadcast":"Broadcast","_____":"_____","kindergarten_child_D":"Kindergartner D","male_student_A":"Male student A","policeman_A":"Police A","kouya":"Kouya","man":"Man","dobazaki":"Dobazaki","kindergarten_child_B":"Kindergartner B","takuma":"Takuma","police_voice":"Police sound","kindergarten_child_C":"Kindergartner C","teacher":"Homeroom teacher","press_C":"Press C","sanae_husband":"Sanae's husband","shiho":"Shiho","unknown":"?","teacher_mob":"teacher (classroom)","female_student_C":"Female student C","partner":"Buddy","aki":"Aki","staff":"Clerk","female_student_B":"Female student B"},"/ui/720p/extra/cgpage.ui":{"rootdata":{"0":{"0":"CG"}}},"scene":{"3":{"hidden":"Common route","name":"Decisive Moment"},"4":{"hidden":"Shiho route","name":"I want to help Shiho-san."},"10":{"hidden":"Sanae route","name":"Farewell to a close friend"},"8":{"hidden":"Sanae route","name":"I want to meet Mr. Sanae."},"6":{"hidden":"Shiho route","name":"Date with Shiho"},"12":{"hidden":"Aki route","name":"Confronting the Repair"},"15":{"hidden":"Aki route","name":"Become a teacher and get hitched"},"18":{"hidden":"Aki route END","name":"Aki route END"},"0":{"hidden":"Common route","name":"I've loved older people since I was a kid"},"5":{"hidden":"Shiho route","name":"Actions to collect evidence"},"17":{"hidden":"Sanae route END","name":"Sanae route END"},"9":{"hidden":"Sanae route","name":"Relationship with Sanae"},"2":{"hidden":"Common route","name":"Friend's mother"},"7":{"hidden":"Shiho route","name":"When making the final revelation"},"11":{"hidden":"Sanae route","name":"Conclusion"},"14":{"hidden":"Aki route","name":"Date at the end of remedial classes"},"1":{"hidden":"Common route","name":"School Teachers"},"13":{"hidden":"Aki route","name":"To be united with Dr. Tokieda"},"16":{"hidden":"Shiho route END","name":"Shiho route END"}},"/ui/common/extra/btn_thumbnail.ui":{"rootdata":{"0":{"1":"NoData"}}},"/ui/720p/extra/soundpage.ui":{"rootdata":{"0":{"0":"Sound"}}},"/img/720p/bg/ED04_a.ui":{"rootdata":{"0":{"1":"Original Drawing Character Design","2":"NiONiO","3":"Samecan"}}},"/ui/720p/language/language.ui":{"rootdata":{"1":{"1":"Language"}}},"/ui/common/extra/btn_scene.ui":{"rootdata":{"2":"Scene"}},"/ui/720p/talk/log.ui":{"rootdata":{"0":{"1":"BackLog"}}},"/img/720p/bg/ED00_a.ui":{"rootdata":{"0":{"1":"Inca rose","2":"\"The lewd and lascivious ward.\"","3":"Draft"}}},"/ui/common/title/btn_config.ui":{"rootdata":{"0":"Config"}},"/img/720p/bg/ED01_a.ui":{"rootdata":{"0":{"3":"Miyauchi Sanae\uff1aKamitsu","4":"Aki Tokie\uff1aTsukinaga Rito","1":"Cast","2":"Shiho Iizuka\uff1aSaya Nonomura"}}},"/ui/common/config/btn_system.ui":{"rootdata":{"2":"System"}},"/img/720p/bg/ED05_a.ui":{"rootdata":{"0":{"1":"Sound","2":"Stray"}}},"/ui/common/extra/btn_cg.ui":{"rootdata":{"2":"CG"}},"/ui/common/title/btn_language.ui":{"rootdata":{"0":"Language"}},"/ui/common/extra/achieve.ui":{"rootdata":{"0":{"1":"Achievement"}}},"/ui/common/ui/btn_back.ui":{"rootdata":{"2":"Back"}},"/img/720p/bg/ED08_a.ui":{"rootdata":{"0":{"1":"Fin"}}},"/ui/720p/extra/routepage.ui":{"rootdata":{"0":{"0":"Scene"}}},"/ui/common/storage/datum.ui":{"rootdata":{"3":{"1":"No Data"}}},"/ui/common/extra/btn_sound.ui":{"rootdata":{"2":"Sound"}},"/ui/common/title/btn_load.ui":{"rootdata":{"0":"Load"}},"/ui/720p/extra/scenepage.ui":{"rootdata":{"0":{"0":"Scene"}}},"/ui/common/title/btn_extra.ui":{"rootdata":{"0":"Extra"}},"/img/720p/bg/ED03_a.ui":{"rootdata":{"0":{"1":"Scenario","2":"Ghost telop","3":"Shin Ooruri"}}},"/ui/common/title/btn_start.ui":{"rootdata":{"0":"Start"}},"dict":{"title.continue.confirm.yes":"Reopen","config.10.0":"No","common.error.message.save.nospace":"Save failed due to insufficient free space.","title.continue.confirm":"Do you want to resume from a saved scene?","config.8":"Continued skipping after choices","storage.date":"Date: (date)","config.1":"BGM","title.translate.confirm.yes":"Download","common.dialog.message.title":"Would you like to return to the title screen?","common.dialog.btn.no":"Cancel","language.confirm.yes":"Change","config.10.1":"Yes","language.confirm":"Would you like to change the language used to %s?","config.10":"Color change of read text","config.7.all":"All","extra.cg.dialog.page":"%d / %d","common.dialog.message.save.yes":"Save","config.9.0":"No","common.dialog.message.exit":"Do you want to exit the game?","storage.date.none":"----/--/----:--","config.reset.confirm":"Do you want to initialize your settings?","title.translate.notallowed":"Initialize language settings due to missing required files.","config.7":"Skip mode","common.error.message.load":"Failed to load","common.dialog.message.title.yes":"Go to Title","config.9.1":"Yes","config.8.1":"Yes","title.translate.cancaled":"The download was interrupted and the language setting is initialized.","talk.quickload.confirm.yes":"Reopen","storage.title.save":"Save","language.restart":"Return to the title screen.","config.6":"Message window transparency","title.continue.nodata":"There is no save data.","config.12.1":"Window","storage.title.load":"Load","config.8.0":"No","extra.scene.confirm":"Would you like to start with this scene?","title.translate.confirm":"Download the update file needed to start the game in %s.","common.dialog.message.exit.yes":"Terminate","storage.label.none":"No data","config.5":"Auto mode speed","config.tab.system":"SYSTEM","language.error.2":"Access to the server is not allowed.","config.7.read":"Read Only","config.3":"VOICE","config.reset.confirm.yes":"Initialize","talk.quickload.confirm":"Do you want to resume from a saved scene?","common.dialog.message.load":"Do you want to load it?","talk.quicksave.message":"Saved.\nYou can resume from the current scene.","config.4":"Character display speed","common.dialog.btn.cancel":"Interruption","common.dialog.message.download":"Download","config.9":"Continuation of auto mode after choice","common.error.message.save.broken":"Data is initialized due to corruption of saved data.","config.12":"Display mode","config.tab.sound":"SOUND","language.error.1":"Server maintenance is in progress.","language.error.255":"The server is unavailable.","extra.scene.confirm.yes":"Start","config.12.0":"Full screen","common.dialog.message.load.yes":"Load","config.2":"SE","common.error.message.save":"Save failed","title.translate.failed":"Initialize language settings due to download failure.","common.dialog.message.save":"Do you want to save?","common.dialog.btn.yes":"OK"},"/img/720p/bg/ED02_a.ui":{"rootdata":{"0":{"3":"Kurumi Daifuku","4":"Ashitaba","1":"Produce","2":"Stealth"}}},"/img/720p/bg/ED07_a.ui":{"rootdata":{"0":{"1":"Program","2":"Yamano Ookami","3":"Gorilla reserve army"}}},"/ui/common/ui/btn_title.ui":{"rootdata":{"2":"Title"}},"/ui/720p/storage/storage.ui":{"rootdata":{"1":{"1":"Save"}}},"/img/720p/bg/ED06_a.ui":{"rootdata":{"0":{"5":"Yui","3":"Kawanosakitaro","4":"Kamil Kirishima","1":"Graphic","2":"Daidaigon"}}},"/ui/720p/config/config.ui":{"rootdata":{"1":{"1":"System"}}},"bgm":{"bg_pi":{"label":"First song"},"bg_h2":{"label":"Overlap"},"bg_d1":{"label":"One of the daily"},"bg_hu":{"label":"Ein Unrest"},"bg_d2":{"label":"Gentle day"},"bg_h1":{"label":"My first experience"},"bg_op":{"label":"Step one"}}}