{"key_player_profile":"{\"c2dictionary\":true,\"data\":{\"key_hint_angle\":10.0,\"key_hint_position\":10.0,\"key_hint_size\":10.0,\"key_language\":\"en\",\"key_level_completed_0\":1.0,\"key_level_completed_1\":1.0,\"key_level_completed_10\":1.0,\"key_level_completed_11\":1.0,\"key_level_completed_12\":0.0,\"key_level_completed_13\":0.0,\"key_level_completed_14\":0.0,\"key_level_completed_15\":0.0,\"key_level_completed_16\":0.0,\"key_level_completed_17\":0.0,\"key_level_completed_18\":0.0,\"key_level_completed_19\":0.0,\"key_level_completed_2\":1.0,\"key_level_completed_20\":0.0,\"key_level_completed_21\":0.0,\"key_level_completed_22\":0.0,\"key_level_completed_23\":0.0,\"key_level_completed_24\":0.0,\"key_level_completed_25\":0.0,\"key_level_completed_26\":0.0,\"key_level_completed_27\":0.0,\"key_level_completed_28\":0.0,\"key_level_completed_29\":0.0,\"key_level_completed_3\":1.0,\"key_level_completed_30\":0.0,\"key_level_completed_31\":0.0,\"key_level_completed_32\":0.0,\"key_level_completed_33\":0.0,\"key_level_completed_34\":0.0,\"key_level_completed_35\":0.0,\"key_level_completed_36\":0.0,\"key_level_completed_37\":0.0,\"key_level_completed_38\":0.0,\"key_level_completed_39\":0.0,\"key_level_completed_4\":1.0,\"key_level_completed_40\":0.0,\"key_level_completed_41\":0.0,\"key_level_completed_42\":0.0,\"key_level_completed_43\":0.0,\"key_level_completed_44\":0.0,\"key_level_completed_45\":0.0,\"key_level_completed_46\":0.0,\"key_level_completed_47\":0.0,\"key_level_completed_48\":0.0,\"key_level_completed_49\":0.0,\"key_level_completed_5\":1.0,\"key_level_completed_50\":0.0,\"key_level_completed_51\":0.0,\"key_level_completed_52\":0.0,\"key_level_completed_53\":0.0,\"key_level_completed_54\":0.0,\"key_level_completed_55\":0.0,\"key_level_completed_56\":0.0,\"key_level_completed_57\":0.0,\"key_level_completed_58\":0.0,\"key_level_completed_59\":0.0,\"key_level_completed_6\":1.0,\"key_level_completed_60\":0.0,\"key_level_completed_61\":0.0,\"key_level_completed_62\":0.0,\"key_level_completed_63\":0.0,\"key_level_completed_64\":0.0,\"key_level_completed_7\":1.0,\"key_level_completed_8\":1.0,\"key_level_completed_9\":1.0,\"key_music\":\"on\",\"key_player_angle\":90.0,\"key_player_x\":6912.0,\"key_player_y\":7936.0,\"key_sfx\":\"on\",\"key_streamer\":\"off\"}}"}