{"/ui/common/config/btn_sound.ui":{"rootdata":{"0":"Sound"}},"/ui/common/config/btn_reset.ui":{"rootdata":{"0":"Reset"}},"/ui/common/title/btn_continue.ui":{"rootdata":{"0":"Continue"}},"/ui/common/ui/btn_exit.ui":{"rootdata":{"0":"Exit"}},"character":{"therianthropy_woman":"The Beast Woman","therianthropy_A":"Beastman A","miluera":"Mirula.","soldier_A":"Soldier A.","therianthropy_youth":"Young beastman","therianthropy_girl_A":"Beastman Girl A","soldier_B":"Soldier B.","meile":"Meir","elven_chief":"Chief of the Elves","schartye":"Chartier","meile_mother":"Mother of Meir","elf_soldier":"Soldier of the Elves","harpy_C":"Harpy Tribe C","human_woman":"Human Female","therianthropy_C":"Beastmen C","fia":"Fia","office_worker":"office worker","_____":"_____","elf_woman":"Elf Woman","therianthropy_girl_B":"Beastman Girl B","harpy":"harpy","clolowlude":"Kullulu urd","therianthropy_man":"Beast man","suspicious_man":"Suspicious man","therianthropy_B":"Beastmen B","devil_woman":"A woman of the demon tribe","elf_man":"The Elf Man","kousuke":"Kosuke","harpy_A":"Harpy Tribe A","devil":"demon","unknown":"What?","elf_soldier_A":"Soldier of the Elves A","mysterious_woman":"Mystery Woman","harpy_woman":"Harpy woman","elf_soldier_B":"Soldier of the Elves B","harpy_B":"Harpy Tribe B","news_caster":"Caster"},"bgm":{"bg_mi":{"label":"New World"},"bg_si":{"label":"Overlapping Kokoro"},"bg_d1":{"label":"To a land not yet seen"},"bg_de":{"label":"Shaking Earth"},"bg_ma":{"label":"overflowing soul"},"bg_d3":{"label":"Stay"},"bg_tc":{"label":"flowing sweat"},"bg_d2":{"label":"exultant"},"bg_h1":{"label":"Take my hand."},"bg_h2":{"label":"I'm crazy about you."}},"scene":{"5":{"hidden":"05","name":"Demon king. Fia"},"3":{"hidden":"03","name":"Peace Meir"},"4":{"hidden":"04","name":"Peace Chartier"},"2":{"hidden":"02","name":"Peace Fia"},"7":{"hidden":"07","name":"Demon king. Chartier"},"8":{"hidden":"08","name":"Demon King, Kullulu Urud"},"6":{"hidden":"06","name":"Demon king. Meir"},"1":{"hidden":"01","name":"A Journey Around the World"},"0":{"hidden":"00","name":"prologue"}},"/ui/common/extra/btn_thumbnail.ui":{"rootdata":{"0":{"0":"NoData"}}},"/ui/720p/extra/soundpage.ui":{"rootdata":{"0":{"0":"Sound"}}},"/ui/common/title/btn_start.ui":{"rootdata":{"0":"Start"}},"/ui/720p/language/language.ui":{"rootdata":{"1":"Language"}},"/ui/common/extra/achieve.ui":{"rootdata":{"1":"Achievement rate"}},"/ui/720p/talk/log.ui":{"rootdata":{"1":{"1":"BackLog"}}},"/img/720p/bg/ED00_a.ui":{"rootdata":{"0":{"1":"Original idea by calcite \"Isekai Musume Hashienchu"}}},"/ui/common/title/btn_config.ui":{"rootdata":{"0":"Config"}},"/img/720p/bg/ED01_a.ui":{"rootdata":{"0":{"5":"Kullulu-Urd Abbdn Daente: Aono Musubi","6":"Miloura Koprokul: Starry Sky Dreams","3":"Meir Ellulu Coaltz: Yuka","4":"Chartier Winghur: Himari","1":"Cast","2":"Fia Augusta : Miharu Shioji"}}},"/ui/common/title/btn_extra.ui":{"rootdata":{"0":"Extra"}},"/img/720p/bg/ED04_a.ui":{"rootdata":{"0":{"1":"comprehensive production","2":"HONU"}}},"/ui/common/extra/btn_cg.ui":{"rootdata":{"2":"CG"}},"/ui/common/title/btn_language.ui":{"rootdata":{"0":"Language"}},"/img/720p/bg/ED08_a.ui":{"rootdata":{"0":{"1":"Fin"}}},"/ui/common/ui/btn_back.ui":{"rootdata":{"0":"Back"}},"/ui/common/extra/btn_sound.ui":{"rootdata":{"2":"Sound"}},"/ui/720p/extra/routepage.ui":{"rootdata":{"0":{"0":"Scene"}}},"/img/720p/bg/ED05_a.ui":{"rootdata":{"0":{"1":"Production Cooperation","2":"Cyber Step Inc."}}},"/ui/common/storage/datum.ui":{"rootdata":{"5":{"2":"No Data"}}},"/ui/720p/extra/scenepage.ui":{"rootdata":{"0":{"0":"Scene"}}},"/ui/720p/extra/cgpage.ui":{"rootdata":{"0":{"0":"CG"}}},"/ui/common/title/btn_load.ui":{"rootdata":{"0":"Load"}},"/img/720p/bg/ED03_a.ui":{"rootdata":{"0":{"5":"three-stringed Japanese zither","3":"unimportant point","4":"the seventh day of the seventh month","9":"bewilderment","2":"Gentiana scabra var. buergeri","7":"Toyosaki's alpaca","11":"blue bird","6":"Daidoji Tokitsuna","1":"Remake Staff","10":"gorilla reserve","8":"Hamano Ondaemon"}}},"/ui/720p/storage/storage.ui":{"rootdata":{"1":{"1":"Save"}}},"dict":{"title.translate.cancaled":"The download has been interrupted and the language settings will be initialized.","talk.quickload.confirm.yes":"Resume.","title.continue.confirm.yes":"Resume.","config.10.0":"local","storage.title.save":"Save","language.restart":"Return to the title screen.","config.6":"Message window transparency","title.continue.confirm":"Do you want to restart from a saved scene?","title.continue.nodata":"There is no save data.","storage.date":"Date :","common.dialog.message.save":"Do you want to save it?","config.12.1":"window","config.1":"BGM","config.8.0":"local","config.12":"Display mode","extra.scene.confirm":"Do you want to start with this scene?","title.translate.confirm.yes":"Download","common.dialog.message.title":"Do you want to return to the title screen?","common.dialog.message.exit.yes":"End.","common.dialog.btn.no":"Cancel","language.confirm.yes":"Change.","config.10.1":"be (in a state, condition, etc.)","storage.label.none":"No data","language.confirm":"Do you want to change the language used to %s?","config.10":"Change the color of already-read sentences","config.9":"Auto mode continuation after selection","common.dialog.message.save.yes":"save","config.7.all":"All","common.dialog.message.load.yes":"load","title.translate.failed":"Initialize the language settings because the download failed.","config.9.1":"be (in a state, condition, etc.)","config.tab.system":"SYSTEM","extra.cg.dialog.page":"%d / %d","language.error.2":"You are not allowed to access the server.","config.5":"Auto mode speed","common.dialog.message.title.yes":"To the title.","config.7.read":"Read only","storage.title.load":"Load","config.9.0":"local","config.reset.confirm.yes":"Initialize.","talk.quickload.confirm":"Do you want to restart from a saved scene?","config.tab.sound":"SOUND","storage.date.none":"----/--/-- --:--","config.4":"character display speed","common.dialog.btn.cancel":"interruption","common.dialog.message.download":"I am downloading it.","title.translate.notallowed":"Initialize the language settings because the required files are missing.","common.dialog.message.load":"Do you want to load it?","language.error.255":"The server is unavailable.","common.dialog.btn.yes":"OK.","config.7":"skip mode","config.reset.confirm":"Do you want to initialize the settings?","language.error.1":"The server is under maintenance.","config.3":"VOICE","extra.scene.confirm.yes":"Initiate.","common.dialog.message.exit":"Do you want to quit the game?","config.12.0":"full screen (video release of widescreen movie resized for 4:3 image display)","config.2":"SE","config.8.1":"be (in a state, condition, etc.)","title.translate.confirm":"Download the update file needed to start the game at %s.","talk.quicksave.message":"You have saved the game.\nYou can resume from the current scene.","config.8":"Skip continuation after choice"},"/img/720p/bg/ED02_a.ui":{"rootdata":{"0":{"1":"Produce","2":"trisen","3":"dandelion (esp. species Taraxacum platycarpum)"}}},"/img/720p/bg/ED07_a.ui":{"rootdata":{"0":{"1":"Fin"}}},"/ui/common/ui/btn_title.ui":{"rootdata":{"0":"Title"}},"/ui/common/config/btn_system.ui":{"rootdata":{"0":"System"}},"/img/720p/bg/ED06_a.ui":{"rootdata":{"0":{"1":"production","2":"Ride On Works, Inc."}}},"/ui/720p/config/config.ui":{"rootdata":{"1":{"1":"System"}}},"/ui/common/extra/btn_scene.ui":{"rootdata":{"2":"Scene"}}}