{"/ui/common/config/btn_sound.ui":{"rootdata":{"2":"sound"}},"/ui/common/config/btn_reset.ui":{"rootdata":{"2":"Reset"}},"/ui/common/title/btn_continue.ui":{"rootdata":{"0":"Continue"}},"/ui/common/ui/btn_exit.ui":{"rootdata":{"2":"Exit"}},"character":{"female_student_A":"Female Student A","male_student_B":"Male Student B","female_student_B":"Female Student B","_____":"_____","female_student_3":"Female Student 3","male_student_A":"Male Student A","takuma":"Takuma","female_student_1":"Female student 1","female_customer":"Female customer","male_student_2":"Male student 2","monono":"Monono ","miku":"Miku","female_student_2":"Female student 2","unknown":"?","male_student_C":"Male Student C","kozue":"Kozue","male_student_1":"Male student 1","female_student":"Female student","male_student":"Male student","sakura":"Sakura "},"bgm":{"bg_h2":{"label":"Do you want to do it?"},"bg_d1":{"label":"overflowing light"},"bg_co":{"label":"CanKick"},"bg_to":{"label":"Fight!"},"bg_as":{"label":"morass of mud"},"bg_pi":{"label":"something very rare "},"bg_sl":{"label":"My step"},"bg_h1":{"label":"CutePosition"},"bg_sc":{"label":"infrastructure"}},"scene":{"25":{"hidden":"end of the Kozue","name":"Kozue reality END"},"3":{"hidden":"Sakura Victory Route","name":"Sakura turned into ideals."},"4":{"hidden":"Sakura Victory Route","name":"Sakura have turned into ideals, so here we go."},"10":{"hidden":"The defeat route of the Monono","name":"blockhead"},"22":{"hidden":"the end of Monono","name":"The Reality of Monono END"},"27":{"hidden":"harem route","name":"Approach to four people"},"8":{"hidden":"Miku Victory Route","name":"leading position"},"6":{"hidden":"Miku Defeat Route","name":"Acceleration of senior hobbies"},"12":{"hidden":"The winning route of Monono","name":"I want to be the perfect man."},"15":{"hidden":"Kozue victory route","name":"Sexy teacher"},"18":{"hidden":"Sakura ending","name":"Sakura Neutral END"},"21":{"hidden":"Miku END","name":"miku Neutral END"},"0":{"hidden":"Programming in Logic","name":"The beginning of a page of youth?"},"5":{"hidden":"sakura Victory Route","name":"I want to be Sakura's ideal childhood friend."},"17":{"hidden":"Sakura ending","name":"Sakura ideal END"},"23":{"hidden":"the end of Monono","name":"ideal end of Monono"},"24":{"hidden":"the end of Monono","name":"The Neutral End of Monono"},"9":{"hidden":"Miku Victory Route","name":"We got what we both wanted."},"2":{"hidden":"Sakura Defeat Route","name":"A little different from my ideal childhood friend."},"7":{"hidden":"Miku Victory Route","name":"Ideal cool beauty"},"28":{"hidden":"Harlem END","name":"Harlem END"},"14":{"hidden":"Kozue Defeat Route","name":"Her submissive man."},"26":{"hidden":"end of the Kozue","name":"Kozue Ideal END"},"11":{"hidden":"The winning route of Monono","name":"Cute junior"},"20":{"hidden":"Miku END","name":"Miku Ideal END"},"1":{"hidden":"Start of battle","name":"Which is dyed to the other's ideals."},"13":{"hidden":"The winning route of Monono","name":"I want to be the boyfriend you want me to be."},"16":{"hidden":"Sakura ending","name":"Sakura reality END"},"19":{"hidden":"Miku END","name":"Miku reality END"}},"/ui/common/extra/btn_thumbnail.ui":{"rootdata":{"0":{"1":"NoData"}}},"/ui/720p/extra/soundpage.ui":{"rootdata":{"0":{"0":"sound"}}},"/ui/common/title/btn_start.ui":{"rootdata":{"0":"Start"}},"/ui/720p/language/language.ui":{"rootdata":{"1":{"1":"Language"}}},"/ui/common/extra/btn_scene.ui":{"rootdata":{"2":"scene"}},"/ui/720p/talk/log.ui":{"rootdata":{"0":{"1":"BackLog"}}},"/img/720p/bg/ED00_a.ui":{"rootdata":{"0":{"1":"Momoiro Pocket","2":"Custom cute -Me and my girlfriend's training battle! ~\"","3":"draft"}}},"/ui/common/title/btn_config.ui":{"rootdata":{"0":"Config"}},"/img/720p/bg/ED01_a.ui":{"rootdata":{"0":{"5":"Kozue Kadowaki : Chiho Kayanuma","3":"Miku Subo : Iori Nemea","4":"Monono Kosaka : Chinatsu Ayamori","1":"cast","2":"Iiogashi Sakura : Yuzuboe Shibata"}}},"/img/720p/bg/ED08_a.ui":{"rootdata":{"0":{"1":"Fin."}}},"/img/720p/bg/ED04_a.ui":{"rootdata":{"0":{"1":"Original Drawing Character Design","2":"snowscape"}}},"/ui/common/extra/btn_cg.ui":{"rootdata":{"2":"CG"}},"/ui/common/title/btn_language.ui":{"rootdata":{"0":"Language"}},"/ui/common/extra/achieve.ui":{"rootdata":{"0":{"1":"rate of achievement"}}},"/ui/common/ui/btn_back.ui":{"rootdata":{"2":"Back"}},"/ui/common/title/btn_extra.ui":{"rootdata":{"0":"Extra"}},"/ui/720p/extra/routepage.ui":{"rootdata":{"0":{"0":"scene"}}},"/img/720p/bg/ED05_a.ui":{"rootdata":{"0":{"1":"sound","2":"stray "}}},"/ui/common/extra/btn_sound.ui":{"rootdata":{"2":"sound"}},"/ui/720p/extra/scenepage.ui":{"rootdata":{"0":{"0":"scene"}}},"/ui/720p/storage/storage.ui":{"rootdata":{"1":{"1":"Save"}}},"/ui/common/title/btn_load.ui":{"rootdata":{"0":"Load"}},"/img/720p/bg/ED03_a.ui":{"rootdata":{"0":{"1":"scenario","2":"serpentine","3":"Birds of Paradise"}}},"/ui/720p/extra/cgpage.ui":{"rootdata":{"0":{"0":"CG"}}},"dict":{"title.translate.cancaled":"The download was interrupted and the language settings are initialized.","talk.quickload.confirm.yes":"Reopen.","title.continue.confirm.yes":"Reopen.","config.10.0":"local","storage.title.save":"Save","language.restart":"Return to the title screen.","config.6":"message window transparency","title.continue.confirm":"Do you want to resume from a saved scene?","title.continue.nodata":"There is no save data.","config.7.read":"Read Only","storage.date":"Date :","config.12.1":"window","config.1":"BGM","config.8.0":"local","config.9":"Continuation of auto mode after choice","extra.scene.confirm":"Would you like to start with this scene?","title.translate.confirm.yes":"Download","title.translate.confirm":"Download the update file needed to start the game in %s.","common.dialog.message.exit.yes":"Terminate","common.dialog.btn.no":"cancel","language.confirm.yes":"Change","config.10.1":"be just about to","storage.label.none":"No data","language.confirm":"Do you want to change the language you use to %s?","config.5":"Auto mode speed","common.dialog.message.title.yes":"Go to Title.","config.9.1":"be just about to","config.7.all":"all","config.reset.confirm":"Do you want to initialize your settings?","common.dialog.message.save.yes":"curbing (e.g. a file)","storage.date.none":"----/--/----:--","config.tab.system":"SYSTEM","extra.cg.dialog.page":"%d / %d","language.error.2":"Access to the server is not allowed.","storage.title.load":"Load","common.dialog.message.load.yes":"load","title.translate.failed":"Initialize language settings due to download failure.","common.dialog.message.save":"Do you want to save?","config.3":"VOICE","config.reset.confirm.yes":"Initialize","talk.quickload.confirm":"Do you want to resume from a saved scene?","config.tab.sound":"SOUND","talk.quicksave.message":"Saved.\nYou can resume from the current scene.","config.4":"character display speed","common.dialog.btn.cancel":"interruption","common.dialog.message.download":"Download.","title.translate.notallowed":"Initialize language settings due to missing required files.","common.dialog.message.title":"Would you like to return to the title screen?","common.dialog.message.load":"Do you want to load it?","language.error.255":"The server is unavailable.","config.12":"display mode","common.dialog.btn.yes":"OK","language.error.1":"Server maintenance is in progress.","config.7":"skip mode","extra.scene.confirm.yes":"Start","config.10":"Color change of read text","config.12.0":"full screen (video release of widescreen movie)","config.2":"SE","config.8.1":"be just about to","common.dialog.message.exit":"Do you want to exit the game?","config.8":"Continued skipping after choices","config.9.0":"local"},"/img/720p/bg/ED02_a.ui":{"rootdata":{"0":{"3":"Kuromameinari","4":"I'm sorry","1":"produce","2":"tea bean"}}},"/img/720p/bg/ED07_a.ui":{"rootdata":{"0":{"1":"Program","2":"Michinoku Spider","3":"gorilla reserve army"}}},"/ui/common/ui/btn_title.ui":{"rootdata":{"2":"Title"}},"/ui/common/config/btn_system.ui":{"rootdata":{"2":"System"}},"/img/720p/bg/ED06_a.ui":{"rootdata":{"0":{"5":"evening assembly ","3":"Nakamura Spam","4":"Hiro Nanami","1":"graphic","2":"Ba-ryu Tai-ni-an"}}},"/ui/720p/config/config.ui":{"rootdata":{"1":{"1":"System"}}},"/ui/common/storage/datum.ui":{"rootdata":{"3":{"1":"No Data"}}}}