{"/ui/common/title/btn_language-.ui":{"rootdata":{"0":"Language"}},"/ui/common/config/btn_reset.ui":{"rootdata":{"2":"Reset"}},"/ui/common/title/btn_continue-.ui":{"rootdata":{"0":"Continue"}},"/ui/common/title/btn_continue.ui":{"rootdata":{"0":"Continue"}},"/ui/common/ui/btn_exit.ui":{"rootdata":{"2":"Exit"}},"character":{"shingen":"Singen","villager_B":"Villager B","girl":"little girl","samurai":"Samurai","vassal_A":"Vassal A","_____":"_____","ninja":"Ninja","kenshin_vassal":"Kenshin's vassal","mitsuhide":"Mitsuhide","nobunaga":"Nobunaga","villager_A":"Villager A","vassal":"Vassal","soldier_A":"Soldier A","classmate_A":"Classmate A","villager":"Villager","soldier_B":"Soldier B","soldier":"Soldier","mysterious_girl":"Mystery Girl","ranmaru":"Ranmaru","villager_C":"Villager C","unknown":"?","vassal_B":"Vassal B","keitarou":"Keitaro","mitsuhide_vassal":"Mitsuhide's vassal","kenshin":"Kenshin","nobunaga_vassal":"Nobunaga's vassal","classmate_B":"Classmate B"},"/ui/720p/extra/cgpage.ui":{"rootdata":{"0":{"0":"CG"}}},"scene":{"5":{"hidden":"?????","name":"Even though you know it's a betrayal."},"3":{"hidden":"?????","name":"Oda Nobunaga under the heaven"},"4":{"hidden":"?????","name":"We are similar in that we are attracted to each other"},"9":{"hidden":"?????","name":"Living in a World of Warfare"},"2":{"hidden":"?????","name":"Battle of Okehazama"},"7":{"hidden":"?????","name":"Loyalty put to the test"},"8":{"hidden":"?????","name":"To see each other again."},"6":{"hidden":"?????","name":"Loyalty to Lord Shingen."},"12":{"hidden":"?????","name":"With you, even in hardship."},"10":{"hidden":"?????","name":"strong determination"},"1":{"hidden":"?????","name":"Loyalty to Nobunaga-sama"},"13":{"hidden":"?????","name":"Reunion across time"},"11":{"hidden":"?????","name":"Nothing to be afraid of."},"0":{"hidden":"?????","name":"He who wears the garb of foreign lands"}},"/ui/common/extra/btn_thumbnail.ui":{"rootdata":{"0":{"1":"NoData"}}},"/ui/720p/extra/soundpage.ui":{"rootdata":{"0":{"0":"Sound"}}},"/ui/common/title/btn_start.ui":{"rootdata":{"0":"Start"}},"/ui/720p/language/language.ui":{"rootdata":{"1":{"1":"Language"}}},"/ui/common/extra/btn_scene.ui":{"rootdata":{"2":"Scene"}},"/ui/720p/talk/log.ui":{"rootdata":{"0":{"1":"BackLog"}}},"/ui/common/title/btn_load-.ui":{"rootdata":{"0":"Load"}},"/img/720p/bg/ED08_a.ui":{"rootdata":{"0":{"1":"Fin"}}},"/img/720p/bg/ED00_a.ui":{"rootdata":{"0":{"1":"Original","2":"Momoiro Pocket","3":"I want to impregnate the princess warlord!\""}}},"/ui/common/title/btn_extra-.ui":{"rootdata":{"0":"Extra"}},"/img/720p/bg/ED04_a.ui":{"rootdata":{"0":{"1":"Original Drawing Character Design","2":"Ginskai"}}},"/ui/common/config/btn_system.ui":{"rootdata":{"2":"System"}},"/ui/common/title/btn_config.ui":{"rootdata":{"0":"Config"}},"/img/720p/bg/ED01_a.ui":{"rootdata":{"0":{"5":"Mitsuhide Akechi: Bodhisattva Nomeme","6":"Ranmaru Mori: Kozu Fuyumine","3":"Shingen Takeda: Yuyu Yono","4":"Kenshin Uesugi: Beni Ishihara","1":"Cast","2":"Nobunaga Oda: Tarto Sakurano"}}},"/ui/720p/extra/scenepage.ui":{"rootdata":{"0":{"0":"Scene"}}},"/img/720p/bg/ED05_a.ui":{"rootdata":{"0":{"1":"Sound","2":"Mei"}}},"/ui/common/extra/btn_cg.ui":{"rootdata":{"2":"CG"}},"/ui/common/title/btn_language.ui":{"rootdata":{"0":"Language"}},"/ui/common/title/btn_start-.ui":{"rootdata":{"0":"Start"}},"/ui/common/ui/btn_back.ui":{"rootdata":{"2":"Back"}},"/ui/common/extra/achieve.ui":{"rootdata":{"0":{"1":"Achievement Rate"}}},"/ui/720p/extra/routepage.ui":{"rootdata":{"0":{"0":"Scene"}}},"dict":{"title.translate.cancaled":"The download has been interrupted and the language settings will be initialized.","talk.quickload.confirm.yes":"Resume","title.continue.confirm.yes":"Resume","config.10.0":"No","storage.title.save":"Save","language.restart":"Return to the title screen.","config.6":"Message Window Transparency","title.continue.confirm":"Do you want to restart from a saved scene?","title.continue.nodata":"There is no saved data.","config.9":"Auto-mode continuation after choice","common.dialog.message.load.yes":"Load","config.12.1":"Window","config.1":"Background Music","config.8.0":"No","storage.date":"Date:","extra.scene.confirm":"Do you want to start with this scene?","title.translate.confirm.yes":"Download","title.translate.confirm":"Download the update files needed to start the game at %s.","common.dialog.message.exit.yes":"Exit","common.dialog.btn.no":"Cancel","language.confirm.yes":"Change","config.10.1":"Yes","storage.label.none":"No Data","language.confirm":"Do you want to change the language you use to %s?","config.5":"Auto-mode Speed","config.7.read":"Read Only","common.dialog.message.save.yes":"Save","config.7.all":"All","config.12":"Display Mode","common.dialog.message.save":"Do you want to save the game?","common.dialog.message.title":"Do you want to return to the Title Screen?","config.tab.system":"SYSTEM","extra.cg.dialog.page":"%d / %d","language.error.2":"You are not allowed to access the server.","common.dialog.message.title.yes":"To the Title Screen","config.10":"Change the color of previously read text","title.translate.failed":"Initialize the language settings because the download failed.","config.9.1":"Yes","config.9.0":"No","config.reset.confirm.yes":"Initialize","talk.quickload.confirm":"Do you want to restart from a saved scene?","config.tab.sound":"SOUND","storage.date.none":"----/--/-- --:--","config.4":"Character Display Speed","common.dialog.btn.cancel":"Pause","common.dialog.message.download":"Downloading","title.translate.notallowed":"Initialize the language settings because the required files are missing.","common.dialog.message.load":"Do you want to load the game?","language.error.255":"The server is unavailable.","common.dialog.btn.yes":"OK","config.7":"Skip Mode","config.reset.confirm":"Do you want to initialize the settings?","language.error.1":"The server is under maintenance.","common.dialog.message.exit":"Do you want to quit the game?","extra.scene.confirm.yes":"Initiate","storage.title.load":"Load","config.12.0":"Full Screen","config.2":"SE","config.8.1":"Yes","config.3":"VOICE","config.8":"Skip continuation after choice","talk.quicksave.message":"You have saved the game.\nYou can resume from the current scene."},"/ui/common/storage/datum.ui":{"rootdata":{"3":{"1":"No Data"}}},"bgm":{"bg_07":{"label":"decisive game"},"bg_op":{"label":"flowing"},"bg_06":{"label":"departure for the front"},"bg_03":{"label":"pleasant"},"bg_09":{"label":"The warmth of soft skin"},"bg_02":{"label":"Quiet air"},"bg_10":{"label":"homecoming"},"bg_08":{"label":"an inch ahead"},"bg_05":{"label":"peacefully"},"bg_04":{"label":"a touch of uneasiness"}},"/ui/common/title/btn_config-.ui":{"rootdata":{"0":"Config"}},"/ui/common/title/btn_extra.ui":{"rootdata":{"0":"Extra"}},"/img/720p/bg/ED03_a.ui":{"rootdata":{"0":{"1":"scenario","2":"Derodero","3":"Saiten no tori"}}},"/ui/common/config/btn_sound.ui":{"rootdata":{"2":"Sound"}},"/ui/common/extra/btn_sound.ui":{"rootdata":{"2":"Sound"}},"/img/720p/bg/ED02_a.ui":{"rootdata":{"0":{"3":"KuromameInari","4":"Kiarili","1":"Produce","2":"Chabukumame"}}},"/img/720p/bg/ED07_a.ui":{"rootdata":{"0":{"1":"Program","2":"Michinokumo","3":"GorillaYobigun"}}},"/ui/common/ui/btn_title.ui":{"rootdata":{"2":"Title"}},"/ui/720p/storage/storage.ui":{"rootdata":{"1":{"1":"Save"}}},"/img/720p/bg/ED06_a.ui":{"rootdata":{"0":{"5":"Yui","3":"Nakamura Spam","4":"Hiro Nanami","1":"Graphic","2":"Barutanian"}}},"/ui/720p/config/config.ui":{"rootdata":{"1":{"1":"System"}}},"/ui/common/title/btn_load.ui":{"rootdata":{"0":"Load"}}}