﻿<?xml version="1.0" encoding="utf-8"?>
<GameSettings xmlns:xsi="http://www.w3.org/2001/XMLSchema-instance" xmlns:xsd="http://www.w3.org/2001/XMLSchema">
  <resolution>
    <width>3840</width>
    <height>2160</height>
    <refreshRate>60</refreshRate>
  </resolution>
  <fullscreen>true</fullscreen>
  <qualityLevelMacro>5</qualityLevelMacro>
  <antialiasing>5</antialiasing>
  <vsync>true</vsync>
  <fieldOfView>60</fieldOfView>
  <shadowDistance>335</shadowDistance>
  <textureQuality>0</textureQuality>
  <shadowDetail>0</shadowDetail>
  <rearView>true</rearView>
  <masterVolume>1</masterVolume>
  <musicVolume>1</musicVolume>
  <sfxVolume>0.82</sfxVolume>
  <voiceOverVolume>0.87</voiceOverVolume>
  <lastLoadedProfile>0</lastLoadedProfile>
  <useSecondaryLinuxGamepadMapping>false</useSecondaryLinuxGamepadMapping>
  <resetBindings3>true</resetBindings3>
</GameSettings>