{"/ui/common/config/btn_sound.ui":{"rootdata":{"2":"\u58f0\u97f3"}},"/ui/common/config/btn_reset.ui":{"rootdata":{"2":"\u590d\u4f4d"}},"/ui/common/title/btn_continue.ui":{"rootdata":{"0":"\u7ee7\u7eed"}},"/ui/common/ui/btn_exit.ui":{"rootdata":{"2":"\u9000\u51fa"}},"character":{"gargoyle":"\u77f3\u50cf\u9b3c","treant":"\u6811\u4eba","renzi_to_clara":"\u5e93\u62c9\u62c9\uff08Renji\uff09\u3002","therianthropy_A":"\u517d\u65cf\u4ebaA.","demon":"\u98df\u4eba\u9b54","warrior":"\u6218\u58eb","wizard":"\u5deb\u5e08","lizardman":"lizardman","soldier_A":"\u58eb\u5175A","goblins_B":"\u5996\u7cbeB","ghost":"\u5e7d\u7075","Chancellor":"\u603b\u7406","devils_daughter":"\u5996\u738b\u7684\u5973\u513f\uff1f","renzi_to_dorothy":"\u591a\u841d\u897f(Renji)\u3002","soldier_B":"\u58eb\u5175B","demon_B":"\u5047\u540d\u97f3\u8282\u7684 \"B \"\u5217\u6216\u884c","king":"\u5927\u738b","adventurer_A":"\u5192\u9669\u5bb6A","clara":"\u8d2a\u5a6a\u3001\u4ec7\u6068\u548c\u5984\u60f3\u7b49\u6c61\u67d3\u6027\u601d\u60f3\uff0c\u5bfc\u81f4\u75db\u82e6\u3002","devil":"\u9b54\u9b3c\u738b","clara_mother":"\u514b\u62c9\u62c9\u7684\u6bcd\u4eb2","soldier":"\u58eb\u5175","kobold_A":"\u79d1\u535a\u5fb7A.","orc_A":"\u6a61\u6811A\u3002","monk":"\u548c\u5c1a","dragonewt_B":"\u9f99\u6587B.","therianthropy_C":"\u91ce\u517dC.","satsuki":"\u8896\u73cd\u675c\u9e43\u82b1","citizen_B":"\u516c\u6c11B\u3002","clara_father":"\u514b\u62c9\u62c9\u7684\u7236\u4eb2","orc_B":"\u6a61\u6811B","orc":"\u6a61\u6728","renzi_to_satsuki":"\u6a31\u6728\uff08Renji\uff09\u3002","citizen_A":"\u516c\u6c11A.","goblins":"\u5c0f\u5996\u7cbe","_____":"_____","adventurer_B":"\u5192\u9669\u5bb6B","renzi":"\u83b2\u85d5\u830e","demon_girl":"\u5996\u602a\u7684\u5973\u513f","harry":"\u54c8\u5229\u3002","renzi_to_janice":"\u73cd\u59ae\u4e1d\uff08Renji\uff09\u3002","man":"\u7537\u4eba","kobold":"\u5c0f\u5996\u7cbe","goblins_A":"\u5996\u7cbeA","dragonewt_A":"\u9f99\u4ebaA","therianthropy_B":"\u517d\u65cf\u4ebaB.","kobold_B":"\u79d1\u535a\u5fb7B.","janice":"\u73cd\u59ae\u4e1d\u3002","demon_A":"\u98df\u4eba\u9b54A","swordfighter":"\u5251\u5ba2","dullahan":"\u675c\u62c9\u6c49\u3002","unknown":"?","asha":"\u963f\u6c99\u3002","Shopkeeper":"\u5e97\u4e3b","salesperson":"\u4e66\u8bb0\u5458","renzi_to_asha":"\u963f\u838e\uff08Renji\uff09\u3002","dorothy":"\u6843\u4e50\u4e1d\u3002","rudolf":"\u9c81\u9053\u592b\u3002"},"bgm":{"04":{"label":"\u4e66"},"09":{"label":"\u9003\u9038\u7684\u6c14\u606f"},"10":{"label":"\u53d8\u9769\u7684\u7231\u629a"},"08":{"label":"\u67d4\u60c5\u871c\u610f"},"02":{"label":"\u8ff7\u5bab"},"07":{"label":"\u6c89\u9ed8\u7684\u68ee\u6797"},"01":{"label":"\u96fe\u53f7"},"06":{"label":"\u8e44\u5b50"},"05":{"label":"\u53ef\u4ee5\u80af\u5b9a\u7684\u662f\u3002"},"03":{"label":"\u7e41\u8363\u7684\u58f0\u97f3"}},"scene":{"3":{"hidden":"03","name":"\u8fd9\u5c31\u662f\u4f60\u4f7f\u7528\u8f6c\u5316\u7684\u65b9\u5f0f\u3002"},"4":{"hidden":"04","name":"\u5982\u4f55\u5728\u4e0d\u88ab\u53d1\u73b0\u7684\u60c5\u51b5\u4e0b\u5b9e\u73b0\u8f6c\u578b\u3002"},"10":{"hidden":"10","name":"\u8f6c\u5316\u4ecd\u7136\u662f\u6700\u5f3a\u5927\u7684\u3002"},"22":{"hidden":"END5.","name":"\u7ed3\u675f'Satsuki'\u3002"},"8":{"hidden":"08","name":"\u88ab\u6fc0\u6012\u5e76\u4e0d\u80fd\u963b\u6b62\u8f6c\u53d8\u3002"},"6":{"hidden":"06","name":"(\u5b5f\u5fb7\u5c14\u8f6c\u5316\u5b9a\u5f8b"},"12":{"hidden":"12","name":"\u53d8\u5316\u7684\u8eab\u4f53\u548c\u4fdd\u6301\u4e0d\u53d8\u7684\u8eab\u4f53\u3002"},"15":{"hidden":"15","name":"\u4f60\u7684\u8eab\u4f53\u4e3a\u4f60\u800c\u6539\u53d8\u3002"},"21":{"hidden":"END4.","name":"\u7ed3\u675f'\u963f\u6c99'\u3002"},"0":{"hidden":"00","name":"\u8f6c\u5316\"\u3002"},"5":{"hidden":"05","name":"\u5373\u4f7f\u88ab\u6539\u9020\uff0c\u52c7\u6562\u7684\u4eba\u4e5f\u4f1a\u5bb3\u6015\u3002"},"17":{"hidden":"17","name":"\u6211\u5c06\u4e3a\u4f60\u6539\u53d8\u8fd9\u4e2a\u8eab\u4f53\u548c\u4e16\u754c\u3002"},"9":{"hidden":"09","name":"\u4f60\u5c06\u7528\u81ea\u5df1\u6765\u6539\u53d8\u4ec0\u4e48\uff1f"},"2":{"hidden":"02","name":"\u6709\u6548\u5229\u7528\u8f6c\u578b"},"7":{"hidden":"07","name":"\u5947\u7279\u7684\u6c14\u8d28"},"11":{"hidden":"11","name":"\u8f6c\u53d8\u7684\u5bbd\u5ea6\u5c31\u662f\u6076\u4f5c\u5267\u7684\u5bbd\u5ea6\u3002"},"14":{"hidden":"14","name":"\u8fde\u8f6c\u53d8\u90fd\u505a\u4e0d\u5230\u7684\u4e8b\u60c5\u3002"},"18":{"hidden":"END1.","name":"\u7ed3\u675f'\u514b\u62c9\u62c9'\u3002"},"20":{"hidden":"END3.","name":"\u7ed3\u675f'Janice'\u3002"},"1":{"hidden":"01","name":"\u4f2a\u88c5\u7684\u7ebf\u7d22"},"13":{"hidden":"13","name":"\u4e0d\u65ad\u53d8\u5316\u7684\u8eab\u4f53\u5df2\u7ecf\u6539\u53d8\u4e86\u4e16\u754c\u3002"},"16":{"hidden":"16","name":"\u5947\u602a\u7684\u4f53\u8d28\uff0c\u53d8\u5316\u7684\u8eab\u4f53\u548c\u4e0d\u53d8\u7684\u601d\u60f3\u3002"},"19":{"hidden":"END2.","name":"\u7ed3\u675f'\u6843\u4e50\u4e1d'\u3002"}},"/ui/common/extra/btn_thumbnail.ui":{"rootdata":{"0":{"1":"\u62d2\u7edd\u6570\u636e"}}},"/ui/720p/extra/soundpage.ui":{"rootdata":{"0":{"0":"\u58f0\u97f3"}}},"/img/720p/bg/ED04_a.ui":{"rootdata":{"0":{"1":"\u539f\u59cb\u56fe\u7eb8 \u89d2\u8272\u8bbe\u8ba1","2":"\u6771\u96f2\u3081\u304b\u3076"}}},"/ui/720p/language/language.ui":{"rootdata":{"1":"\u8bed\u8a00"}},"/ui/common/extra/btn_scene.ui":{"rootdata":{"2":"\u7ae0"}},"/ui/720p/talk/log.ui":{"rootdata":{"0":{"1":"\u540e\u8bb0"}}},"/img/720p/bg/ED00_a.ui":{"rootdata":{"0":{"1":"\u539f\u521b\u6982\u5ff5\u65b9\u89e3\u77f3'\u5f02\u754c\u8f6c\u5316\u7684\u751f\u547d'\u3002"}}},"/ui/common/title/btn_config.ui":{"rootdata":{"0":"\u914d\u7f6e\u3002"}},"/img/720p/bg/ED01_a.ui":{"rootdata":{"0":{"5":"\u963f\u65af\u54c8-\u5361\u7f57\u745f\u65af\uff1a\u5c24\u5361\u3002","6":"\u7b71\u7b71\uff1a\u6708\u68ee\u5948\u5948\u3002","3":"\u591a\u841d\u897f-\u6c64\u68ee\uff1a\u4e1c\u90e8\u897f\u90fd\u3002","4":"\u73cd\u59ae\u4e1d-\u5c3c\u6587\uff1aHoshi Yume\u3002","1":"\u6f14\u5458\u3002","2":"\u514b\u62c9\u62c9-\u4f0a\u65af\u987f\uff1a\u590f\u91ce\u6885\u3002"}}},"/ui/common/title/btn_load.ui":{"rootdata":{"0":"\u8d1f\u8f7d"}},"/ui/common/title/btn_start.ui":{"rootdata":{"0":"\u5f00\u59cb"}},"/ui/common/extra/btn_cg.ui":{"rootdata":{"2":"CG"}},"/ui/common/title/btn_language.ui":{"rootdata":{"0":"\u8bed\u8a00"}},"/img/720p/bg/ED02_a.ui":{"rootdata":{"0":{"3":"\u30c8\u30ea\u30bb\u30f3","4":"\u84b2\u516c\u82f1","1":"\u751f\u4ea7","2":"HONU"}}},"/ui/common/ui/btn_back.ui":{"rootdata":{"2":"\u80cc\u9762"}},"/ui/common/extra/btn_sound.ui":{"rootdata":{"2":"\u58f0\u97f3"}},"/ui/720p/extra/routepage.ui":{"rootdata":{"0":{"0":"\u73b0\u573a\u3002"}}},"/ui/720p/extra/scenepage.ui":{"rootdata":{"0":{"0":"\u73b0\u573a\u3002"}}},"/ui/common/storage/datum.ui":{"rootdata":{"3":{"1":"\u65e0\u6570\u636e"}}},"/ui/common/config/btn_system.ui":{"rootdata":{"2":"\u7cfb\u7edf"}},"/ui/common/extra/achieve.ui":{"rootdata":{"1":"\u6210\u5c31\u7387"}},"/ui/common/title/btn_extra.ui":{"rootdata":{"0":"\u989d\u5916\u7684"}},"/img/720p/bg/ED03_a.ui":{"rootdata":{"0":{"1":"\u30b7\u30ca\u30ea\u30aa","2":"\u7adc\u80c6\u3000\u751f","3":"\u672a\u523b\u70b9"}}},"/ui/720p/extra/cgpage.ui":{"rootdata":{"0":{"0":"CG"}}},"/img/720p/bg/ED08_a.ui":{"rootdata":{"0":{"1":"\u7f5a\u6b3e\u3002"}}},"dict":{"title.translate.cancaled":"\u4e0b\u8f7d\u88ab\u4e2d\u65ad\u4e86\uff0c\u8bed\u8a00\u8bbe\u7f6e\u88ab\u521d\u59cb\u5316\u3002","talk.quickload.confirm.yes":"\u7b80\u5386\u3002","title.continue.confirm.yes":"\u7b80\u5386\u3002","config.10.0":"\u5f53\u5730","storage.title.save":"\u62ef\u6551","language.restart":"\u8fd4\u56de\u5230\u6807\u9898\u5c4f\u5e55\u3002","config.6":"\u4fe1\u606f\u7a97\u53e3\u7684\u900f\u660e\u5ea6","title.continue.confirm":"\u4f60\u60f3\u4ece\u5df2\u4fdd\u5b58\u7684\u573a\u666f\u4e2d\u6062\u590d\u5417\uff1f","config.8":"\u9009\u62e9\u540e\u7ee7\u7eed\u8df3\u69fd","config.9":"\u9009\u62e9\u540e\u7ee7\u7eed\u4fdd\u6301\u81ea\u52a8\u6a21\u5f0f\u3002","storage.date":"\u65e5\u671f :","config.12.1":"\u7a97\u53e3","storage.title.load":"\u8d1f\u8f7d\u3002","config.8.0":"\u5f53\u5730","title.continue.nodata":"\u6ca1\u6709\u4fdd\u5b58\u6570\u636e\u3002","extra.scene.confirm":"\u4f60\u60f3\u4ece\u8fd9\u4e2a\u573a\u666f\u5f00\u59cb\u5417\uff1f","title.translate.confirm.yes":"\u4e0b\u8f7d\u3002","title.translate.confirm":"\u4e0b\u8f7d\u542f\u52a8\u6e38\u620f\u6240\u9700\u7684\u66f4\u65b0\u6587\u4ef6\uff0c\u5728%s\u3002","common.dialog.message.exit.yes":"\u7ec8\u6b62\u3002","common.dialog.btn.no":"\u53d6\u6d88","language.confirm.yes":"\u53d8\u5316\u3002","config.10.1":"\u6b63\u8981","storage.label.none":"\u6ca1\u6709\u6570\u636e","language.confirm":"\u4f60\u60f3\u628a\u4f7f\u7528\u7684\u8bed\u8a00\u6539\u6210%s\u5417\uff1f","config.5":"\u81ea\u52a8\u6a21\u5f0f\u901f\u5ea6","config.7.read":"\u53ea\u8bfb","common.dialog.message.load.yes":"\u8d1f\u8377","config.7.all":"\u6240\u6709","common.dialog.message.title.yes":"\u8f6c\u5230\u6807\u9898\u3002","common.dialog.message.save":"\u4f60\u60f3\u4fdd\u5b58\u5417\uff1f","common.dialog.message.save.yes":"\u62ef\u6551","config.tab.system":"\u7cfb\u7edf","extra.cg.dialog.page":"%d / %d","language.error.2":"\u5bf9\u670d\u52a1\u5668\u7684\u8bbf\u95ee\u6ca1\u6709\u5f97\u5230\u6388\u6743\u3002","config.1":"BGM","common.dialog.btn.yes":"\u8ba4\u53ef","title.translate.failed":"\u7531\u4e8e\u4e0b\u8f7d\u5931\u8d25\uff0c\u521d\u59cb\u5316\u8bed\u8a00\u8bbe\u7f6e\u3002","config.reset.confirm":"\u4f60\u60f3\u521d\u59cb\u5316\u8bbe\u7f6e\u5417\uff1f","config.3":"\u55d3\u97f3","config.reset.confirm.yes":"\u521d\u59cb\u5316\u3002","talk.quickload.confirm":"\u4f60\u60f3\u4ece\u5df2\u4fdd\u5b58\u7684\u573a\u666f\u4e2d\u6062\u590d\u5417\uff1f","config.tab.sound":"\u58f0\u54cd","storage.date.none":"----/--/-- --:--","config.4":"\u5b57\u7b26\u663e\u793a\u901f\u5ea6","common.dialog.btn.cancel":"\u4e2d\u65ad","common.dialog.message.download":"\u4e0b\u8f7d\u3002","title.translate.notallowed":"\u521d\u59cb\u5316\u8bed\u8a00\u8bbe\u7f6e\uff0c\u56e0\u4e3a\u7f3a\u5c11\u6240\u9700\u6587\u4ef6\u3002","config.2":"\u01de\u01de\u01de","talk.quicksave.message":"\u5f97\u6551\u4e86\u3002\n\u4f60\u53ef\u4ee5\u4ece\u5f53\u524d\u573a\u666f\u6062\u590d\u3002","config.10":"\u9605\u8bfb\u6587\u672c\u7684\u989c\u8272\u53d8\u5316","config.7":"\u8df3\u8fc7\u6a21\u5f0f","language.error.255":"\u8be5\u670d\u52a1\u5668\u4e0d\u53ef\u7528\u3002","language.error.1":"\u670d\u52a1\u5668\u7ef4\u62a4\u6b63\u5728\u8fdb\u884c\u4e2d\u3002","config.12":"\u663e\u793a\u6a21\u5f0f","extra.scene.confirm.yes":"\u5f00\u59cb\u3002","common.dialog.message.load":"\u4f60\u60f3\u52a0\u8f7d\u5b83\u5417\uff1f","config.12.0":"\u5168\u5c4f","config.9.1":"\u6b63\u8981","config.8.1":"\u6b63\u8981","common.dialog.message.title":"\u4f60\u60f3\u56de\u5230\u6807\u9898\u753b\u9762\u5417\uff1f","common.dialog.message.exit":"\u4f60\u60f3\u5b8c\u6210\u8fd9\u4e2a\u6e38\u620f\u5417\uff1f","config.9.0":"\u5f53\u5730"},"/img/720p/bg/ED07_a.ui":{"rootdata":{"0":{"1":"\u65b9\u6848\u3002","2":"\u6ce2\u4e43\u97f3\u7fbd","3":"\u30b4\u30ea\u30e9\u4e88\u5099\u8ecd"}}},"/ui/common/ui/btn_title.ui":{"rootdata":{"2":"\u6807\u9898"}},"/ui/720p/storage/storage.ui":{"rootdata":{"1":"\u62ef\u6551"}},"/img/720p/bg/ED06_a.ui":{"rootdata":{"0":{"5":"\u706b\u795e\u3000\u708e","3":"\u5927\u9053\u5bfa\u6642\u7db1","4":"\u8c4a\u5d0e\u306e\u30a2\u30eb\u30d1\u30ab","1":"\u56fe\u5f62","2":"\u4e09\u98a8\u5442\u30fc\u304f\u3093"}}},"/ui/720p/config/config.ui":{"rootdata":{"1":"\u7cfb\u7edf"}},"/img/720p/bg/ED05_a.ui":{"rootdata":{"0":{"1":"\u58f0\u97f3","2":"\u6d41\u6d6a\u72d7"}}}}