{"/ui/common/config/btn_sound.ui":{"rootdata":{"2":"Sound"}},"/ui/common/config/btn_reset.ui":{"rootdata":{"2":"Reset"}},"/img/720p/bg/ED0000_a.ui":{"rootdata":{"0":{"1":"Original Story: Kokuchou \"Shiori no Kotoha\""}}},"/ui/common/title/btn_continue.ui":{"rootdata":{"0":"Continue"}},"/ui/common/ui/btn_exit.ui":{"rootdata":{"2":"Exit"}},"character":{"Takagi":"Takagi","Michi":"Michi","Shiori_Kotoha":"Shiori & Kotoha","Shiori":"Shiori","Erika":"Erika","_____":"_____","Detective":"Detective","Female_student_1":"Female Student 1","Yuna":"Yuna","Erika_Yuna":"Erika & Yuna","Hosokawa":"Hosokawa","Miku":"Miku","Female_student_2":"Female Student 2","unknown":"???","Kotoha":"Kotoha","Syouko":"Shoko","Kotoko":"Kotoko","Kenji":"Kenji","Miku_Kotoko":"Miku & Kotoko","Driver":"Driver"},"bgm":{"dod":{"label":"Dark Clouds"},"huan":{"label":"Unrest"},"h1":{"label":"Winter's Breath"},"silent":{"label":"A Gentle Breeze"},"sys":{"label":"An Oasis"},"dol":{"label":"The Days When I Could Still See the Sky"},"op":{"label":"Spiraling Into Madness"},"library":{"label":"The Library"},"ed":{"label":"The End of the Story"},"serious":{"label":"Eyes as Cold as Ice"},"danger":{"label":"Premonition"},"h2":{"label":"Desire"}},"scene":{"3":{"hidden":"03","name":"Shadows in Motion"},"4":{"hidden":"04","name":"The Incident"},"10":{"hidden":"10","name":"One Thing After Another"},"22":{"hidden":"Secret END","name":"END \"The End of Sorrow\""},"8":{"hidden":"08","name":"Victims"},"6":{"hidden":"06","name":"The Dead Don't Talk"},"12":{"hidden":"12","name":"A Massacre"},"15":{"hidden":"15","name":"Transformation"},"18":{"hidden":"END2","name":"END \"A Massacre\""},"0":{"hidden":"00","name":"The Beginning"},"5":{"hidden":"05","name":"Never-ending Anxiety"},"17":{"hidden":"END1","name":"END \"2\""},"9":{"hidden":"09","name":"Refuse!"},"2":{"hidden":"02","name":"A Gathering"},"7":{"hidden":"07","name":"Unshakeable Anxiety"},"11":{"hidden":"11","name":"The Meaning of \"2\""},"14":{"hidden":"14","name":"Ambush"},"21":{"hidden":"END5","name":"END \"Transformation\""},"19":{"hidden":"END3","name":"END \"Twins\""},"1":{"hidden":"01","name":"That Girl in the Library"},"13":{"hidden":"13","name":"Twins"},"16":{"hidden":"16","name":"The End of Sorrow"},"20":{"hidden":"END4","name":"END \"Ambush\""}},"/img/720p/bg/ED0006_a.ui":{"rootdata":{"0":{"1":"Production","2":"Rideon Works Co., Ltd."}}},"/ui/720p/extra/soundpage.ui":{"rootdata":{"0":{"0":"Sound"}}},"/ui/common/title/btn_start.ui":{"rootdata":{"0":"Start"}},"/img/720p/bg/ED0007_a.ui":{"rootdata":{"0":{"1":"Fin"}}},"/ui/720p/language/language.ui":{"rootdata":{"1":"Language"}},"/ui/common/extra/btn_scene.ui":{"rootdata":{"2":"Scene"}},"/ui/720p/talk/log.ui":{"rootdata":{"0":{"1":"BackLog"}}},"/ui/common/title/btn_config.ui":{"rootdata":{"0":"Config"}},"/img/720p/bg/ED0005_a.ui":{"rootdata":{"0":{"1":"Production Cooperation","2":"CyberStep, Inc."}}},"/ui/common/extra/btn_cg.ui":{"rootdata":{"2":"CG"}},"/ui/common/title/btn_language.ui":{"rootdata":{"0":"Language"}},"/img/720p/bg/ED0002_a.ui":{"rootdata":{"0":{"1":"Produce","2":"Pengin","3":"Ryusei"}}},"/ui/common/ui/btn_back.ui":{"rootdata":{"2":"Back"}},"/img/720p/bg/ED0004_a.ui":{"rootdata":{"0":{"1":"Comprehensive Production","2":"Bushi"}}},"/ui/720p/extra/routepage.ui":{"rootdata":{"0":{"0":"Scene"}}},"/ui/720p/extra/scenepage.ui":{"rootdata":{"0":{"0":"Scene"}}},"/ui/common/storage/datum.ui":{"rootdata":{"3":{"1":"No Data"}}},"/ui/720p/extra/cgpage.ui":{"rootdata":{"0":{"0":"CG"}}},"/ui/720p/storage/storage.ui":{"rootdata":{"1":"Save"}},"/ui/common/title/btn_load.ui":{"rootdata":{"0":"Load"}},"/img/720p/bg/ED0003_a.ui":{"rootdata":{"0":{"5":"Kanon Rapipaka","3":"Shinonome Mekabu","4":"Oni MAYUGE","10":"Yui","2":"Usagi Tsukimachi","7":"arp","8":"Minami no Tenjino","6":"Koyo Urami","1":"Remake Staff","9":"Hachimitsu Majin"}}},"/ui/common/title/btn_extra.ui":{"rootdata":{"0":"Extra"}},"/img/720p/bg/ED0001_a.ui":{"rootdata":{"0":{"5":"Michi Kisaragi: Moka (Project ShoveL)","6":"Shoko Endo: Mitsurugi Lia (WACTOR)","3":"Erika Kimishima: Hizuki Miu (WACTOR)","4":"Yuna Shiraki: Inuchiyo Kokona ( Stellar Cycle Campus )","1":"Cast","2":"Shiori Tokita: Asano Ruri (Asano Sisters Project)"}}},"dict":{"title.translate.cancaled":"The download has been interrupted and the language settings will be initialized.","talk.quickload.confirm.yes":"Resume","title.continue.confirm.yes":"Resume","config.10.0":"No","storage.title.save":"Save","language.restart":"Return to the title screen.","config.6":"Message Window Transparency","title.continue.confirm":"Do you want to restart from a saved scene?","title.continue.nodata":"There is no saved data.","title.translate.failed":"Initialize the language settings because the download failed.","common.dialog.message.load.yes":"Load","config.12.1":"Window","config.1":"Background Music","config.8.0":"No","config.5":"Auto-mode Speed","extra.scene.confirm":"Do you want to start with this scene?","title.translate.confirm.yes":"Download","title.translate.confirm":"Download the update files needed to start the game at %s.","common.dialog.message.exit.yes":"Exit","common.dialog.btn.no":"Cancel","language.confirm.yes":"Change","config.10.1":"Yes","storage.label.none":"No Data","language.confirm":"Do you want to change the language you use to %s?","config.10":"Change the color of previously read text","common.dialog.message.save":"Do you want to save the game?","language.error.1":"The server is under maintenance.","config.7.all":"All","common.dialog.message.title.yes":"To the Title Screen","config.12":"Display Mode","common.dialog.message.save.yes":"Save","config.tab.system":"SYSTEM","extra.cg.dialog.page":"%d / %d","language.error.2":"You are not allowed to access the server.","storage.date":"Date:","common.dialog.btn.yes":"OK","config.7.read":"Read Only","config.9.1":"Yes","config.9.0":"No","config.reset.confirm.yes":"Initialize","talk.quickload.confirm":"Do you want to restart from a saved scene?","common.dialog.message.exit":"Do you want to quit the game?","talk.quicksave.message":"You have saved the game.\nYou can resume from the current scene.","config.4":"Character Display Speed","config.reset.confirm":"Do you want to initialize the settings?","common.dialog.message.download":"Downloading","title.translate.notallowed":"Initialize the language settings because the required files are missing.","storage.title.load":"Load","config.8":"Skip continuation after choice","common.dialog.message.load":"Do you want to load the game?","config.7":"Skip Mode","language.error.255":"The server is unavailable.","config.9":"Auto-mode continuation after choice","storage.date.none":"----/--/-- --:--","extra.scene.confirm.yes":"Initiate","common.dialog.message.title":"Do you want to return to the Title Screen?","config.12.0":"Full Screen","config.2":"SE","config.8.1":"Yes","config.3":"VOICE","common.dialog.btn.cancel":"Pause","config.tab.sound":"SOUND"},"/ui/common/extra/achieve.ui":{"rootdata":{"1":"Achievement Rate"}},"/ui/common/ui/btn_title.ui":{"rootdata":{"2":"Title"}},"/ui/common/config/btn_system.ui":{"rootdata":{"2":"System"}},"/ui/common/extra/btn_sound.ui":{"rootdata":{"2":"Sound"}},"/ui/720p/config/config.ui":{"rootdata":{"1":"System"}},"/ui/common/extra/btn_thumbnail.ui":{"rootdata":{"0":{"1":"NoData"}}}}