{"/ui/common/config/btn_sound.ui":{"rootdata":{"2":"sound"}},"/ui/common/config/btn_reset.ui":{"rootdata":{"2":"Reset"}},"/ui/common/title/btn_continue.ui":{"rootdata":{"0":"Continue"}},"/ui/common/ui/btn_exit.ui":{"rootdata":{"2":"Exit"}},"character":{"couple_woman":"Couple Woman","female_student":"Female student","nanako":"Nanako","sawabe":"Sawabe","haruka":"Haruka","chiho":"Chiho","principal":"Principal","couple_man":"Couple Man","kotaro":"Koutarou","manager":"Club leader","youko":"Yoko","takafumi":"Takafumi","eiji":"Eiji","chiho's_mother":"Chiho's mother","teacher":"Teacher","unknown":"???","schoolgirl":"Female student","male_student":"male student","caster":"Caster","junichi":"Junichi","keita":"Keita","yuuri":"Yuhri","child":"Child","_____":"_____","keita's_mother":"Keita's mother"},"/ui/720p/extra/cgpage.ui":{"rootdata":{"0":{"0":"CG"}}},"scene":{"5":{"hidden":"Chiho Route","name":"Childhood friend Chiho"},"3":{"hidden":"common route","name":"Sister in law"},"4":{"hidden":"common route","name":"Dream of going out with someone"},"9":{"hidden":"Nanako route","name":"The irreplaceable Nanako"},"2":{"hidden":"common route","name":"Adult Appeal"},"7":{"hidden":"utilitarian route","name":"Yuri, a junior"},"8":{"hidden":"Yoko route","name":"Yoko with her mature charm"},"14":{"hidden":"Nanako END","name":"Nanako END"},"6":{"hidden":"far route","name":"Haruka, a senior"},"12":{"hidden":"Yuhri END","name":"Yuhri END"},"10":{"hidden":"Chiho END","name":"Chiho END"},"1":{"hidden":"common route","name":"Seniors and juniors"},"13":{"hidden":"Yoko END","name":"Yoko END"},"11":{"hidden":"Haruka END","name":"Haruka END"},"0":{"hidden":"common route","name":"Daily life going to school with a childhood friend"}},"/ui/common/extra/btn_thumbnail.ui":{"rootdata":{"0":{"1":"NoData"}}},"/ui/720p/extra/soundpage.ui":{"rootdata":{"0":{"0":"sound"}}},"/ui/common/title/btn_start.ui":{"rootdata":{"0":"Start"}},"/ui/720p/language/language.ui":{"rootdata":{"1":{"1":"Language"}}},"/ui/common/extra/btn_scene.ui":{"rootdata":{"2":"scene"}},"/ui/720p/talk/log.ui":{"rootdata":{"0":{"1":"BackLog"}}},"/img/720p/bg/ED00_a.ui":{"rootdata":{"0":{"1":"Original idea Blackcurrant","2":"\""}}},"/ui/common/title/btn_config.ui":{"rootdata":{"0":"Config"}},"/img/720p/bg/ED01_a.ui":{"rootdata":{"0":{"5":"\u3000\u3000\u3000\u3000\u3000Yoko Katori : Miu Yuzuhara","6":"\u3000\u3000\u3000\u3000\u3000Nanako Katsuragi : Akari Ayase","3":"\u3000\u3000\u3000\u3000\u3000Haruka Kimura : Kasumi Okudera","4":"\u3000\u3000\u3000\u3000\u3000Yuhri Shinonome : Nene Arisu","1":"cast","2":"\u3000\u3000\u3000\u3000\u3000Chiho Hasekura : Ayaka Igasaki"}}},"/img/720p/bg/ED04_a.ui":{"rootdata":{"0":{"1":"Original Drawing Character Design","2":"Gentlemen of Light"}}},"bgm":{"bg_ni":{"label":"Blue moon"},"bg_tl":{"label":"True feelings"},"bg_t1":{"label":"Unrest"},"bg_du":{"label":"Doubt"},"bg_op":{"label":"Unauthorized lending girlfriend"},"bg_h1":{"label":"Tranquility"},"bg_vs":{"label":"Ending Relationships"},"bg_t2":{"label":"Sense of helplessness"},"bg_h3":{"label":"Closed road"},"bg_d1":{"label":"Gentle morning sun"}},"/ui/common/extra/btn_cg.ui":{"rootdata":{"2":"CG"}},"/img/720p/bg/ED05_a.ui":{"rootdata":{"0":{"1":"sound","2":"John Kuroda"}}},"/ui/common/extra/achieve.ui":{"rootdata":{"0":{"1":"rate of achievement"}}},"/ui/common/ui/btn_back.ui":{"rootdata":{"2":"Back"}},"/img/720p/bg/ED08_a.ui":{"rootdata":{"0":{"1":"Fin."}}},"/ui/720p/extra/routepage.ui":{"rootdata":{"0":{"0":"scene"}}},"dict":{"title.translate.cancaled":"The download was interrupted and the language setting is initialized.","talk.quickload.confirm.yes":"Reopen.","title.continue.confirm.yes":"Reopen.","config.10.0":"local","storage.title.save":"Save","language.restart":"Return to the title screen.","config.6":"Message window transparency","title.continue.confirm":"Do you want to resume from a saved scene?","title.continue.nodata":"There is no save data.","config.9":"Continuation of auto mode after choice","storage.date":"Date :","config.12.1":"Window","config.1":"BGM","config.8.0":"local","config.3":"VOICE","extra.scene.confirm":"Would you like to start with this scene?","title.translate.confirm.yes":"Download","title.translate.confirm":"Download the update file needed to start the game in %s.","common.dialog.message.exit.yes":"Terminate","common.dialog.btn.no":"cancel","language.confirm.yes":"Change","config.10.1":"be just about to","storage.label.none":"No data","language.confirm":"Would you like to change the language used to %s?","config.5":"Auto mode speed","config.7.read":"Read Only","common.dialog.message.save.yes":"save","config.7.all":"all","common.dialog.message.title.yes":"Go to Title.","common.dialog.message.save":"Do you want to save?","common.dialog.message.load.yes":"load","config.tab.system":"SYSTEM","extra.cg.dialog.page":"%d / %d","language.error.2":"Access to the server is not allowed.","config.12":"display mode","config.10":"Color change of read text","title.translate.failed":"Initialize language settings due to download failure.","config.9.1":"be just about to","config.9.0":"local","config.reset.confirm.yes":"Initialize","talk.quickload.confirm":"Do you want to resume from a saved scene?","config.tab.sound":"SOUND","storage.date.none":"----/--/----:--","config.4":"Character display speed","config.reset.confirm":"Do you want to initialize your settings?","common.dialog.message.download":"Download.","title.translate.notallowed":"Initialize language settings due to missing required files.","storage.title.load":"Load","common.dialog.message.load":"Do you want to load it?","language.error.255":"The server is unavailable.","config.7":"skip mode","common.dialog.btn.yes":"OK","language.error.1":"Server maintenance is in progress.","common.dialog.message.exit":"Do you want to exit the game?","extra.scene.confirm.yes":"Start","common.dialog.message.title":"Would you like to return to the title screen?","config.12.0":"Full screen","config.2":"SE","config.8.1":"be just about to","config.8":"Continued skipping after choices","talk.quicksave.message":"Saved.\nYou can resume from the current scene.","common.dialog.btn.cancel":"interruption"},"/ui/common/extra/btn_sound.ui":{"rootdata":{"2":"sound"}},"/ui/common/storage/datum.ui":{"rootdata":{"3":{"1":"No Data"}}},"/ui/720p/extra/scenepage.ui":{"rootdata":{"0":{"0":"scene"}}},"/ui/common/title/btn_load.ui":{"rootdata":{"0":"Load"}},"/img/720p/bg/ED03_a.ui":{"rootdata":{"0":{"1":"scenario","2":"Yazi Himatoki","3":"Kiritsu Ikezawa"}}},"/ui/720p/storage/storage.ui":{"rootdata":{"1":{"1":"Save"}}},"/ui/common/title/btn_extra.ui":{"rootdata":{"0":"Extra"}},"/img/720p/bg/ED02_a.ui":{"rootdata":{"0":{"3":"Naito","4":"Tanpopo","1":"produce","2":"UNA"}}},"/img/720p/bg/ED07_a.ui":{"rootdata":{"0":{"1":"Program","2":"Onmukyou","3":"gorilla reserve army"}}},"/ui/common/ui/btn_title.ui":{"rootdata":{"2":"Title"}},"/ui/common/config/btn_system.ui":{"rootdata":{"2":"System"}},"/img/720p/bg/ED06_a.ui":{"rootdata":{"0":{"5":"HiruNekko","6":"Souseki Kawara","3":"ShiroNikukyu","4":"MurasakiImo","1":"graphic","2":"Anonymous Frontline Chapter","7":"Yui"}}},"/ui/720p/config/config.ui":{"rootdata":{"1":{"1":"System"}}},"/ui/common/title/btn_language.ui":{"rootdata":{"0":"Language"}}}