{"/ui/common/config/btn_sound.ui":{"rootdata":{"2":"sound"}},"/ui/common/config/btn_reset.ui":{"rootdata":{"2":"Reset"}},"/ui/common/title/btn_continue.ui":{"rootdata":{"0":"Continue"}},"/ui/common/ui/btn_exit.ui":{"rootdata":{"2":"Exit"}},"character":{"kawayama":"Kawayama","misaki":"Misaki","ayako":"Ayako","yuuto":"Yuto","masuda":"Masuda","unknown":"?","_____":"_____","chinatsu":"Chinatsu","colleague":"colleague","man":"man"},"bgm":{"bg_zh":{"label":"ceremony to appease the spirits of the dead"},"bg_ni":{"label":"true love"},"bg_d1":{"label":"country breeze"},"bg_op":{"label":"Sacrificial Princess of Kijin"},"bg_nh":{"label":"The truth about the cave"},"bg_go":{"label":"bouncing spirit"},"bg_se":{"label":"little-known custom"}},"scene":{"5":{"hidden":"Chika route","name":"Chinatsu's dream of asking for help"},"3":{"hidden":"Ayako route","name":"Ayako's dream of suffering"},"4":{"hidden":"Ayako route","name":"Everyday Life Gets Crazy"},"9":{"hidden":"Ayako route END","name":"Ayako route END"},"2":{"hidden":"common route","name":"festival for praying for a good harvest"},"7":{"hidden":"Misaki route","name":"Misaki's dream during the demon exorcism"},"8":{"hidden":"Misaki route","name":"Loved ones who are leaving"},"6":{"hidden":"Chika route","name":"Love Ayako and help Chika"},"1":{"hidden":"common route","name":"New encounters in the village"},"10":{"hidden":"Chinatsu route END","name":"Chinatsu route END"},"11":{"hidden":"Misaki route END","name":"Misaki route END"},"0":{"hidden":"common route","name":"Our usual routine"}},"/ui/common/extra/btn_thumbnail.ui":{"rootdata":{"0":{"1":"NoData"}}},"/ui/720p/extra/soundpage.ui":{"rootdata":{"0":{"0":"sound"}}},"/ui/common/title/btn_start.ui":{"rootdata":{"0":"Start"}},"/ui/720p/language/language.ui":{"rootdata":{"1":{"1":"Language"}}},"/ui/common/extra/achieve.ui":{"rootdata":{"0":{"1":"Achievement"}}},"/ui/720p/talk/log.ui":{"rootdata":{"0":{"1":"BackLog"}}},"/img/720p/bg/ED00_a.ui":{"rootdata":{"0":{"1":"black currant","2":"\"The lewd and lascivious ward.\"","3":"draft"}}},"/ui/common/title/btn_config.ui":{"rootdata":{"0":"Config"}},"/img/720p/bg/ED01_a.ui":{"rootdata":{"0":{"3":"\u3000\u3000\u3000\u3000\u3000Chinatsu Suzubayashi : Ayumi Okuyama","4":"\u3000\u3000\u3000\u3000\u3000Misaki Todo : Komomo Asai","1":"cast","2":"\u3000\u3000\u3000\u3000\u3000Ayako Sumii : Rito Tsukinaga"}}},"/img/720p/bg/ED04_a.ui":{"rootdata":{"0":{"1":"Original Drawing Character Design","2":"Gentlemen of Light"}}},"/ui/common/title/btn_extra.ui":{"rootdata":{"0":"Extra"}},"/ui/common/extra/btn_cg.ui":{"rootdata":{"2":"CG"}},"/ui/common/title/btn_language.ui":{"rootdata":{"0":"Language"}},"/ui/common/extra/btn_sound.ui":{"rootdata":{"2":"sound"}},"/ui/common/ui/btn_back.ui":{"rootdata":{"2":"Back"}},"/img/720p/bg/ED08_a.ui":{"rootdata":{"0":{"1":"Fin."}}},"/ui/720p/extra/routepage.ui":{"rootdata":{"0":{"0":"scene"}}},"/ui/720p/extra/scenepage.ui":{"rootdata":{"0":{"0":"scene"}}},"/ui/common/storage/datum.ui":{"rootdata":{"3":{"1":"No Data"}}},"/ui/720p/extra/cgpage.ui":{"rootdata":{"0":{"0":"CG"}}},"/ui/720p/storage/storage.ui":{"rootdata":{"1":{"1":"Save"}}},"/ui/common/title/btn_load.ui":{"rootdata":{"0":"Load"}},"/img/720p/bg/ED03_a.ui":{"rootdata":{"0":{"1":"scenario","2":"leisure time","3":"Ikezawa Discipline"}}},"/ui/common/extra/btn_scene.ui":{"rootdata":{"2":"scene"}},"dict":{"title.continue.confirm.yes":"Reopen.","config.10.0":"No","common.error.message.save.nospace":"Save failed due to insufficient free space.","title.continue.confirm":"Do you want to resume from a saved scene?","config.8":"Continued skipping after choices","storage.date":"Date:","config.1":"BGM","title.translate.confirm.yes":"Download","common.dialog.message.title":"Would you like to return to the title screen?","common.dialog.btn.no":"cancel","language.confirm.yes":"Change","config.10.1":"Yes","language.confirm":"Would you like to change the language used to %s?","config.10":"Color change of read text","config.7.all":"all","extra.cg.dialog.page":"%d / %d","common.dialog.message.save.yes":"save","config.9.0":"No","common.dialog.message.exit":"Do you want to exit the game?","storage.date.none":"----/--/----:--","config.reset.confirm":"Do you want to initialize your settings?","title.translate.notallowed":"Initialize language settings due to missing required files.","config.7":"skip mode","common.error.message.load":"Failed to load.","common.dialog.message.title.yes":"Go to Title","config.9.1":"Yes","config.8.1":"Yes","title.translate.cancaled":"The download was interrupted and the language settings are initialized.","talk.quickload.confirm.yes":"Reopen","language.error.255":"The server is unavailable.","language.restart":"Return to the title screen.","config.6":"message window transparency","title.continue.nodata":"There is no save data.","config.12.1":"window","storage.title.load":"Load","config.8.0":"No","extra.scene.confirm":"Would you like to start with this scene?","title.translate.confirm":"Download the update file needed to start the game in %s.","common.dialog.message.exit.yes":"Terminate","storage.label.none":"No data","config.5":"Auto mode speed","config.tab.system":"SYSTEM","language.error.2":"Access to the server is not allowed.","config.7.read":"Read Only","config.3":"VOICE","config.reset.confirm.yes":"Initialize","talk.quickload.confirm":"Do you want to resume from a saved scene?","common.dialog.message.load":"Do you want to load it?","talk.quicksave.message":"Saved.\nYou can resume from the current scene.","config.4":"character display speed","common.dialog.btn.cancel":"interruption","common.dialog.message.download":"Download","config.tab.sound":"SOUND","common.error.message.save.broken":"Data is initialized due to corruption of saved data.","config.12":"display mode","title.translate.failed":"Initialize language settings due to download failure.","config.9":"Continuation of auto mode after choice","config.12.0":"full screen","extra.scene.confirm.yes":"Start","language.error.1":"Server maintenance is in progress.","common.dialog.btn.yes":"OK","config.2":"SE","common.error.message.save":"Save failed.","common.dialog.message.load.yes":"load","common.dialog.message.save":"Do you want to save?","storage.title.save":"Save"},"/img/720p/bg/ED02_a.ui":{"rootdata":{"0":{"3":"Southern Italy","4":"Ura Koei","1":"produce","2":"UNA"}}},"/img/720p/bg/ED07_a.ui":{"rootdata":{"0":{"1":"Program","2":"sound without a tone","3":"gorilla reserve army"}}},"/ui/common/ui/btn_title.ui":{"rootdata":{"2":"Title"}},"/ui/common/config/btn_system.ui":{"rootdata":{"2":"System"}},"/img/720p/bg/ED06_a.ui":{"rootdata":{"0":{"5":"daytime cat","6":"Kusashi Kawahara","3":"white pawpaw","4":"purple sweet potato","1":"graphic","2":"Tokumeikibousaizensenshibu","7":"evening assembly"}}},"/ui/720p/config/config.ui":{"rootdata":{"1":{"1":"System"}}},"/img/720p/bg/ED05_a.ui":{"rootdata":{"0":{"1":"sound","2":"John Kuroda"}}}}