<?xml version="1.0" encoding="utf-8"?>
<BackupSaveData>
  <SaveDataType>Account</SaveDataType>
  <SaveDataUserIdH>1001218da3a90ba8</SaveDataUserIdH>
  <SaveDataUserIdL>05d411e659bfee92</SaveDataUserIdL>
  <ApplicationId>0100770008dd8000</ApplicationId>
  <SaveDataSize>0000000000f58000</SaveDataSize>
  <OwnerId>0100770008dd8000</OwnerId>
  <Flags>00000000</Flags>
  <AvailableSize>0000000000a00000</AvailableSize>
  <JournalSize>0000000000500000</JournalSize>
  <SaveDataSpaceId>00000001</SaveDataSpaceId>
  <CacheIndex>00000000</CacheIndex>
</BackupSaveData>
