{"/ui/1080p/talk/log.ui":{"rootdata":{"0":{"1":"BackLog"}}},"/ui/common/config/btn_reset.ui":{"rootdata":{"2":"Reset"}},"/ui/1080p/extra/scenepage.ui":{"rootdata":{"0":{"0":"scene"}}},"/img/1080p/bg/ED0003_a.ui":{"rootdata":{"0":{"5":"Kanon Rapipaka","3":"Mekabu Shinonome","4":"Oni MAYUGE","10":"Yui","2":"Tsukimachi Usagi","7":"arp","8":"Minami no Tenjino","6":"Koyo Urami","1":"Remake Staff","9":"Majin Hachimitsu"}}},"/img/720p/bg/ED0000_a.ui":{"rootdata":{"0":{"1":"Original idea, Black Swan, \" Amane Switch\""}}},"/ui/1080p/config/config.ui":{"rootdata":{"1":"system"}},"/ui/common/title/btn_continue.ui":{"rootdata":{"0":"Continue"}},"/img/1080p/bg/ED0007_a.ui":{"rootdata":{"0":{"1":"fin"}}},"/ui/common/ui/btn_exit.ui":{"rootdata":{"2":"exit"}},"character":{"1st_grade":"first-year student","cat":"cat","female_student2":"Female student 2","police_officer":"policeman","friend":"friend","doctor":"physician","teacher":"teacher (classroom)","amane":"Amane","female":"woman","amane_with_mother":"Mother. Amane","pe_teacher":"physical education teacher","director":"head of a (school) club","theater_tirector":"head of the drama department","School_principal":"principal","theater_member":"member of a theatrical troupe","police_officer2":"Police Officer 2","nurse":"registered nurse","yukika":"Yukika","teacher1":"Teacher 1","hospital_officials":"hospital personnel","soccer_member":"soccer club","store_manager":"shop manager","3rd_grade":"third-year student","unknown":"What?","wet_woman":"Soaking wet woman","police_officer3":"Police Officer 3.","4heroines":"Yoko & Izumi & Shizuku & Yukika","female_student":"female student","Students":"students","literary_club_Director":"head of the literary department","part_time_job":"byte","youko":"Yoko","male":"masculine gender","children":"child","youhei":"Yohei","Audiovisual_committee":"sensory deprivation committee member","male_student":"male student","izumi":"Izumi","child":"children","male_student2":"Male student 2","hospital_officials2":"Hospital personnel 2","police_officer1":"Police Officer 1","classmate":"classmate","member2":"Member 2.","athletics_member":"track and field club member","male_student1":"Male student 1","resident":"resident","homeroom_teacher":"homeroom teacher","father":"father","police_officer4":"Police Officer 4.","literary_club_member":"a literary member of the staff","customer":"customer","softball_member":"software department","baseball_member":"baseball club (i.e. baseball team of a university, corporation, etc.)","male_student3":"Male student 3","news_caster":"caster","teacher4":"Teacher Four.","shizuku":"Shizuku","vice-president":"vice president (of a club or organization, organisation)","member1":"Member 1","teacher3":"Teacher Three.","shinzi":"Shinji","sales_clerk":"clerk","female_student1":"Female student 1","mother":"mother","father_in_law":"father-in-law","hospital_officials1":"Hospital personnel 1","member3":"Member 3.","teacher2":"Teacher 2"},"/ui/720p/extra/cgpage.ui":{"rootdata":{"0":{"0":"CG"}}},"/ui/1080p/extra/routepage.ui":{"rootdata":{"0":{"0":"scene"}}},"scene":{"34":{"hidden":"END5","name":"END 'The disease that cannot be cured'"},"29":{"hidden":"END3","name":"END \"rainy again"},"27":{"hidden":"25","name":"My favorite sister."},"8":{"hidden":"08","name":"Daily life of perversion"},"6":{"hidden":"06","name":"Relationship to Amane"},"15":{"hidden":"15","name":"It's funny."},"5":{"hidden":"05","name":"invitation"},"23":{"hidden":"END1","name":"END \"Ame Furi"},"35":{"hidden":"END6","name":"END \"The End of the Run: ......"},"11":{"hidden":"11","name":"What I believe in..."},"26":{"hidden":"END2","name":"END \"Tears of Rain"},"36":{"hidden":"Secret END","name":"END \"New Call Rain\"."},"16":{"hidden":"16","name":"So I'm the only one who's crazy?"},"25":{"hidden":"24","name":"rain falling at a time of sadness"},"4":{"hidden":"04","name":"friend"},"22":{"hidden":"22","name":"slip of the tongue"},"12":{"hidden":"12","name":"act of barbarity"},"18":{"hidden":"18","name":"The stone that started rolling."},"21":{"hidden":"21","name":"Amane switch"},"1":{"hidden":"01","name":"The new student..."},"0":{"hidden":"00","name":"Amane"},"7":{"hidden":"07","name":"being full of holes"},"17":{"hidden":"17","name":"choice"},"32":{"hidden":"28","name":"recognition of right to land ownership (by the shogunate, a feudal lord, etc.)"},"24":{"hidden":"23","name":"I was thinking of you."},"9":{"hidden":"09","name":"cog-wheel"},"19":{"hidden":"19","name":"How did this happen?"},"30":{"hidden":"27","name":"free will"},"10":{"hidden":"10","name":"assassin"},"14":{"hidden":"14","name":"temporary peace of mind"},"3":{"hidden":"03","name":"Amane and rain"},"31":{"hidden":"END4","name":"END \"The End of Assault: ......"},"2":{"hidden":"02","name":"Happy time"},"28":{"hidden":"26","name":"constitution (physical)"},"13":{"hidden":"13","name":"Now we're together."},"33":{"hidden":"29","name":"decent"},"20":{"hidden":"20","name":"dying moments"}},"/img/720p/bg/ED0006_a.ui":{"rootdata":{"0":{"1":"production","2":"Ride On Works, Inc."}}},"/ui/720p/extra/soundpage.ui":{"rootdata":{"0":{"0":"sound"}}},"/ui/common/title/btn_start.ui":{"rootdata":{"0":"start"}},"/img/720p/bg/ED0007_a.ui":{"rootdata":{"0":{"1":"fin"}}},"/img/1080p/bg/ED0002_a.ui":{"rootdata":{"0":{"1":"produce","2":"Pengin","3":"Ryusei"}}},"/ui/common/ui/btn_back.ui":{"rootdata":{"2":"back"}},"/ui/common/title/btn_load.ui":{"rootdata":{"0":"load"}},"/ui/720p/language/language.ui":{"rootdata":{"1":"Language"}},"/ui/common/extra/achieve.ui":{"rootdata":{"1":"rate of achievement"}},"/ui/720p/talk/log.ui":{"rootdata":{"0":{"1":"BackLog"}}},"/img/1080p/bg/ED0000_a.ui":{"rootdata":{"0":{"1":"Original idea, Black Swan, \" Amane Switch\""}}},"/img/720p/bg/ED0004_a.ui":{"rootdata":{"0":{"1":"comprehensive production","2":"Bushi"}}},"/ui/720p/extra/scenepage.ui":{"rootdata":{"0":{"0":"scene"}}},"/ui/1080p/extra/soundpage.ui":{"rootdata":{"0":{"0":"sound"}}},"/img/1080p/bg/ED0004_a.ui":{"rootdata":{"0":{"1":"comprehensive production","2":"Bushi"}}},"/ui/common/extra/btn_thumbnail.ui":{"rootdata":{"0":{"1":"NoData"}}},"/ui/common/title/btn_config.ui":{"rootdata":{"0":"Config"}},"/img/720p/bg/ED0002_a.ui":{"rootdata":{"0":{"1":"produce","2":"Pengin","3":"Ryusei"}}},"/img/1080p/bg/ED0005_a.ui":{"rootdata":{"0":{"1":"production cooperation","2":"Cyber Step Corporation"}}},"/img/720p/bg/ED0005_a.ui":{"rootdata":{"0":{"1":"production cooperation","2":"Cyber Step Corporation"}}},"/ui/common/extra/btn_cg.ui":{"rootdata":{"2":"CG"}},"/ui/1080p/language/language.ui":{"rootdata":{"1":"Language"}},"/ui/common/config/btn_system.ui":{"rootdata":{"2":"system"}},"/ui/1080p/storage/storage.ui":{"rootdata":{"1":"Save"}},"/img/1080p/bg/ED0006_a.ui":{"rootdata":{"0":{"1":"production","2":"Ride On Works, Inc."}}},"/ui/720p/extra/routepage.ui":{"rootdata":{"0":{"0":"scene"}}},"bgm":{"insecurity":{"label":"melancholy"},"eye1":{"label":"puddling away"},"h1":{"label":"ripple"},"rain":{"label":"cold wind"},"sys":{"label":"Quiet Lake"},"eye2":{"label":"cloudy sky (weather)"},"sir":{"label":"despair"},"op":{"label":"Amane"},"ed":{"label":"Melt into the wide sky"},"healing":{"label":"touch (a person's) heart"},"danger":{"label":"be approaching"},"h2":{"label":"tears"}},"/ui/common/extra/btn_sound.ui":{"rootdata":{"2":"sound"}},"/ui/1080p/extra/cgpage.ui":{"rootdata":{"0":{"0":"CG"}}},"/img/1080p/bg/ED0001_a.ui":{"rootdata":{"0":{"5":"Shizuku Kizaki :. Uki Nashiki","6":"Yukika Mizushima :. Mei Oshiro","3":"Yoko Minegishi :. Ari Sayama","4":"Izumi Kizaki :. Nemea Iori (Stellar Cycle Campus)","1":"cast","2":"Amane Satonaka :. Kyoko Kuramochi (Stellar Cycle Campus)"}}},"/ui/common/title/btn_extra.ui":{"rootdata":{"0":"Extra"}},"/img/720p/bg/ED0003_a.ui":{"rootdata":{"0":{"5":"Kanon Rapipaka","3":"Mekabu Shinonome","4":"Oni MAYUGE","10":"Yui","2":"Tsukimachi Usagi","7":"arp","8":"Minami no Tenjino","6":"Koyo Urami","1":"Remake Staff","9":"Majin Hachimitsu"}}},"/ui/common/extra/btn_scene.ui":{"rootdata":{"2":"scene"}},"/img/720p/bg/ED0001_a.ui":{"rootdata":{"0":{"5":"Shizuku Kizaki :. Uki Nashiki","6":"Yukika Mizushima :. Mei Oshiro","3":"Yoko Minegishi :. Ari Sayama","4":"Izumi Kizaki :. Nemea Iori (Stellar Cycle Campus)","1":"cast","2":"Amane Satonaka :. Kyoko Kuramochi (Stellar Cycle Campus)"}}},"dict":{"title.translate.cancaled":"The download has been interrupted and the language settings are initialized.","talk.quickload.confirm.yes":"We'll resume.","title.continue.confirm.yes":"We'll resume.","config.10.0":"local","storage.title.save":"Save","language.restart":"Return to the title screen.","config.6":"message window transparency","title.continue.confirm":"Do you want to restart from a saved scene?","title.continue.nodata":"There is no save data.","storage.date":"Date :","config.1":"background music","config.8.0":"local","extra.scene.confirm":"Do you want to start with this scene?","title.translate.confirm.yes":"download","title.translate.confirm":"Download the update files needed to start the game at %s.","common.dialog.message.exit.yes":"Exit.","common.dialog.btn.no":"cancel","language.confirm.yes":"Change.","config.10.1":"be worth","storage.label.none":"No data","language.confirm":"Do you want to change the language you use to %s?","config.10":"Change the color of already-read sentences","storage.title.load":"load","config.5":"Auto mode speed","config.7.all":"all","config.8":"Skip continuation after choice","config.9.1":"be worth","common.dialog.btn.yes":"OK","config.tab.system":"system","extra.cg.dialog.page":"%d / %d","common.dialog.message.save.yes":"save","common.dialog.message.load.yes":"load","common.dialog.message.save":"Do you want to save it?","config.7.read":"read only","config.3":"VOICE","config.9.0":"local","config.reset.confirm.yes":"Initialize.","talk.quickload.confirm":"Do you want to restart from a saved scene?","config.tab.sound":"SOUND","talk.quicksave.message":"You have saved the game.\nYou can resume from the current scene.","config.4":"character display speed","config.reset.confirm":"Do you want to initialize the settings?","common.dialog.message.download":"Downloading.","title.translate.notallowed":"Initialize the language settings because the required files are missing.","storage.date.none":"----/--/-- --:--","common.dialog.btn.cancel":"interruption","language.error.2":"You are not allowed to access the server.","config.7":"skip mode","language.error.1":"The server is under maintenance.","config.9":"Auto mode continuation after selection","common.dialog.message.title":"Do you want to return to the title screen?","extra.scene.confirm.yes":"Initiate.","common.dialog.message.load":"Do you want to load?","common.dialog.message.title.yes":"To the title","config.2":"SE","config.8.1":"be worth","title.translate.failed":"Initialize the language settings because the download failed.","common.dialog.message.exit":"Do you want to quit the game?","language.error.255":"The server is unavailable."},"/ui/common/config/btn_sound.ui":{"rootdata":{"2":"sound"}},"/ui/common/ui/btn_title.ui":{"rootdata":{"2":"title"}},"/ui/720p/storage/storage.ui":{"rootdata":{"1":"Save"}},"/ui/common/storage/datum.ui":{"rootdata":{"3":{"1":"No Data"}}},"/ui/720p/config/config.ui":{"rootdata":{"1":"system"}},"/ui/common/title/btn_language.ui":{"rootdata":{"0":"Language"}}}