﻿<?xml version="1.0" encoding="utf-8"?>
<RunReport>
  <version>2</version>
  <gameModeName>ClassicRun</gameModeName>
  <gameResultType>Lost</gameResultType>
  <seed>2086756915469608232</seed>
  <snapshotTime>38.97603</snapshotTime>
  <runStopwatchValue>37.21603</runStopwatchValue>
  <ruleBook>Difficulty.Normal Artifacts.Command.Off Artifacts.Bomb.Off Artifacts.Sacrifice.Off Artifacts.Enigma.Off Artifacts.Spirit.Off Items.Syringe.On Items.Bear.On Items.Tooth.On Items.CritGlasses.On Items.Hoof.On Items.Mushroom.On Items.Crowbar.On Items.BleedOnHit.On Items.WardOnLevel.On Items.HealWhileSafe.On Items.PersonalShield.On Items.Medkit.On Items.IgniteOnKill.On Items.StunChanceOnHit.On Items.Firework.On Items.SprintBonus.On Items.SecondarySkillMagazine.On Items.StickyBomb.On Items.TreasureCache.On Items.BossDamageBonus.On Items.BarrierOnKill.On Items.NearbyDamageBonus.On Items.RegenOnKill.On Items.Missile.On Items.ExplodeOnDeath.On Items.Feather.On Items.ChainLightning.On Items.Seed.On Items.AttackSpeedOnCrit.On Items.SprintOutOfCombat.On Items.Phasing.On Items.HealOnCrit.On Items.EquipmentMagazine.On Items.Infusion.On Items.Bandolier.On Items.WarCryOnMultiKill.On Items.SprintArmor.On Items.IceRing.On Items.FireRing.On Items.SlowOnHit.On Items.JumpBoost.On Items.ExecuteLowHealthElite.On Items.EnergizedOnEquipmentUse.On Items.TPHealingNova.On Items.Thorns.On Items.BonusGoldPackOnKill.On Items.Behemoth.On Items.Dagger.On Items.Icicle.On Items.GhostOnKill.On Items.FallBoots.On Items.NovaOnHeal.On Items.ShockNearby.On Items.Clover.On Items.BounceNearby.On Items.AlienHead.On Items.Talisman.On Items.ExtraLife.On Items.UtilitySkillMagazine.On Items.HeadHunter.On Items.KillEliteFrenzy.On Items.IncreaseHealing.On Items.BarrierOnOverHeal.On Items.ArmorReductionOnHit.On Items.LaserTurbine.On Items.LunarDagger.On Items.GoldOnHit.On Items.ShieldOnly.On Items.RepeatHeal.On Items.AutoCastEquipment.On Items.LunarUtilityReplacement.On Items.LunarPrimaryReplacement.On Items.LunarTrinket.On Items.Knurl.On Items.BeetleGland.On Items.TitanGoldDuringTP.On Items.SprintWisp.On Items.Pearl.On Items.ShinyPearl.On Items.NovaOnLowHealth.On Equipment.CommandMissile.On Equipment.Fruit.On Equipment.Meteor.On Equipment.Blackhole.On Equipment.CritOnUse.On Equipment.DroneBackup.On Equipment.BFG.On Equipment.Jetpack.On Equipment.Lightning.On Equipment.GoldGat.On Equipment.PassiveHealing.On Equipment.BurnNearby.On Equipment.Scanner.On Equipment.CrippleWard.On Equipment.Gateway.On Equipment.Tonic.On Equipment.Cleanse.On Equipment.FireBallDash.On Equipment.GainArmor.On Misc.StartingMoney.15 Misc.StageOrder.Normal Misc.KeepMoneyBetweenStages.Off</ruleBook>
  <playerInfos>
    <PlayerInfo>
      <name>namakemono</name>
      <bodyName>ToolbotBody</bodyName>
      <killerBodyName>WispBody</killerBodyName>
      <statSheet>
        <fields>
          <totalGamesPlayed>1</totalGamesPlayed>
          <totalTimeAlive>37.1840017661452</totalTimeAlive>
          <totalDamageTaken>549</totalDamageTaken>
          <highestLevel>1</highestLevel>
          <totalGoldCollected>15</totalGoldCollected>
          <maxGoldCollected>15</maxGoldCollected>
          <totalDistanceTraveled>1176.04863817691</totalDistanceTraveled>
          <totalTimeAlive.ToolbotBody>37.1840017661452</totalTimeAlive.ToolbotBody>
          <longestRun.ToolbotBody>37.2160301208496</longestRun.ToolbotBody>
          <damageTakenAs.ToolbotBody>549</damageTakenAs.ToolbotBody>
          <timesPicked.ToolbotBody>1</timesPicked.ToolbotBody>
          <totalTimesVisited.blackbeach>1</totalTimesVisited.blackbeach>
        </fields>
      </statSheet>
      <itemAcquisitionOrder></itemAcquisitionOrder>
      <itemStacks />
      <equipment></equipment>
      <localPlayerIndex>0</localPlayerIndex>
      <userProfileFileName>UserProfile</userProfileFileName>
    </PlayerInfo>
  </playerInfos>
</RunReport>