{"/ui/common/config/btn_sound.ui":{"rootdata":{"2":"Sound"}},"/ui/common/config/btn_reset.ui":{"rootdata":{"2":"Reset"}},"/ui/common/title/btn_continue.ui":{"rootdata":{"0":"Continue"}},"/ui/common/ui/btn_exit.ui":{"rootdata":{"2":"Exit"}},"character":{"female_student":"Female student","miki":"Miki","male_student_B":"Male Student B","masato":"Masato","male_student":"Male student","unknown":"???","_____":"_____","male_student_A":"Male Student A","man":"Guy","yayoi":"Yayoi","kanade":"Kanade"},"bgm":{"bg_h1":{"label":"Join hands together"},"bg_h2":{"label":"Something certain"},"bg_ni":{"label":"Quiet night"},"bg_ka":{"label":"Uplift"},"bg_d1":{"label":"HAPPY HAPPY"},"bg_op":{"label":"Herp! Mr. Cowardly!"},"bg_se":{"label":"Anguish in sight"}},"scene":{"3":{"hidden":"Common route","name":"Yayoi's joke"},"4":{"hidden":"Common route","name":"Personal maid"},"10":{"hidden":"Miki route 2","name":"Two invincible men"},"8":{"hidden":"Miki route 1","name":"Where is the goal?"},"6":{"hidden":"Kanade Route 1","name":"A detour to face Miki"},"12":{"hidden":"Kanade route 1END","name":"Kanade route 1END"},"15":{"hidden":"Yayoi route END","name":"Yayoi route END"},"0":{"hidden":"Common route","name":"Timid about love"},"5":{"hidden":"Common route","name":"The joke at the time."},"17":{"hidden":"Miki route 3END","name":"Miki route 3END"},"9":{"hidden":"Yayoi route","name":"I'm attracted to Yayoi."},"2":{"hidden":"Common route","name":"Get used to girls with the help of Kanade."},"7":{"hidden":"Kanade Route 2","name":"I want to take care of both Miki and Kanade."},"11":{"hidden":"Miki route 3","name":"Sin to be borne alone"},"14":{"hidden":"Miki route 1END","name":"Miki route 1END"},"1":{"hidden":"Common route","name":"How to move the relationship forward"},"13":{"hidden":"Kanade Route 2 END","name":"Kanade Route 2 END"},"16":{"hidden":"Miki Route 2 END","name":"Miki Route 2 END"}},"/ui/common/extra/btn_thumbnail.ui":{"rootdata":{"0":{"1":"NoData"}}},"/ui/720p/extra/soundpage.ui":{"rootdata":{"0":{"0":"Sound"}}},"/ui/common/title/btn_start.ui":{"rootdata":{"0":"Start"}},"/ui/720p/language/language.ui":{"rootdata":{"1":{"1":"Language"}}},"/ui/common/extra/achieve.ui":{"rootdata":{"0":{"1":"Rate of achievement"}}},"/ui/720p/talk/log.ui":{"rootdata":{"0":{"1":"BackLog"}}},"/img/720p/bg/ED00_a.ui":{"rootdata":{"0":{"1":"Inca rose","2":"\"The lewd and lascivious ward.\"","3":"draft"}}},"/ui/common/title/btn_config.ui":{"rootdata":{"0":"Config"}},"/img/720p/bg/ED01_a.ui":{"rootdata":{"0":{"3":"Kanade Sazashiki : Mitsuka Kawamura","4":"Yayoi Rikura : Ayumi Okuyama","1":"cast","2":"Miki Rikura : Rito Tsukinaga"}}},"/img/720p/bg/ED05_a.ui":{"rootdata":{"0":{"1":"Sound","2":"Mayoi"}}},"/ui/common/extra/btn_scene.ui":{"rootdata":{"2":"Scene"}},"/ui/common/extra/btn_cg.ui":{"rootdata":{"2":"CG"}},"/ui/common/title/btn_language.ui":{"rootdata":{"0":"Language"}},"/ui/720p/storage/storage.ui":{"rootdata":{"1":{"1":"Save"}}},"/ui/common/ui/btn_back.ui":{"rootdata":{"2":"Back"}},"/ui/common/storage/datum.ui":{"rootdata":{"3":{"1":"No Data"}}},"/ui/720p/extra/routepage.ui":{"rootdata":{"0":{"0":"Scene"}}},"/img/720p/bg/ED04_a.ui":{"rootdata":{"0":{"1":"Original Drawing Character Design","2":"NiONiO","3":"SameCan"}}},"/ui/common/extra/btn_sound.ui":{"rootdata":{"2":"Sound"}},"/ui/720p/extra/scenepage.ui":{"rootdata":{"0":{"0":"Scene"}}},"/ui/common/title/btn_extra.ui":{"rootdata":{"0":"Extra"}},"/ui/common/title/btn_load.ui":{"rootdata":{"0":"Load"}},"/img/720p/bg/ED03_a.ui":{"rootdata":{"0":{"1":"Scenario","2":"Ghost Telop","3":"Ghost Telop"}}},"/ui/common/ui/btn_title.ui":{"rootdata":{"2":"Title"}},"dict":{"title.continue.confirm.yes":"Reopen","config.10.0":"No","common.error.message.save.nospace":"Save failed due to insufficient free space.","title.continue.confirm":"Do you want to resume from a saved scene?","config.8":"Continued skipping after choices","storage.date":"Date:","config.1":"BGM","title.translate.confirm.yes":"Download","common.dialog.message.title":"Would you like to return to the title screen?","common.dialog.btn.no":"Cancel","language.confirm.yes":"Change","config.10.1":"Yes","language.confirm":"Would you like to change the language used to %s?","config.10":"Color change of read text","config.7.all":"All","extra.cg.dialog.page":"%d / %d","common.dialog.message.save.yes":"Save","config.9.0":"No","common.dialog.message.exit":"Do you want to exit the game?","storage.date.none":"----/--/----:--","config.reset.confirm":"Do you want to initialize your settings?","title.translate.notallowed":"Initialize language settings due to missing required files.","config.7":"Skip mode","common.error.message.load":"Failed to load","common.dialog.message.title.yes":"Go to Title","config.9.1":"Yes","config.8.1":"Yes","title.translate.cancaled":"The download was interrupted and the language settings are initialized.","talk.quickload.confirm.yes":"Reopen","language.error.255":"The server is unavailable.","language.restart":"Return to the title screen.","config.6":"Message window transparency","title.continue.nodata":"There is no save data.","config.12.1":"Window","storage.title.load":"Load","config.8.0":"No","extra.scene.confirm":"Would you like to start with this scene?","title.translate.confirm":"Download the update file needed to start the game in %s.","common.dialog.message.exit.yes":"Terminate","storage.label.none":"No data","config.5":"Auto mode speed","config.tab.system":"SYSTEM","language.error.2":"Access to the server is not allowed.","config.7.read":"Read Only","config.3":"VOICE","config.reset.confirm.yes":"Initialize","talk.quickload.confirm":"Do you want to resume from a saved scene?","config.tab.sound":"SOUND","talk.quicksave.message":"Saved.\nYou can resume from the current scene.","config.4":"Character display speed","common.dialog.btn.cancel":"Interruption","common.dialog.message.download":"Download","storage.title.save":"Save","title.translate.failed":"Initialize language settings due to download failure.","config.12":"Display mode","common.dialog.message.load":"Do you want to load it?","config.9":"Continuation of auto mode after choice","config.12.0":"Full screen","extra.scene.confirm.yes":"Start","language.error.1":"Server maintenance is in progress.","common.dialog.btn.yes":"OK","config.2":"SE","common.error.message.save":"Save failed","common.dialog.message.load.yes":"Load","common.dialog.message.save":"Do you want to save?","common.error.message.save.broken":"Data is initialized due to corruption of saved data."},"/img/720p/bg/ED02_a.ui":{"rootdata":{"0":{"3":"Daifuku walnut","4":"Asuha","1":"Produce","2":"Stealth"}}},"/img/720p/bg/ED07_a.ui":{"rootdata":{"0":{"1":"Program","2":"Yamano Okami","3":"Gorilla reserve army"}}},"/img/720p/bg/ED08_a.ui":{"rootdata":{"0":{"1":"Fin"}}},"/ui/common/config/btn_system.ui":{"rootdata":{"2":"System"}},"/img/720p/bg/ED06_a.ui":{"rootdata":{"0":{"5":"Yui","3":"Kawa no Saki Taro","4":"Kamil Kirishima","1":"Graphic","2":"DaiDaiGon"}}},"/ui/720p/config/config.ui":{"rootdata":{"1":{"1":"System"}}},"/ui/720p/extra/cgpage.ui":{"rootdata":{"0":{"0":"CG"}}}}