{"/img/720p/bg/ED09_a.ui":{"rootdata":{"0":{"5":"Song: Yomogi Kasumi","3":"Lyrics: Fukugo","4":"Composed by Maze","1":"ending","2":"\"Squeeze and squeeze.\""}}},"/ui/common/config/btn_sound.ui":{"rootdata":{"2":"sound"}},"/ui/common/config/btn_reset.ui":{"rootdata":{"2":"Reset"}},"/ui/common/title/btn_continue.ui":{"rootdata":{"0":"Continue"}},"/ui/common/ui/btn_exit.ui":{"rootdata":{"2":"Exit"}},"character":{"yuma":"Yuma","michiru":"Michiru","father":"father","nanano":"Nanano ","chinatsu":"Cinatsu","customer":"visitor","mother":"mother","koyuki":"Koyuki","_____":"_____","unknown":"?","reina":"Rena "},"/ui/720p/extra/cgpage.ui":{"rootdata":{"0":{"0":"CG"}}},"scene":{"3":{"hidden":"Koyuki route","name":"playing lovers"},"4":{"hidden":"Koyuki route","name":"Sister Koyuki, who is like a sister to me"},"10":{"hidden":"Rena route","name":"Happy Hour"},"8":{"hidden":"Michiru Route","name":"Michiru will never be forgotten."},"6":{"hidden":"koyuki route","name":"I like Koyuki's sister."},"12":{"hidden":"Nanano route","name":"A truth that will one day be known."},"15":{"hidden":"Michiru END","name":"Michiru END"},"0":{"hidden":"common route","name":"Dangerous existence that leads to corruption"},"5":{"hidden":"Koyuki route","name":"Distance not complete lovers."},"17":{"hidden":"Nanano END","name":"Nanano END"},"9":{"hidden":"Rena route","name":"I can't betray Rena-senpai."},"2":{"hidden":"common route","name":"When to make up your mind"},"7":{"hidden":"Chinatsu route","name":"I'm worried about Chinatsu's sister."},"11":{"hidden":"Nanano route","name":"Ms. Nanano's mysterious charm"},"14":{"hidden":"Chinatsu END","name":"Chinatsu END"},"1":{"hidden":"common route","name":"Holidays when seniors come to visit"},"13":{"hidden":"Koyuki END","name":"Koyuki END"},"16":{"hidden":"Rena END","name":"Rena END"}},"/ui/common/extra/btn_thumbnail.ui":{"rootdata":{"0":{"1":"NoData"}}},"/ui/720p/extra/soundpage.ui":{"rootdata":{"0":{"0":"sound"}}},"/img/720p/bg/ED04_a.ui":{"rootdata":{"0":{"1":"Original Drawing Character Design","2":"drill pencil","3":"Justice Komachi"}}},"/ui/720p/language/language.ui":{"rootdata":{"1":{"1":"Language"}}},"/ui/common/extra/btn_scene.ui":{"rootdata":{"2":"scene"}},"/ui/720p/talk/log.ui":{"rootdata":{"0":{"1":"BackLog"}}},"/img/720p/bg/ED00_a.ui":{"rootdata":{"0":{"1":"Miruky Poko","2":"\"Playing Sister.\"","3":"draft"}}},"/ui/common/title/btn_config.ui":{"rootdata":{"0":"Config"}},"/img/720p/bg/ED01_a.ui":{"rootdata":{"0":{"5":"Chinatsu Amegaya: Rena Kaihara","6":"Michiru Sasamori: Yuko Shibuya","3":"Rena Shikashi: Miyu Terashima","4":"Nanano Kisaragi: Iori Nemea","1":"cast","2":"Koyuki Amegaya: Yuna Nansui"}}},"/img/720p/bg/ED08_a.ui":{"rootdata":{"0":{"1":"Fin."}}},"/ui/common/title/btn_start.ui":{"rootdata":{"0":"Start"}},"/ui/common/extra/btn_cg.ui":{"rootdata":{"2":"CG"}},"/ui/common/title/btn_language.ui":{"rootdata":{"0":"Language"}},"/ui/720p/storage/storage.ui":{"rootdata":{"1":{"1":"Save"}}},"/ui/common/ui/btn_back.ui":{"rootdata":{"2":"Back"}},"/img/720p/bg/ED05_a.ui":{"rootdata":{"0":{"1":"sound","2":"stray (e.g. dog, cat)"}}},"/ui/720p/extra/routepage.ui":{"rootdata":{"0":{"0":"scene"}}},"/ui/common/extra/achieve.ui":{"rootdata":{"0":{"1":"rate of achievement"}}},"/ui/common/extra/btn_sound.ui":{"rootdata":{"2":"sound"}},"/ui/720p/extra/scenepage.ui":{"rootdata":{"0":{"0":"scene"}}},"/ui/common/title/btn_extra.ui":{"rootdata":{"0":"Extra"}},"/ui/common/title/btn_load.ui":{"rootdata":{"0":"Load"}},"/img/720p/bg/ED03_a.ui":{"rootdata":{"0":{"1":"scenario","2":"thinly sliced sandwiches","3":"Pentecostal Crusade "}}},"/ui/common/storage/datum.ui":{"rootdata":{"3":{"1":"No Data"}}},"dict":{"title.translate.cancaled":"The download was interrupted and the language settings are initialized.","talk.quickload.confirm.yes":"Reopen.","title.continue.confirm.yes":"Reopen.","config.10.0":"local","language.error.255":"The server is unavailable.","language.restart":"Return to the title screen.","config.6":"message window transparency","title.continue.confirm":"Do you want to resume from a saved scene?","title.continue.nodata":"There is no save data.","config.9":"Continuation of auto mode after choice","storage.date":"Date :","config.12.1":"window","config.1":"BGM","config.8.0":"local","storage.title.save":"Save","extra.scene.confirm":"Would you like to start with this scene?","title.translate.confirm.yes":"Download","title.translate.confirm":"Download the update file needed to start the game in %s.","common.dialog.message.exit.yes":"Terminate","common.dialog.btn.no":"cancel","language.confirm.yes":"Change","config.10.1":"be just about to","storage.label.none":"No data","language.confirm":"Would you like to change the language used to %s?","config.5":"Auto mode speed","config.7.read":"Read Only","common.dialog.message.save.yes":"curbing (e.g. a file)","config.7.all":"all","config.12":"display mode","common.dialog.message.save":"Do you want to save?","common.dialog.message.load.yes":"load","config.tab.system":"SYSTEM","extra.cg.dialog.page":"%d / %d","language.error.2":"Access to the server is not allowed.","config.3":"VOICE","common.dialog.message.title.yes":"Go to Title.","title.translate.failed":"Initialize language settings due to download failure.","storage.title.load":"Load","config.9.0":"local","config.reset.confirm.yes":"Initialize","talk.quickload.confirm":"Do you want to resume from a saved scene?","config.tab.sound":"SOUND","storage.date.none":"----/--/----:--","config.4":"character display speed","config.reset.confirm":"Do you want to initialize your settings?","common.dialog.message.download":"Download.","title.translate.notallowed":"Initialize language settings due to missing required files.","config.9.1":"be just about to","common.dialog.message.load":"Do you want to load it?","common.dialog.btn.yes":"OK","config.7":"skip mode","config.10":"Color change of read text","language.error.1":"Server maintenance is in progress.","common.dialog.message.exit":"Do you want to exit the game?","extra.scene.confirm.yes":"Start","common.dialog.message.title":"Would you like to return to the title screen?","config.12.0":"full screen (video release of widescreen movie)","config.2":"SE","config.8.1":"be just about to","config.8":"Continued skipping after choices","talk.quicksave.message":"Saved.\nYou can resume from the current scene.","common.dialog.btn.cancel":"interruption"},"/img/720p/bg/ED02_a.ui":{"rootdata":{"0":{"3":"lucky-dip basket","4":"fodder","1":"produce","2":"isana (Isaac)"}}},"/img/720p/bg/ED07_a.ui":{"rootdata":{"0":{"1":"Program","2":"Sachi Yamano","3":"gorilla reserve army"}}},"/ui/common/ui/btn_title.ui":{"rootdata":{"2":"Title"}},"/ui/common/config/btn_system.ui":{"rootdata":{"2":"System"}},"/img/720p/bg/ED06_a.ui":{"rootdata":{"0":{"5":"evening assembly ","6":"magma takeshi","3":"Echizen egg","4":"udon noodles from Inaba ","1":"graphic","2":"alack"}}},"/ui/720p/config/config.ui":{"rootdata":{"1":{"1":"System"}}},"bgm":{"bg_h2":{"label":"strongly and deeply"},"bg_ni":{"label":"secret time"},"bg_op":{"label":"elder sister"},"bg_co":{"label":"I'm gonna play a prank on you..."},"bg_se":{"label":"drop that cannot be wiped out "},"bg_vo":{"label":"Squeeze and squeeze."},"bg_yu":{"label":"(sudden) evening shower (rain)"},"bg_h1":{"label":"wonderful fragrance"},"bg_d2":{"label":"The Power of a Smile"},"bg_og":{"label":"When I close my eyelids."},"bg_d1":{"label":"Chamaecyparis obtusa var. breviramea "}}}