{"/ui/common/config/btn_sound.ui":{"rootdata":{"2":"sound"}},"/ui/common/config/btn_reset.ui":{"rootdata":{"2":"Reset"}},"/ui/common/title/btn_continue.ui":{"rootdata":{"0":"Continue"}},"/ui/common/ui/btn_exit.ui":{"rootdata":{"2":"Exit"}},"character":{"rinko":"Rinko","female_student":"female student","sho":"Syo","misora":"Misora ","female_doctor":"woman doctor","sho_mother":"Syo's mother","male_student":"male student","mayu":"Mayu","sho_father":"Syo's father","unknown":"?","_____":"_____","man":"guy"},"/ui/720p/extra/cgpage.ui":{"rootdata":{"0":{"0":"CG"}}},"scene":{"5":{"hidden":"Mayu route","name":"Mayu smiling softly"},"3":{"hidden":"common route","name":"People who have unfinished business."},"4":{"hidden":"Rinko route","name":"Dr. Rinko makes a strong impression"},"9":{"hidden":"Rinko END","name":"Rinko END"},"2":{"hidden":"common route","name":"Until you can walk the streets."},"7":{"hidden":"normal route","name":"I want a normal love life."},"8":{"hidden":"harem route","name":"You can't pick and choose who you want."},"6":{"hidden":"Misora route","name":"Free-spirited beautiful sky"},"12":{"hidden":"Normal END","name":"Normal END"},"10":{"hidden":"Mayu END","name":"Mayu END"},"1":{"hidden":"common route","name":"The day I've been waiting for"},"13":{"hidden":"Harlem END","name":"Harlem END"},"11":{"hidden":"Misora END","name":"Misora END"},"0":{"hidden":"common route","name":"After school you'll never forget"}},"/ui/common/extra/btn_thumbnail.ui":{"rootdata":{"0":{"1":"NoData"}}},"/ui/720p/extra/soundpage.ui":{"rootdata":{"0":{"0":"sound"}}},"/ui/common/title/btn_start.ui":{"rootdata":{"0":"Start"}},"/ui/720p/language/language.ui":{"rootdata":{"1":{"1":"Language"}}},"/ui/common/extra/achieve.ui":{"rootdata":{"0":{"1":"rate of achievement"}}},"/ui/720p/talk/log.ui":{"rootdata":{"0":{"1":"BackLog"}}},"/img/720p/bg/ED00_a.ui":{"rootdata":{"0":{"1":"peony","2":"\"The lewd and lascivious ward.\"","3":"draft"}}},"/ui/common/title/btn_config.ui":{"rootdata":{"0":"Config"}},"/img/720p/bg/ED01_a.ui":{"rootdata":{"0":{"3":"Mayu Sasaki: Ayaka Igasaki","4":"Misora Anebe: Sakura Momose","1":"cast","2":"Rinko Yamamura: Aika Kashiwagi"}}},"/ui/common/title/btn_extra.ui":{"rootdata":{"0":"Extra"}},"/img/720p/bg/ED05_a.ui":{"rootdata":{"0":{"1":"sound","2":"John Kuroda"}}},"/ui/common/extra/btn_cg.ui":{"rootdata":{"2":"CG"}},"/ui/common/title/btn_language.ui":{"rootdata":{"0":"Language"}},"/img/720p/bg/ED04_a.ui":{"rootdata":{"0":{"1":"Original Drawing Character Design","2":"sonic eccentric"}}},"/ui/common/ui/btn_back.ui":{"rootdata":{"2":"Back"}},"/img/720p/bg/ED08_a.ui":{"rootdata":{"0":{"1":"Fin."}}},"/ui/720p/extra/routepage.ui":{"rootdata":{"0":{"0":"scene"}}},"/ui/common/extra/btn_sound.ui":{"rootdata":{"2":"sound"}},"/ui/common/storage/datum.ui":{"rootdata":{"3":{"1":"No Data"}}},"/ui/720p/extra/scenepage.ui":{"rootdata":{"0":{"0":"scene"}}},"/ui/720p/storage/storage.ui":{"rootdata":{"1":{"1":"Save"}}},"/ui/common/title/btn_load.ui":{"rootdata":{"0":"Load"}},"/img/720p/bg/ED03_a.ui":{"rootdata":{"0":{"1":"scenario","2":"\u6c50\u9b42\u821e","3":"multiflora rose "}}},"/ui/common/extra/btn_scene.ui":{"rootdata":{"2":"scene"}},"dict":{"title.translate.cancaled":"The download was interrupted and the language settings are initialized.","talk.quickload.confirm.yes":"Reopen.","title.continue.confirm.yes":"Reopen.","config.10.0":"local","language.error.255":"The server is unavailable.","language.restart":"Return to the title screen.","config.6":"message window transparency","title.continue.confirm":"Do you want to resume from a saved scene?","common.dialog.btn.yes":"OK","storage.title.save":"Save","storage.date":"Date :","config.12.1":"window","config.1":"BGM","config.8.0":"local","common.dialog.message.load":"Do you want to load it?","extra.scene.confirm":"Would you like to start with this scene?","title.translate.confirm.yes":"Download","title.translate.confirm":"Download the update file needed to start the game in %s.","common.dialog.message.exit.yes":"Terminate","common.dialog.btn.no":"cancel","language.confirm.yes":"Change","config.10.1":"be just about to","storage.label.none":"No data","language.confirm":"Would you like to change the language used to %s?","config.10":"Color change of read text","config.9":"Continuation of auto mode after choice","config.9.0":"local","config.7.all":"all","config.7.read":"Read Only","common.dialog.message.save.yes":"save","talk.quicksave.message":"Saved.\nYou can resume from the current scene.","config.tab.system":"SYSTEM","extra.cg.dialog.page":"%d / %d","language.error.2":"Access to the server is not authorized.","common.dialog.message.save":"Do you want to save?","common.dialog.message.load.yes":"load","title.translate.failed":"Initialize language settings due to download failure.","common.dialog.message.title.yes":"Go to Title.","config.3":"VOICE","config.reset.confirm.yes":"Initialize","talk.quickload.confirm":"Do you want to resume from a saved scene?","common.dialog.message.exit":"Do you want to exit the game?","storage.date.none":"----/--/----:--","config.4":"character display speed","common.dialog.btn.cancel":"interruption","common.dialog.message.download":"Download.","title.translate.notallowed":"Initialize language settings due to missing required files.","config.12":"display mode","storage.title.load":"Load","config.9.1":"be just about to","config.7":"skip mode","config.5":"Auto mode speed","language.error.1":"Server maintenance is in progress.","config.8":"Continued skipping after choices","extra.scene.confirm.yes":"Start","common.dialog.message.title":"Would you like to return to the title screen?","config.12.0":"full screen (video release of widescreen movie)","config.2":"SE","config.8.1":"be just about to","config.reset.confirm":"Do you want to initialize your settings?","config.tab.sound":"SOUND","title.continue.nodata":"There is no save data."},"/img/720p/bg/ED02_a.ui":{"rootdata":{"0":{"3":"Ura Koei","4":"Southern Italy","1":"produce","2":"UNA"}}},"/img/720p/bg/ED07_a.ui":{"rootdata":{"0":{"1":"Program","2":"sound without a tone","3":"gorilla reserve army"}}},"/ui/common/ui/btn_title.ui":{"rootdata":{"2":"Title"}},"/ui/common/config/btn_system.ui":{"rootdata":{"2":"System"}},"/img/720p/bg/ED06_a.ui":{"rootdata":{"0":{"5":"\u5915\u4f9d","3":"dry river bedrock","4":"Fire God Flame","1":"graphic","2":"white meat ball "}}},"/ui/720p/config/config.ui":{"rootdata":{"1":{"1":"System"}}},"bgm":{"bg_h1":{"label":"bawdy bedchamber"},"bg_h2":{"label":"reversal of offensive and defensive positions"},"bg_op":{"label":"New In"},"bg_hu":{"label":"Things to tighten"},"bg_me":{"label":"Patient in distress"},"bg_ad":{"label":"dull and uninteresting"},"bg_d1":{"label":"moment by moment"}}}