{"/img/720p/bg/ED09_a.ui":{"rootdata":{"0":{"5":"Song: Yuka","3":"Lyrics: Kakutenko","4":"Composed by Maze","1":"Ending","2":"Beyond."}}},"/ui/common/config/btn_sound.ui":{"rootdata":{"2":"sound"}},"/ui/common/config/btn_reset.ui":{"rootdata":{"2":"Reset"}},"/ui/common/title/btn_continue.ui":{"rootdata":{"0":"Continue"}},"/ui/common/ui/btn_exit.ui":{"rootdata":{"2":"Exit"}},"character":{"nobility":"Nobleman","martina":"Martina","daisy_daughter":"Daisy's daughter","woman_C":"Woman C","noble_daughter":"Daughter of a Nobleman","chloe":"Chloe","bandit":"Bandit","woman_A":"Woman A","elf_A":"Elf A","daisy":"Daisy","female_soldier_B":"Female Soldier B","charlotte":"Charlotte","lily":"Lily","woman_B":"Woman B","soldier":"Soldier","maid":"Maid","daigo":"Daigo","female_soldier_A":"Female Soldier A","unknown":"\uff1f\uff1f\uff1f","escort":"Bodyguard","elf_B":"Elf B","woman":"Woman","shop_owner":"Shopkeeper","captain":"Commanding Officer","_____":"_____"},"/ui/720p/extra/cgpage.ui":{"rootdata":{"0":{"0":"CG"}}},"scene":{"3":{"hidden":"03","name":"Why men are not born"},"4":{"hidden":"04","name":"Bet on Charlotte."},"10":{"hidden":"10","name":"Intellectual Chloe"},"8":{"hidden":"08","name":"I'm not tied to Lily."},"6":{"hidden":"06","name":"Make Daisy your own."},"12":{"hidden":"12","name":"Chloe's downfall"},"15":{"hidden":"15","name":"Reunion in a real town"},"18":{"hidden":"18","name":"But I still love Chloe."},"0":{"hidden":"00","name":"Why I was called to another world"},"5":{"hidden":"05","name":"I bet on Martina's story."},"17":{"hidden":"17","name":"We just loved each other."},"9":{"hidden":"09","name":"I just do what I want to do."},"2":{"hidden":"02","name":"Defeat Martina."},"7":{"hidden":"07","name":"Lily, the Queen"},"11":{"hidden":"11","name":"As a result of selfish behavior."},"14":{"hidden":"14","name":"What it means for a person to become a parent"},"1":{"hidden":"01","name":"Emergence of bandit gangs"},"13":{"hidden":"13","name":"A world where people can freely fall in love"},"16":{"hidden":"16","name":"Romantic story"},"19":{"hidden":"19","name":"I tried to love only Chloe."}},"/ui/common/extra/btn_thumbnail.ui":{"rootdata":{"0":{"1":"NoData"}}},"/ui/720p/extra/soundpage.ui":{"rootdata":{"0":{"0":"Sound"}}},"/ui/common/title/btn_start.ui":{"rootdata":{"0":"Start"}},"/ui/720p/language/language.ui":{"rootdata":{"1":{"1":"Language"}}},"/ui/common/extra/btn_scene.ui":{"rootdata":{"2":"Scene"}},"/ui/720p/talk/log.ui":{"rootdata":{"0":{"1":"BackLog"}}},"/img/720p/bg/ED00_a.ui":{"rootdata":{"0":{"1":"\u5e7b\u904a\u90f7","2":"'My cock is too sacred to be useful!","3":"Original"}}},"/ui/common/title/btn_config.ui":{"rootdata":{"0":"Config"}},"/img/720p/bg/ED01_a.ui":{"rootdata":{"0":{"5":"Martina : Yuko Shibuya","6":"Daisy : Kazumi Orito","3":"Chloe : Miku Tachikawa","4":"Charlotte : Yuzu Shibata","1":"Cast","2":"Lily : Iori Nemea"}}},"/img/720p/bg/ED08_a.ui":{"rootdata":{"0":{"1":"Fin."}}},"/img/720p/bg/ED04_a.ui":{"rootdata":{"0":{"1":"Original Drawing Character Design","2":"\u5fd7\u6469\u3061\u3087\u3053"}}},"/ui/common/extra/btn_cg.ui":{"rootdata":{"2":"CG"}},"/img/720p/bg/ED05_a.ui":{"rootdata":{"0":{"1":"\u30b5\u30a6\u30f3\u30c9","2":"\u8ff7"}}},"/ui/720p/storage/storage.ui":{"rootdata":{"1":{"1":"Save"}}},"/ui/common/ui/btn_back.ui":{"rootdata":{"2":"Back"}},"/ui/common/extra/achieve.ui":{"rootdata":{"0":{"1":"Achievement"}}},"/ui/720p/extra/routepage.ui":{"rootdata":{"0":{"0":"Scene"}}},"bgm":{"bg_h2":{"label":"streaming sweat"},"bg_d1":{"label":"Light at your fingertips"},"bg_pi":{"label":"Overflowing feelings"},"bg_h1":{"label":"jet black"},"bg_end":{"label":"beyond"},"bg_sl":{"label":"healthy breeze"},"bg_d2":{"label":"Kakato music"},"bg_op":{"label":"distant star"},"bg_hu":{"label":"murmuring heart"}},"/ui/common/extra/btn_sound.ui":{"rootdata":{"2":"Sound"}},"/ui/720p/extra/scenepage.ui":{"rootdata":{"0":{"0":"Scene"}}},"/ui/common/title/btn_extra.ui":{"rootdata":{"0":"Extra"}},"/ui/common/title/btn_load.ui":{"rootdata":{"0":"Load"}},"/img/720p/bg/ED03_a.ui":{"rootdata":{"0":{"1":"Scenario","2":"\u534a\u89d2Bento","3":"\u30cf\u30a4\u30da\u30ed\u30d4\u30a2"}}},"/ui/common/storage/datum.ui":{"rootdata":{"3":{"1":"No Data"}}},"dict":{"title.translate.cancaled":"The download has been interrupted and the language settings will be initialized.","talk.quickload.confirm.yes":"Resume","title.continue.confirm.yes":"Resume","config.10.0":"No","storage.title.save":"Save","language.restart":"Return to the title screen.","config.6":"Message Window Transparency","title.continue.confirm":"Do you want to restart from a saved scene?","title.continue.nodata":"There is no saved data.","config.7.read":"Read Only","config.12":"Display Mode","common.dialog.message.load.yes":"Load","config.12.1":"Window","config.1":"Background Music","talk.trialfinish.message":"This is the end of the trial version.\nPlease enjoy the rest of the story in the full version.","config.9":"Auto-mode continuation after choice","extra.scene.confirm":"Do you want to start with this scene?","title.translate.confirm.yes":"Download","title.translate.confirm":"Download the update files needed to start the game at %s.","common.dialog.message.exit.yes":"Exit","common.dialog.btn.no":"Cancel","language.confirm.yes":"Change","config.10.1":"Yes","storage.label.none":"No data","language.confirm":"Do you want to change the language you use to %s?","config.5":"Auto-mode Speed","storage.title.load":"Load","common.dialog.message.save.yes":"Save","config.7.all":"All","common.dialog.btn.yes":"OK","common.dialog.message.title.yes":"To the Title Screen","storage.date":"Date :","config.tab.system":"SYSTEM","extra.cg.dialog.page":"%d / %d","language.error.2":"You are not allowed to access the server.","config.8.0":"No","config.3":"VOICE","title.translate.failed":"Initialize the language settings because the download failed.","config.9.1":"Yes","config.9.0":"No","config.reset.confirm.yes":"Initialize","talk.quickload.confirm":"Do you want to resume from a saved scene?","config.tab.sound":"SOUND","talk.quicksave.message":"Saved.\nYou can resume from the current scene.","config.4":"Character Display Speed","config.reset.confirm":"Do you want to initialize the settings?","common.dialog.message.download":"Downloading","title.translate.notallowed":"Initialize the language settings because the required files are missing.","common.dialog.message.save":"Do you want to save the game?","common.dialog.message.title":"Do you want to return to the Title Screen?","common.dialog.message.load":"Do you want to load the game?","config.7":"Skip Mode","language.error.255":"The server is unavailable.","language.error.1":"The server is under maintenance.","storage.date.none":"----/--/----:--","extra.scene.confirm.yes":"Initiate","config.10":"Color change of read text","config.12.0":"Full Screen","config.2":"SE","config.8.1":"Yes","config.8":"Skip continuation after choice","common.dialog.message.exit":"Do you want to quit the game?","common.dialog.btn.cancel":"Pause"},"/img/720p/bg/ED02_a.ui":{"rootdata":{"0":{"3":"\u9ce5\u5742\u3086\u3046\u304d","4":"\u51db\u7a7a","1":"Produce","2":"\u591a\u5948\u8a00"}}},"/img/720p/bg/ED07_a.ui":{"rootdata":{"0":{"1":"Program","2":"\u5cf6\u91ce\u6597\u7406","3":"\u30b4\u30ea\u30e9\u4e88\u5099\u8ecd"}}},"/ui/common/ui/btn_title.ui":{"rootdata":{"2":"Title"}},"/ui/common/config/btn_system.ui":{"rootdata":{"2":"System"}},"/img/720p/bg/ED06_a.ui":{"rootdata":{"0":{"5":"\u5915\u4f9d","6":"\u30de\u30b0\u30de\u5927\u5b66\u751f","3":"MORO\u304d\u3085\u3046\uff5e","4":"\u5b64\u9ad8\u306e\u30d0\u30f3\u30c9\u30de\u30f3","1":"\u30b0\u30e9\u30d5\u30a3\u30c3\u30af","2":"\u67f4\u597d\u304d\u4e38"}}},"/ui/720p/config/config.ui":{"rootdata":{"1":{"1":"System"}}},"/ui/common/title/btn_language.ui":{"rootdata":{"0":"Language"}}}