    {
	"endpoints":
	[
		{
			"environment": "dev",
			"hydraUrl": "https://int-api.wbagora.com",
			"hydraAPIKey": "d390b0e377864a01950661f95bb0c09f",
			"hydraClientID": "faae7c06-b158-4faf-9711-87a8d256865e",
			"eventEndpoint": "https://dev-event.wbinsights.com/seven11/v1/event"
		},
		{
			"environment": "qa",
			"hydraUrl": "https://mk11-api.wbagora.com",
			"hydraAPIKey": "696315b9462647d7a968f90e8cf9d3ad",
			"hydraClientID": "faae7c06-b158-4faf-9711-87a8d256865e",
			"eventEndpoint": "https://dev-event.wbinsights.com/seven11/v1/event"
		},
		{
			"environment": "cert",
			"hydraUrl": "https://mk11-api.wbagora.com",
			"hydraAPIKey": "a3a57c0c4e514fab89c8675d74b7e18f",
			"hydraClientID": "faae7c06-b158-4faf-9711-87a8d256865e",
			"eventEndpoint": "https://dev-event.wbinsights.com/seven11/v1/event"
		},
		{
			"environment": "prod",
			"hydraUrl": "https://mk11-api.wbagora.com",
			"hydraAPIKey": "d771896cdada448f9330403e928fd977",
			"hydraClientID": "faae7c06-b158-4faf-9711-87a8d256865e",
			"eventEndpoint": "https://event.wbinsights.com/seven11/v1/event"
		}
	],
	"allow_remote":true
}

