{"/ui/common/config/btn_sound.ui":{"rootdata":{"2":"Sound"}},"/ui/common/config/btn_reset.ui":{"rootdata":{"2":"Reset"}},"/ui/common/title/btn_continue.ui":{"rootdata":{"0":"Continue"}},"/ui/common/ui/btn_exit.ui":{"rootdata":{"2":"Exit"}},"character":{"traveller_A":"Traveler A","man_A":"Man A","mermaid_C":"Mermaid C","charlotte":"Charlotte","elf_man_A":"Elf man A","dragonute":"Dragonute","dark_elf_man":"Dark Elf Man","merman":"Merman","dragonute_B":"Dragonute B","elf_man_B":"Elf man B","maid":"Maid","ariel":"Ariel","mermaid_B":"Mermaid B","crow":"Crow","vampire_woman":"Vampire Women","mercurio":"Mercurio","mermaid_A":"Mermaid A","religious_B":"Believer B","dragonute_A":"Dragonute A","dwarf_man":"Dwarf man","oak":"Oak","_____":"_____","religious_A":"Believer A","elmyr":"Hermia","woman_A":"Woman A","elder":"Eldest","littule":"Little","dwarf_B":"Dwarf B","goblins_B":"Goblin B","abram":"Abrams","man_B":"Man B","woman_B":"Woman B","elf_man":"Elf man","guru":"founder of a religious sect","dwarf_A":"Dwarf A","traveller_B":"Traveler B","unknown":"\uff1f\uff1f\uff1f","male_student":"Male Student","goblins_A":"Goblin A","itsuki":"Itsuki","dwarf_man_B":"Dwarf man B","centaur":"Centaur","dwarf_man_A":"Dwarf man A"},"bgm":{"bg_m2":{"label":"There is nothing unknown in that."},"bg_h2":{"label":"Embedded pleasure"},"bg_ni":{"label":"book"},"bg_op":{"label":"Aspiration, strong"},"bg_se":{"label":"iris"},"bg_h1":{"label":"nectar"},"bg_m1":{"label":"Fantasy record"},"bg_ed":{"label":"Michisilbe"},"bg_d1":{"label":"Overlooked time"},"bg_ne":{"label":"Beyond the smile"},"bg_fi":{"label":"woman who has a beautiful face and a beautiful body"}},"scene":{"3":{"hidden":"03","name":"Mastering the art of swordsmanship"},"4":{"hidden":"04","name":"Ariel is important."},"10":{"hidden":"10","name":"Underground City Defense"},"22":{"hidden":"22","name":"And I'm not giving up on Ermia."},"8":{"hidden":"08","name":"Mastering the art of magic"},"6":{"hidden":"06","name":"We're on our own."},"12":{"hidden":"12","name":"Vampires are suspicious."},"15":{"hidden":"15","name":"Somewhat broken Ariel"},"21":{"hidden":"21","name":"coming to light (e.g. someone behind the scenes)"},"0":{"hidden":"00","name":"The Brave Man Who Saves the World"},"5":{"hidden":"05","name":"I'm worried about the underground city."},"17":{"hidden":"17","name":"It's not a broken heart."},"23":{"hidden":"23","name":""},"9":{"hidden":"09","name":"Despite my skepticism."},"2":{"hidden":"02","name":"Protecting the Great Forest"},"7":{"hidden":"07","name":"I need your help."},"11":{"hidden":"11","name":"People are suspicious."},"14":{"hidden":"14","name":"He is obsessed with Hermia."},"20":{"hidden":"20","name":"What is happiness?"},"18":{"hidden":"18","name":"Now I was happy."},"1":{"hidden":"01","name":"time to make up one's mind"},"13":{"hidden":"13","name":"The truth is that Ariel started crying."},"16":{"hidden":"16","name":"I don't love anyone anymore."},"19":{"hidden":"19","name":"Broken love"}},"/ui/common/extra/btn_thumbnail.ui":{"rootdata":{"0":{"1":"NoData"}}},"/ui/720p/extra/soundpage.ui":{"rootdata":{"0":{"0":"Sound"}}},"/img/720p/bg/ED04_a.ui":{"rootdata":{"0":{"1":"Original Drawing Character Design","2":"\u5fd7\u6469\u3061\u3087\u3053"}}},"/ui/720p/language/language.ui":{"rootdata":{"1":{"1":"Language"}}},"/ui/common/extra/btn_scene.ui":{"rootdata":{"2":"Scene"}},"/ui/720p/talk/log.ui":{"rootdata":{"0":{"1":"BackLog"}}},"/img/720p/bg/ED00_a.ui":{"rootdata":{"0":{"1":"magical world","2":"Cuckold Skills.\"","3":"Original"}}},"/ui/common/title/btn_config.ui":{"rootdata":{"0":"Config"}},"/img/720p/bg/ED01_a.ui":{"rootdata":{"0":{"5":"Charlotte Dianda : Iori Nemea","6":"Mercurio Smail : Asanoruri","3":"Ritul Krolok : Miyu Terashima","4":"Elmia Fini : Chiho Kayanuma","1":"Cast","2":"Ariel Lounds : Kyoko Kuramochi"}}},"/img/720p/bg/ED08_a.ui":{"rootdata":{"0":{"1":"Fin"}}},"/ui/common/title/btn_load.ui":{"rootdata":{"0":"Load"}},"/ui/common/extra/btn_cg.ui":{"rootdata":{"2":"CG"}},"/ui/common/title/btn_language.ui":{"rootdata":{"0":"Language"}},"/ui/720p/extra/cgpage.ui":{"rootdata":{"0":{"0":"CG"}}},"/ui/common/ui/btn_back.ui":{"rootdata":{"2":"Back"}},"/ui/common/extra/achieve.ui":{"rootdata":{"0":{"1":"Achievement Rate"}}},"/ui/720p/extra/routepage.ui":{"rootdata":{"0":{"0":"Scene"}}},"/ui/720p/extra/scenepage.ui":{"rootdata":{"0":{"0":"Scene"}}},"/ui/common/storage/datum.ui":{"rootdata":{"3":{"1":"No Data"}}},"/ui/common/extra/btn_sound.ui":{"rootdata":{"2":"Sound"}},"/ui/720p/storage/storage.ui":{"rootdata":{"1":{"1":"Save"}}},"/ui/common/title/btn_extra.ui":{"rootdata":{"0":"Extra"}},"/img/720p/bg/ED03_a.ui":{"rootdata":{"0":{"1":"Scenario","2":"\u534a\u89d2Bento","3":"\u30cf\u30a4\u30da\u30ed\u30d4\u30a2"}}},"/ui/common/title/btn_start.ui":{"rootdata":{"0":"Start"}},"/img/720p/bg/ED02_a.ui":{"rootdata":{"0":{"3":"\u9ce5\u5742\u3086\u3046\u304d","4":"\u51db\u7a7a","1":"Produce","2":"\u591a\u5948\u8a00"}}},"dict":{"title.translate.cancaled":"The download has been interrupted and the language settings will be initialized.","talk.quickload.confirm.yes":"Resume","title.continue.confirm.yes":"Resume","config.10.0":"No","storage.title.save":"Save","language.restart":"Return to the title screen.","config.6":"Message Window Transparency","title.continue.confirm":"Do you want to restart from a saved scene?","title.continue.nodata":"There is no saved data.","common.dialog.message.save.yes":"Save","common.dialog.message.load.yes":"Load","config.12.1":"Window","config.1":"Background Music","config.8.0":"No","config.9":"Auto-mode continuation after choice","extra.scene.confirm":"Do you want to start with this scene?","title.translate.confirm.yes":"Download","common.dialog.message.title":"Do you want to return to the Title Screen?","common.dialog.message.exit.yes":"Exit","common.dialog.btn.no":"Cancel","language.confirm.yes":"Change","config.10.1":"Yes","storage.label.none":"No data","language.confirm":"Do you want to change the language you use to %s?","config.10":"Color change of read text","config.7.read":"Read Only","config.9.1":"Yes","config.7.all":"All","common.dialog.message.load":"Do you want to load the game?","common.dialog.message.title.yes":"To the Title Screen","common.dialog.message.save":"Do you want to save the game?","config.tab.system":"SYSTEM","extra.cg.dialog.page":"%d / %d","language.error.2":"You are not allowed to access the server.","config.5":"Auto-mode Speed","storage.date":"Date :","title.translate.failed":"Initialize the language settings because the download failed.","config.12":"Display Mode","config.9.0":"No","config.reset.confirm.yes":"Initialize","talk.quickload.confirm":"Do you want to restart from a saved scene?","config.tab.sound":"SOUND","talk.quicksave.message":"You have saved the game.\nYou can resume from the current scene.","config.4":"Character Display Speed","common.dialog.btn.cancel":"Pause","common.dialog.message.download":"Downloading","title.translate.notallowed":"Initialize the language settings because the required files are missing.","language.error.255":"The server is unavailable.","common.dialog.btn.yes":"OK","storage.title.load":"Load","config.7":"Skip Mode","common.dialog.message.exit":"Do you want to quit the game?","language.error.1":"The server is under maintenance.","config.reset.confirm":"Do you want to initialize the settings?","extra.scene.confirm.yes":"Initiate","storage.date.none":"----/--/----:--","config.12.0":"Full Screen","config.2":"SE","config.8.1":"Yes","title.translate.confirm":"Download the update files needed to start the game at %s.","config.3":"VOICE","config.8":"Skip continuation after choice"},"/img/720p/bg/ED07_a.ui":{"rootdata":{"0":{"1":"\u30d7\u30ed\u30b0\u30e9\u30e0","2":"\u5cf6\u91ce\u6597\u7406","3":"\u30b4\u30ea\u30e9\u4e88\u5099\u8ecd"}}},"/ui/common/ui/btn_title.ui":{"rootdata":{"2":"Title"}},"/ui/common/config/btn_system.ui":{"rootdata":{"2":"System"}},"/img/720p/bg/ED06_a.ui":{"rootdata":{"0":{"5":"\u5915\u4f9d","6":"\u30de\u30b0\u30de\u5927\u5b66\u751f","3":"MORO\u304d\u3085\u3046\uff5e","4":"\u5b64\u9ad8\u306e\u30d0\u30f3\u30c9\u30de\u30f3","1":"Graphic","2":"\u67f4\u597d\u304d\u4e38"}}},"/ui/720p/config/config.ui":{"rootdata":{"1":{"1":"System"}}},"/img/720p/bg/ED05_a.ui":{"rootdata":{"0":{"1":"\u30b5\u30a6\u30f3\u30c9","2":"\u8ff7"}}}}