{"/ui/common/config/btn_sound.ui":{"rootdata":{"2":"sound"}},"/ui/common/config/btn_reset.ui":{"rootdata":{"2":"Reset"}},"/ui/common/title/btn_continue.ui":{"rootdata":{"0":"Continue"}},"/ui/common/ui/btn_exit.ui":{"rootdata":{"2":"Exit"}},"character":{"younger_sister_2":"Sister 2","masato&sayo":"Masato & Sayo","younger_sister_5":"Sister 5","man_2":"Male 2","glasses_man":"glasses-wearing man","dog":"Dog","maid_B":"Maid B","little_girl":"little girl","staff":"clerk","younger_sister_3":"Sister 3","masato":"Masato","butler":"butler","butler_A":"Butler A","sayo":"Sayo","maid_A":"Maid A","butler&maidA":"Butler & Maid A","girls_mother":"Young girl's mother","all_members":"all of us","fatty_man":"chubby guy","_____":"_____","maid_1":"maid","the_master":"sir","younger_sister_4":"Sister 4","man_1":"Male 1","brionac":"Brunark.","younger_sister_1":"Sister 1","maid_C":"maid C","unknown":"What?","masato&maidA":"Masato & Made A","butlerA&maidA":"Butler A & Maid A","butler_B":"Butler B","maid_head":"head maid","man":"guy","manager":"store manager"},"/ui/720p/extra/cgpage.ui":{"rootdata":{"0":{"0":"CG"}}},"scene":{"5":{"hidden":"05"},"3":{"hidden":"03"},"4":{"hidden":"04"},"10":{"hidden":"10"},"2":{"hidden":"02"},"7":{"hidden":"07"},"8":{"hidden":"08"},"6":{"hidden":"06"},"12":{"hidden":"12"},"11":{"hidden":"11"},"1":{"hidden":"01"},"13":{"hidden":"13"},"9":{"hidden":"09"},"0":{"hidden":"00"}},"/ui/common/extra/btn_thumbnail.ui":{"rootdata":{"0":{"1":"NoData"}}},"/ui/720p/extra/soundpage.ui":{"rootdata":{"0":{"0":"sound"}}},"/ui/common/title/btn_start.ui":{"rootdata":{"0":"Start"}},"/ui/720p/language/language.ui":{"rootdata":{"0":{"0":"Language"}}},"/ui/common/extra/btn_scene.ui":{"rootdata":{"2":"scene"}},"/ui/720p/talk/log.ui":{"rootdata":{"0":{"1":"BackLog"}}},"/img/720p/bg/ED00_a.ui":{"rootdata":{"0":{"1":"Original idea M time \"Absolute Monarch! Sayo Sir!\""}}},"/ui/common/title/btn_config.ui":{"rootdata":{"0":"Config"}},"/img/720p/bg/ED01_a.ui":{"rootdata":{"0":{"1":"cast","2":"Misanagi Sayo : Kanon Tachibana"}}},"/ui/720p/extra/scenepage.ui":{"rootdata":{"0":{"0":"scene"}}},"/ui/common/title/btn_language.ui":{"rootdata":{"0":"Language"}},"/ui/common/extra/btn_cg.ui":{"rootdata":{"2":"CG"}},"/img/720p/bg/ED05_a.ui":{"rootdata":{"0":{"1":"sound","2":"arp"}}},"/ui/common/storage/datum.ui":{"rootdata":{"3":{"1":"No Data"}}},"/ui/common/ui/btn_back.ui":{"rootdata":{"2":"Back"}},"/img/720p/bg/ED04_a.ui":{"rootdata":{"0":{"1":"Original Drawing Character Design","2":"Oni Mayuge"}}},"/ui/720p/extra/routepage.ui":{"rootdata":{"0":{"0":"scene"}}},"bgm":{"h1":{"label":"doze"},"sl":{"label":"afternoon tea"},"se":{"label":"cloudy sky (weather)"},"d1":{"label":"From here today"},"co":{"label":"Skip Step"}},"/ui/common/extra/btn_sound.ui":{"rootdata":{"2":"sound"}},"/ui/720p/storage/storage.ui":{"rootdata":{"1":{"1":"Save"}}},"/ui/common/ui/btn_title.ui":{"rootdata":{"2":"Title"}},"/ui/common/title/btn_extra.ui":{"rootdata":{"0":"Extra"}},"/img/720p/bg/ED03_a.ui":{"rootdata":{"0":{"1":"scenario","2":"moon-hunting rabbit"}}},"/img/720p/bg/ED02_a.ui":{"rootdata":{"0":{"3":"slip of paper with a line in the center of a noh stage","4":"meteor","1":"produce","2":"samurai"}}},"/ui/common/extra/achieve.ui":{"rootdata":{"1":"Achievement"}},"dict":{"title.translate.canceled":"The download was interrupted and the language settings are initialized.","talk.quickload.confirm.yes":"Reopen.","title.continue.confirm.yes":"Reopen.","config.10.0":"Default color","language.error.255":"The server is unavailable.","language.restart":"Returning to Title Screen","config.6":"message window transparency","title.continue.confirm":"Do you want to resume from a saved scene?","title.continue.nodata":"There is no save data.","config.12":"display mode","storage.date":"Date :","config.12.1":"window","config.1":"BGM","config.8.0":"Stop","common.dialog.message.title.yes":"Go to Title.","extra.scene.confirm":"Would you like to start with this scene?","title.translate.confirm.yes":"Download","title.translate.confirm":"download the update files necessary to start the game.","common.dialog.message.exit.yes":"Terminate","common.dialog.btn.no":"cancel","language.confirm.yes":"Change","config.10.1":"Change color","storage.label.none":"No data","language.confirm":"Would you like to change the language?","config.10":"Already read sentences","storage.title.save":"Save","config.9":"Auto Continuity","config.7.all":"all","config.7.read":"Read Only","common.dialog.message.save.yes":"save","storage.title.load":"Load","config.tab.system":"SYSTEM","extra.cg.dialog.page":"%d / %d","language.error.2":"Access to the server is not allowed.","common.dialog.message.save":"Do you want to save?","common.dialog.message.load.yes":"load","title.translate.failed":"Initialize language settings due to download failure.","config.5":"Auto mode speed","config.9.0":"Not continued","config.reset.confirm.yes":"Initialize","talk.quickload.confirm":"Do you want to resume from a saved scene?","config.tab.sound":"SOUND","storage.date.none":"----/--/----:--","config.4":"character display speed","config.reset.confirm":"Do you want to initialize your settings?","common.dialog.message.download":"Download.","title.translate.notallowed":"Initialize language settings due to missing required files.","common.dialog.message.load":"Do you want to load it?","config.9.1":"Resume","common.dialog.btn.yes":"OK","config.7":"skip mode","common.dialog.message.title":"Would you like to return to the title screen?","language.error.1":"Server maintenance is in progress.","config.3":"VOICE","extra.scene.confirm.yes":"Start","common.dialog.message.exit":"Do you want to exit the game?","config.12.0":"Full screen","config.2":"SE","config.8.1":"Resume","config.8":"Skip Continuity","talk.quicksave.message":"Saved.\nYou can resume from the current scene.","common.dialog.btn.cancel":"interruption"},"/img/720p/bg/ED07_a.ui":{"rootdata":{"0":{"1":"Program","2":"Urami Red Sun","3":"gorilla reserve army"}}},"/img/720p/bg/ED08_a.ui":{"rootdata":{"0":{"1":"Fin."}}},"/ui/common/config/btn_system.ui":{"rootdata":{"2":"System"}},"/img/720p/bg/ED06_a.ui":{"rootdata":{"0":{"1":"graphic","2":"Ophioplocus japonicus (species of brittlestar)","3":"Toyosaki alpaca"}}},"/ui/720p/config/config.ui":{"rootdata":{"1":{"1":"System"}}},"/ui/common/title/btn_load.ui":{"rootdata":{"0":"Load"}}}