{"keys":["gamedata","gsetting"],"values":["{\"crec\":[{\"id\":3,\"cstate\":2},{\"id\":2,\"cstate\":2},{\"id\":1,\"cstate\":2}],\"rrec\":[{\"id\":1,\"rtype\":1,\"fnum\":1,\"snum\":0,\"tnum\":0,\"cnum\":1,\"pnum\":1},{\"id\":3,\"rtype\":1,\"fnum\":1,\"snum\":0,\"tnum\":0,\"cnum\":1,\"pnum\":1},{\"id\":3,\"rtype\":2,\"fnum\":1,\"snum\":0,\"tnum\":0,\"cnum\":1,\"pnum\":1},{\"id\":3,\"rtype\":3,\"fnum\":1,\"snum\":0,\"tnum\":0,\"cnum\":1,\"pnum\":1},{\"id\":3,\"rtype\":4,\"fnum\":1,\"snum\":0,\"tnum\":0,\"cnum\":1,\"pnum\":1},{\"id\":3,\"rtype\":5,\"fnum\":1,\"snum\":0,\"tnum\":0,\"cnum\":1,\"pnum\":1},{\"id\":2,\"rtype\":1,\"fnum\":1,\"snum\":0,\"tnum\":0,\"cnum\":1,\"pnum\":1},{\"id\":2,\"rtype\":2,\"fnum\":1,\"snum\":0,\"tnum\":0,\"cnum\":1,\"pnum\":1},{\"id\":2,\"rtype\":3,\"fnum\":1,\"snum\":0,\"tnum\":0,\"cnum\":1,\"pnum\":1},{\"id\":2,\"rtype\":4,\"fnum\":1,\"snum\":0,\"tnum\":0,\"cnum\":1,\"pnum\":1},{\"id\":2,\"rtype\":5,\"fnum\":1,\"snum\":0,\"tnum\":0,\"cnum\":1,\"pnum\":1},{\"id\":1,\"rtype\":2,\"fnum\":1,\"snum\":0,\"tnum\":0,\"cnum\":1,\"pnum\":1},{\"id\":1,\"rtype\":3,\"fnum\":1,\"snum\":0,\"tnum\":0,\"cnum\":1,\"pnum\":1},{\"id\":1,\"rtype\":4,\"fnum\":1,\"snum\":0,\"tnum\":0,\"cnum\":1,\"pnum\":1},{\"id\":1,\"rtype\":5,\"fnum\":1,\"snum\":0,\"tnum\":0,\"cnum\":1,\"pnum\":1}],\"minirec\":[],\"acstate\":2,\"_tutorialShowNum\":3,\"olnplnum\":0,\"olnclnum\":0,\"olnrate\":1000}","{\"bgmvol\":6,\"sevol\":6,\"lang\":1,\"vibe\":1}"]}