achievement0,2
record_level,10
record_time,701
record_kills,100
record_bosses,1
record_item,6
record_gold,1590
record_chest,4
record_points,12168
record_kills_points,3599
record_bosses_points,416
record_char[1],1
item11,1
item109,1
item108,1
item107,1
item106,1
item105,1
item104,1
item103,1
item102,1
item101,1
item100,1
item99,1
item98,1
item97,1
item96,1
item95,1
item94,1
item93,1
item92,1
item91,1
item90,1
item89,1
item88,1
item87,1
item86,1
item85,1
item84,1
item83,1
item82,1
item81,1
item80,1
item79,1
item78,1
item77,1
item76,1
item75,1
item74,1
item73,1
item72,1
item71,1
item70,1
item69,1
item68,1
item67,1
item66,1
item65,1
item64,1
item63,1
item62,1
item61,1
item60,1
item59,1
item58,1
item57,1
item56,1
item55,1
item54,1
item53,1
item52,1
item51,1
item50,1
item49,1
item48,1
item47,1
item46,1
item45,1
item44,1
item43,1
item42,1
item41,1
item40,1
item39,1
item38,1
item37,1
item36,1
item35,1
item34,1
item33,1
item32,1
item31,1
item30,1
item29,1
item28,1
item27,1
item26,1
item25,1
item24,1
item23,1
item22,1
item21,1
item20,1
item19,1
item18,1
item17,1
item16,1
item15,1
item14,1
item13,1
item12,1
item11,1
item10,1
item9,1
item8,1
item7,1
item6,1
item5,1
item4,1
item3,1
item2,1
item1,1
item0,1
mons0,1
mons1,1
mons2,1
mons3,1
mons4,1
mons5,1
mons6,1
mons7,1
mons8,1
mons9,1
mons10,1
mons11,1
mons12,1
mons13,1
mons14,1
mons15,1
mons16,1
mons17,1
mons18,1
mons19,1
mons20,1
mons21,1
mons22,1
mons23,1
mons24,1
mons25,1
mons26,1
mons27,1
mons28,1
mons29,1
mons30,1
arch_enemy_list,"oLizard,1,,0,"
use_list,"oDyno,141,,0,"
trophy_stats[11],0
cloud_arch_enemy_list,"oLizard,1,,0,"
cloud_use_list,"oDyno,141,,0,"
cloud_record_char[1],1
artifact0,1
artifact1,1
artifact2,1
artifact3,1
artifact4,1
artifact5,1
artifact6,1
artifact7,1
artifact8,1
artifact9,1
achievement1,2
achievement2,2
achievement3,2
achievement4,2
achievement5,2
achievement6,2
achievement7,2
achievement8,2
achievement9,2
achievement10,2
achievement11,2
achievement12,2
achievement13,2
achievement14,2
achievement15,2
achievement16,2
achievement17,2
achievement18,2
achievement19,2
achievement20,2
achievement21,2
achievement22,2
achievement23,2
achievement24,2
achievement25,2
achievement26,2
achievement27,2
achievement28,2
achievement29,2
achievement30,2
achievement31,2
achievement32,2
achievement33,2
achievement34,2
achievement35,2
achievement36,2
achievement37,2
achievement38,2
achievement39,2
achievement40,2
achievement41,2
achievement42,2
achievement43,2
achievement44,2
achievement45,2
achievement46,2
achievement47,2
achievement48,2
achievement49,2
achievement50,2
achievement51,2
achievement52,2
achievement53,2
achievement54,2
trophy_stats[0],26
trophy_stats[1],8990
trophy_stats[2],15
trophy_stats[3],3
trophy_stats[4],347158
trophy_stats[5],7
trophy_stats[6],8
trophy_stats[7],10
trophy_stats[8],595
trophy_stats[9],101
trophy_stats[10],18
trophy_stats[12],855
general_stats[0],67133
cloud_general_stats[0],67133
general_stats[1],61
cloud_general_stats[1],61
general_stats[2],17309
cloud_general_stats[2],17309
general_stats[3],893
cloud_general_stats[3],893
general_stats[4],4137065
cloud_general_stats[4],4137065
general_stats[5],3912244.161758
cloud_general_stats[5],3912244.161758
achievement_progress14,30
cloud_achievement_progress14,30
achievement_progress15,370604
cloud_achievement_progress15,370604
achievement_progress16,2606
cloud_achievement_progress16,2606
achievement_progress20,30
cloud_achievement_progress20,30
achievement_progress23,944
cloud_achievement_progress23,944
achievement_progress33,31645
cloud_achievement_progress33,31645
achievement_progress35,455
cloud_achievement_progress35,455
achievement_progress41,34
cloud_achievement_progress41,34
achievement_progress47,74
cloud_achievement_progress47,74
achievement_progress48,7185
cloud_achievement_progress48,7185
achievement_progress50,1012
cloud_achievement_progress50,1012
achievement_progress53,20092
cloud_achievement_progress53,20092
