{"/ui/common/config/btn_sound.ui":{"rootdata":{"2":"sound"}},"/ui/common/config/btn_reset.ui":{"rootdata":{"2":"Reset"}},"/ui/common/title/btn_continue.ui":{"rootdata":{"0":"Continue"}},"/ui/common/ui/btn_exit.ui":{"rootdata":{"2":"Exit"}},"character":{"satoru":"Satoru","aika_husband":"Aika's husband","female_voice":"Women's Voices","boy":"Boy","aika":"Aika","child_voice":"Children's Voice","_____":"_____","boss":"Supervisor","akito":"Akito","kazumi":"Kazumi","man":"Man","sakura":"Sakura","policeman":"Cop","unknown":"?","neighbor_wife":"Neighbor's wife","sakura_co-worker":"Sakura's workmates","tadashi":"Tadashi"},"/ui/720p/extra/cgpage.ui":{"rootdata":{"0":{"0":"CG"}}},"scene":{"3":{"hidden":"common route","name":"twisted personality"},"4":{"hidden":"common route","name":"The goddess is mine."},"10":{"hidden":"Kazumi Route 21","name":"Cursed souls"},"8":{"hidden":"Kazumi route","name":"Kazumi, who created the impetus"},"6":{"hidden":"Aika route 1","name":"All that remained was a cell phone number."},"12":{"hidden":"Cherry blossom route 2","name":"The only connection with Mr. Sakura"},"15":{"hidden":"Kazumi route 1END","name":"Kazumi route 1END"},"18":{"hidden":"Cherry Blossom Route 2 END","name":"Cherry Blossom Route 2 END"},"0":{"hidden":"common route","name":"Older Goddesses"},"5":{"hidden":"Aika route","name":"Aika, the catalyst for all this."},"17":{"hidden":"Cherry blossom route 1END","name":"Cherry blossom route 1END"},"9":{"hidden":"Kazumi route 1","name":"The kind of face you want to leave in a photo."},"2":{"hidden":"common route","name":"I want to keep my love all to myself."},"7":{"hidden":"Aika route 2","name":"People who experience the same loneliness."},"11":{"hidden":"Cherry blossom route 1","name":"I'm tempted to embarrass Mr. Sakura."},"14":{"hidden":"Aika route 2END","name":"Aika route 2END"},"1":{"hidden":"common route","name":"She whose name I don't know."},"13":{"hidden":"Aika route 1END","name":"Aika route 1END"},"16":{"hidden":"Kazumi route 2END","name":"Kazumi route 2END"}},"/ui/common/extra/btn_thumbnail.ui":{"rootdata":{"0":{"1":"NoData"}}},"/ui/720p/extra/soundpage.ui":{"rootdata":{"0":{"0":"sound"}}},"/ui/common/title/btn_start.ui":{"rootdata":{"0":"Start"}},"/ui/720p/language/language.ui":{"rootdata":{"1":{"1":"Language"}}},"/ui/common/extra/achieve.ui":{"rootdata":{"0":{"1":"rate of achievement"}}},"/ui/720p/talk/log.ui":{"rootdata":{"0":{"1":"BackLog"}}},"/img/720p/bg/ED00_a.ui":{"rootdata":{"0":{"1":"Original idea Peony","2":"\"\""}}},"/ui/common/title/btn_config.ui":{"rootdata":{"0":"Config"}},"/img/720p/bg/ED01_a.ui":{"rootdata":{"0":{"3":"Kazumi Yamazaki : Chii Hama","4":"Sakura Hijikata : Rito Tsukinaga","1":"cast","2":"Aika Ichikawa : Aika Kashiwagi"}}},"/img/720p/bg/ED05_a.ui":{"rootdata":{"0":{"1":"sound","2":"John Kuroda"}}},"/ui/common/config/btn_system.ui":{"rootdata":{"2":"System"}},"/ui/common/extra/btn_cg.ui":{"rootdata":{"2":"CG"}},"/ui/common/title/btn_language.ui":{"rootdata":{"0":"Language"}},"/img/720p/bg/ED08_a.ui":{"rootdata":{"0":{"1":"Fin."}}},"/ui/common/ui/btn_back.ui":{"rootdata":{"2":"Back"}},"/img/720p/bg/ED04_a.ui":{"rootdata":{"0":{"1":"Original Drawing Character Design","2":"sonic eccentric"}}},"/ui/720p/extra/routepage.ui":{"rootdata":{"0":{"0":"scene"}}},"/ui/720p/extra/scenepage.ui":{"rootdata":{"0":{"0":"scene"}}},"/ui/common/extra/btn_sound.ui":{"rootdata":{"2":"sound"}},"bgm":{"bg_h1":{"label":"What it means to ask for"},"bg_h2":{"label":"One-sided love"},"bg_sa":{"label":"Sadness that emerges"},"bg_hu":{"label":"Trembling Anxiety"},"bg_d2":{"label":"Swirling Desires"},"bg_op":{"label":"A mind-blowing impact"},"bg_d1":{"label":"If you've been touched by kindness"}},"/ui/common/storage/datum.ui":{"rootdata":{"3":{"1":"No Data"}}},"/ui/common/title/btn_extra.ui":{"rootdata":{"0":"Extra"}},"/img/720p/bg/ED03_a.ui":{"rootdata":{"0":{"1":"scenario","2":"Shiokonbu","3":"multiflora rose"}}},"/ui/common/title/btn_load.ui":{"rootdata":{"0":"Load"}},"dict":{"title.continue.confirm.yes":"Reopen","config.10.0":"No","common.error.message.save.nospace":"Save failed due to insufficient free space.","title.continue.confirm":"Do you want to resume from a saved scene?","config.8":"Continued skipping after choices","storage.date":"Date: (date)","config.1":"BGM","title.translate.confirm.yes":"Download","common.dialog.message.title":"Would you like to return to the title screen?","common.dialog.btn.no":"cancel","language.confirm.yes":"Change","config.10.1":"Yes","language.confirm":"Would you like to change the language used to %s?","config.10":"Color change of read text","config.7.all":"all","extra.cg.dialog.page":"%d / %d","common.dialog.message.save.yes":"Save","config.9.0":"No","common.dialog.message.exit":"Do you want to exit the game?","storage.date.none":"----/--/----:--","config.reset.confirm":"Do you want to initialize your settings?","title.translate.notallowed":"Initialize language settings due to missing required files.","config.7":"skip mode","common.error.message.load":"Failed to load.","common.dialog.message.title.yes":"Go to Title.","config.9.1":"Yes","config.8.1":"Yes","title.translate.cancaled":"The download was interrupted and the language settings are initialized.","talk.quickload.confirm.yes":"Reopen","storage.title.save":"Save","language.restart":"Return to the title screen.","config.6":"message window transparency","title.continue.nodata":"There is no save data.","config.12.1":"Window","storage.title.load":"Load","config.8.0":"No","extra.scene.confirm":"Would you like to start with this scene?","title.translate.confirm":"Download the update file needed to start the game in %s.","common.dialog.message.exit.yes":"Terminate","storage.label.none":"No data","config.5":"Auto mode speed","config.tab.system":"SYSTEM","language.error.2":"Access to the server is not allowed.","config.7.read":"Read Only","config.3":"VOICE","config.reset.confirm.yes":"Initialize","talk.quickload.confirm":"Do you want to resume from a saved scene?","config.tab.sound":"SOUND","talk.quicksave.message":"Saved.\nYou can resume from the current scene.","config.4":"character display speed","common.dialog.btn.cancel":"interruption","common.dialog.message.download":"Download.","common.error.message.save.broken":"Data is initialized due to corruption of saved data.","common.dialog.message.load":"Do you want to load it?","config.12":"Display mode","config.12.0":"Full screen","config.9":"Continuation of auto mode after choice","language.error.1":"Server maintenance is in progress.","extra.scene.confirm.yes":"Start","title.translate.failed":"Initialize language settings due to download failure.","common.dialog.btn.yes":"OK","config.2":"SE","common.error.message.save":"Save failed.","common.dialog.message.save":"Do you want to save?","common.dialog.message.load.yes":"Load","language.error.255":"The server is unavailable."},"/img/720p/bg/ED02_a.ui":{"rootdata":{"0":{"3":"Dandelion","4":"Southern Italy","1":"produce","2":"UNA"}}},"/img/720p/bg/ED07_a.ui":{"rootdata":{"0":{"1":"Program","2":"Hibiki Otonashi","3":"gorilla reserve army"}}},"/ui/common/ui/btn_title.ui":{"rootdata":{"2":"Title"}},"/ui/720p/storage/storage.ui":{"rootdata":{"1":{"1":"Save"}}},"/img/720p/bg/ED06_a.ui":{"rootdata":{"0":{"5":"Yui","3":"Soseki Kawahara","4":"Hinokami Hono","1":"graphic","2":"white pawpaw"}}},"/ui/720p/config/config.ui":{"rootdata":{"1":{"1":"System"}}},"/ui/common/extra/btn_scene.ui":{"rootdata":{"2":"scene"}}}