{"/ui/common/config/btn_sound.ui":{"rootdata":{"2":"Sound"}},"/ui/common/config/btn_reset.ui":{"rootdata":{"2":"Reset"}},"/ui/common/title/btn_continue.ui":{"rootdata":{"0":"Continue"}},"/ui/common/ui/btn_exit.ui":{"rootdata":{"2":"Exit"}},"character":{"younger_sister_2":"Little sister 2","masato&sayo":"Masato & Sayo","younger_sister_5":"Little sister 5","man_2":"Man 2","glasses_man":"Glasses","dog":"snoop (i.e. a detective, a spy, etc.)","maid_B":"Maid B","manager":"Shopkeep","maid_head":"head maid","younger_sister_3":"Little sister 3","masato":"Masato","butler":"butler","butler_A":"Butler A","sayo":"Sayo","butlerA&maidA":"Butler A & Maid A","butler&maidA":"Butler & Maid A","girls_mother":"Mother of Little girl","all_members":"all of us","fatty_man":"Fatty","_____":"_____","maid_1":"maid","the_master":"Sir","younger_sister_4":"Little sister 4","man_1":"Man 1","brionac":"Brunak","maid_A":"Maid A","maid_C":"Maid C","younger_sister_1":"Little sister 1","masato&maidA":"Masato & Maid A","staff":"clerk","unknown":"\uff1f\uff1f\uff1f","man":"man","butler_B":"Butler B","little_girl":"Little girl"},"/ui/720p/extra/cgpage.ui":{"rootdata":{"0":{"0":"CG"}}},"scene":{"3":{"hidden":"03","name":"The big M and the little S"},"4":{"hidden":"04","name":"Ah, the wonderful M days!"},"10":{"hidden":"10","name":"mid-morning sickness"},"8":{"hidden":"08","name":"Serious S vs Serious M"},"6":{"hidden":"06","name":"M is easily misunderstood."},"12":{"hidden":"12","name":"Dark Cloud M Castle"},"15":{"hidden":"15","name":"Me"},"18":{"hidden":"END3","name":"END \"Distant Existence"},"0":{"hidden":"00","name":"There is no such thing as a bad M-man. Even if they are pedophiles."},"5":{"hidden":"05","name":"M special water"},"17":{"hidden":"END2","name":"END \"Hiyu Rengiri"},"9":{"hidden":"09","name":"I saw M."},"2":{"hidden":"02","name":"M's dream"},"7":{"hidden":"07","name":"Milk Tea"},"11":{"hidden":"11","name":"Sing it, dance it, M ondo"},"14":{"hidden":"14","name":"Blood, sweat, and M."},"1":{"hidden":"01","name":"M turning point"},"13":{"hidden":"13","name":"M-man style"},"16":{"hidden":"END1","name":"END \"Service\""},"19":{"hidden":"Secret END","name":"END \"...I'm back.\""}},"/ui/common/extra/btn_thumbnail.ui":{"rootdata":{"0":{"1":"NoData"}}},"/ui/720p/extra/soundpage.ui":{"rootdata":{"0":{"0":"Sound"}}},"/ui/common/title/btn_start.ui":{"rootdata":{"0":"Start"}},"/ui/720p/language/language.ui":{"rootdata":{"1":"Language"}},"/ui/common/extra/btn_scene.ui":{"rootdata":{"2":"Chapter"}},"/ui/720p/talk/log.ui":{"rootdata":{"0":{"1":"BackLog"}}},"/img/720p/bg/ED00_a.ui":{"rootdata":{"0":{"1":"Original idea M no Jikan \"Absolute Monarch! Lady Sayo !\""}}},"/ui/common/title/btn_config.ui":{"rootdata":{"0":"Config"}},"/img/720p/bg/ED01_a.ui":{"rootdata":{"0":{"1":"Cast","2":"Sayo Misanagi : Aono Musubi"}}},"bgm":{"h1":{"label":"slumber"},"sl":{"label":"afternoon tea"},"se":{"label":"cloudy sky (weather)"},"d1":{"label":"From here today."},"co":{"label":"Skip Step"}},"/img/720p/bg/ED08_a.ui":{"rootdata":{"0":{"1":"Fin"}}},"/ui/common/extra/btn_cg.ui":{"rootdata":{"2":"CG"}},"/img/720p/bg/ED05_a.ui":{"rootdata":{"0":{"1":"Production Cooperation","2":"Cyber Step, Inc."}}},"/ui/720p/extra/scenepage.ui":{"rootdata":{"0":{"0":"Scene"}}},"/ui/common/ui/btn_back.ui":{"rootdata":{"2":"Back"}},"/ui/common/title/btn_language.ui":{"rootdata":{"0":"Language"}},"/ui/720p/extra/routepage.ui":{"rootdata":{"0":{"0":"Scene"}}},"/ui/common/extra/btn_sound.ui":{"rootdata":{"2":"Sound"}},"/ui/common/storage/datum.ui":{"rootdata":{"3":{"1":"No Data"}}},"/ui/720p/storage/storage.ui":{"rootdata":{"1":"Save"}},"/ui/common/extra/achieve.ui":{"rootdata":{"1":"Achievement rate"}},"/ui/common/title/btn_load.ui":{"rootdata":{"0":"Load"}},"/img/720p/bg/ED03_a.ui":{"rootdata":{"0":{"5":"\u30e9\u30d4\u30d1\u30ab\u304b\u306e\u3093","3":"\u6771\u96f2\u3081\u304b\u3076","4":"\u9b3cMAYUGE","9":"\u306f\u3061\u307f\u3064\u9b54\u4eba","2":"\u6708\u5f85\u514e","7":"arp","8":"\u30df\u30ca\u30df\u30ce\u30c6\u30f3\u30b8\u30f3\u30aa\u30fc","6":"\u6d66\u898b\u7d05\u8449","1":"Remake Staff","10":"\u5915\u4f9d"}}},"dict":{"title.translate.cancaled":"The download has been interrupted and the language settings will be initialized.","talk.quickload.confirm.yes":"Resume.","title.continue.confirm.yes":"Resume.","config.10.0":"local","storage.title.save":"Save","language.restart":"Return to the title screen.","config.6":"Message window transparency","title.continue.confirm":"Do you want to restart from a saved scene?","title.continue.nodata":"There is no save data.","config.7.read":"Read only","storage.date":"Date :","config.12.1":"window","config.1":"BGM","config.8.0":"local","config.9":"Auto mode continuation after selection","extra.scene.confirm":"Do you want to start with this scene?","title.translate.confirm.yes":"Download","title.translate.confirm":"Download the update file needed to start the game at %s.","common.dialog.message.exit.yes":"End.","common.dialog.btn.no":"Cancel","language.confirm.yes":"Change.","config.10.1":"be (in a state, condition, etc.)","storage.label.none":"No data","language.confirm":"Do you want to change the language used to %s?","config.5":"Auto mode speed","common.dialog.message.save.yes":"save","common.dialog.message.load":"Do you want to load it?","config.7.all":"All","common.dialog.message.save":"Do you want to save it?","common.dialog.message.exit":"Do you want to quit the game?","common.dialog.message.title.yes":"To the title.","config.tab.system":"SYSTEM","extra.cg.dialog.page":"%d / %d","language.error.2":"You are not allowed to access the server.","config.12":"Display mode","config.9.1":"be (in a state, condition, etc.)","title.translate.failed":"Initialize the language settings because the download failed.","common.dialog.message.load.yes":"load","config.9.0":"local","config.reset.confirm.yes":"Initialize.","talk.quickload.confirm":"Do you want to restart from a saved scene?","config.tab.sound":"SOUND","talk.quicksave.message":"You have saved the game.\nYou can resume from the current scene.","config.4":"character display speed","config.reset.confirm":"Do you want to initialize the settings?","common.dialog.message.download":"I am downloading it.","title.translate.notallowed":"Initialize the language settings because the required files are missing.","language.error.255":"The server is unavailable.","common.dialog.btn.yes":"OK.","common.dialog.btn.cancel":"interruption","config.7":"skip mode","config.10":"Change the color of already-read sentences","language.error.1":"The server is under maintenance.","storage.title.load":"Load","extra.scene.confirm.yes":"Initiate.","common.dialog.message.title":"Do you want to return to the title screen?","config.12.0":"full screen (video release of widescreen movie resized for 4:3 image display)","config.2":"SE","config.8.1":"be (in a state, condition, etc.)","config.3":"VOICE","config.8":"Skip continuation after choice","storage.date.none":"----/--/-- --:--"},"/img/720p/bg/ED04_a.ui":{"rootdata":{"0":{"1":"comprehensive production","2":"\u6b66\u58eb"}}},"/img/720p/bg/ED02_a.ui":{"rootdata":{"0":{"1":"Produce","2":"\u7b46\u9280","3":"\u6d41\u661f"}}},"/img/720p/bg/ED07_a.ui":{"rootdata":{"0":{"1":"Fin"}}},"/ui/common/ui/btn_title.ui":{"rootdata":{"2":"Title"}},"/ui/common/config/btn_system.ui":{"rootdata":{"2":"System"}},"/img/720p/bg/ED06_a.ui":{"rootdata":{"0":{"1":"production","2":"Rideon Works Co. Ltd,"}}},"/ui/720p/config/config.ui":{"rootdata":{"1":"System"}},"/ui/common/title/btn_extra.ui":{"rootdata":{"0":"Extra"}}}