{"/ui/common/title/btn_language-.ui":{"rootdata":{"0":"\u8bed\u8a00"}},"/ui/common/config/btn_reset.ui":{"rootdata":{"2":"Reset"}},"/ui/common/title/btn_continue-.ui":{"rootdata":{"0":"\u7ee7\u7eed"}},"/ui/common/title/btn_continue.ui":{"rootdata":{"0":"\u7ee7\u7eed"}},"/ui/common/ui/btn_exit.ui":{"rootdata":{"2":"\u9000\u51fa"}},"character":{"shingen":"\u4fe1\u7384","villager_B":"\u6751\u6c11B","girl":"\u5c0f\u5973\u5b69","samurai":"\u6218\u58eb","vassal_A":"Vassal A.","_____":"_____","ninja":"\u5fcd\u8005","kenshin_vassal":"\u8b19\u4fe1\u7684\u4fdd\u7559","mitsuhide":"\u5149\u79c0","nobunaga":"\u4fe1\u9577","villager_A":"\u6751\u6c11A","vassal":"\u5bb6\u81e3","soldier_A":"\u58eb\u5175A","classmate_A":"\u540c\u5b66A","villager":"\u4e61\u4eb2\u4eec","soldier_B":"\u58eb\u5175B","soldier":"\u58eb\u5175","mysterious_girl":"\u795e\u79d8\u5973\u5b69","ranmaru":"\u862d\u4e38","villager_C":"\u6751\u6c11C","unknown":"?","vassal_B":"\u81e3\u5b50B","keitarou":"\u666f\u592a\u90ce","mitsuhide_vassal":"\u5149\u79c0\u7684\u81e3\u5b50\u4eec","kenshin":"\u8b19\u4fe1","nobunaga_vassal":"\u4fe1\u957f\u7684\u9644\u5eb8","classmate_B":"\u540c\u5b66B"},"/ui/720p/extra/cgpage.ui":{"rootdata":{"0":{"0":"CG"}}},"scene":{"5":{"hidden":"?????","name":"\u5c3d\u7ba1\u4ed6\u4eec\u77e5\u9053\u8fd9\u662f\u4e00\u79cd\u80cc\u53db\u3002"},"3":{"hidden":"?????","name":"\u5929\u5802\u4e0b\u7684\u7ec7\u7530\u4fe1\u957f"},"4":{"hidden":"?????","name":"\u5f7c\u6b64\u5438\u5f15\uff0c\u5f7c\u6b64\u76f8\u4f3c\u3002"},"9":{"hidden":"?????","name":"\u751f\u6d3b\u5728\u4e00\u4e2a\u6218\u4e71\u7684\u4e16\u754c\u91cc"},"2":{"hidden":"?????","name":"\u5965\u514b\u54c8\u624e\u9a6c\u4e4b\u6218\uff081868\u5e74\uff09"},"7":{"hidden":"?????","name":"\u5fe0\u8bda\u5ea6\u5f97\u5230\u68c0\u9a8c\u3002"},"8":{"hidden":"?????","name":"\u4e3a\u4e86\u518d\u6b21\u89c1\u5230\u5bf9\u65b9\u3002"},"6":{"hidden":"?????","name":"\u5fe0\u4e8e\u4fe1\u7384\u516c\u3002"},"12":{"hidden":"?????","name":"\u4e0e\u4f60\u540c\u5728\uff0c\u5c3d\u7ba1\u4f60\u5f88\u8270\u96be\u3002"},"10":{"hidden":"?????","name":"\u575a\u5b9a\u7684\u51b3\u5fc3"},"1":{"hidden":"?????","name":"\u5bf9\u4fe1\u957f\u7684\u5fe0\u8bda"},"13":{"hidden":"?????","name":"\u7a7f\u8d8a\u65f6\u7a7a\u7684\u91cd\u805a"},"11":{"hidden":"?????","name":"\u6ca1\u6709\u4ec0\u4e48\u53ef\u5bb3\u6015\u7684\u3002"},"0":{"hidden":"?????","name":"\u90a3\u4e9b\u7a7f\u7740\u5f02\u56fd\u4ed6\u4e61\u670d\u88c5\u7684\u4eba\u3002"}},"/ui/common/extra/btn_thumbnail.ui":{"rootdata":{"0":{"1":"NoData"}}},"/ui/720p/extra/soundpage.ui":{"rootdata":{"0":{"0":"\u58f0\u97f3"}}},"/ui/common/title/btn_start.ui":{"rootdata":{"0":"\u5f00\u59cb"}},"/ui/720p/language/language.ui":{"rootdata":{"1":{"1":"\u8bed\u8a00"}}},"/ui/common/extra/btn_scene.ui":{"rootdata":{"2":"\u573a\u666f"}},"/ui/720p/talk/log.ui":{"rootdata":{"0":{"1":"BackLog"}}},"/ui/common/title/btn_load-.ui":{"rootdata":{"0":"\u8bfb\u53d6"}},"/img/720p/bg/ED08_a.ui":{"rootdata":{"0":{"1":"Fin"}}},"/img/720p/bg/ED00_a.ui":{"rootdata":{"0":{"1":"\u5403\u6c34","2":"\u767e\u7f57\u53e3\u888b","3":"'\u6211\u60f3\u8ba9\u516c\u4e3b\u6218\u795e\u53d7\u5b55\uff01'"}}},"/ui/common/title/btn_extra-.ui":{"rootdata":{"0":"\u989d\u5916\u7684"}},"/img/720p/bg/ED04_a.ui":{"rootdata":{"0":{"1":"\u539f\u59cb\u56fe\u7eb8 \u89d2\u8272\u8bbe\u8ba1","2":"\u96ea\u666f"}}},"/ui/common/config/btn_system.ui":{"rootdata":{"2":"\u7cfb\u7edf"}},"/ui/common/title/btn_config.ui":{"rootdata":{"0":"\u914d\u7f6e"}},"/img/720p/bg/ED01_a.ui":{"rootdata":{"0":{"5":"\u660e\u667a\u5149\u79c0: \u83e9\u63d0\u8428\u57f5Nomeme\u3002","6":"\u68ee\u862d\u4e38\uff1a\u5c0f\u6d25\u5bcc\u5c71\u3002","3":"\u6b66\u7530\u4fe1\u7384\uff1a\u60a0\u60a0\u60a0\u91ce\u3002","4":"\u4e0a\u6749\u8b19\u4fe1: Beni Ishihara","1":"\u89d2\u8272","2":"\u7ec7\u7530\u4fe1\u957f\uff1aTarto Sakurano\u3002"}}},"/ui/720p/extra/scenepage.ui":{"rootdata":{"0":{"0":"\u573a\u666f"}}},"/img/720p/bg/ED05_a.ui":{"rootdata":{"0":{"1":"\u58f0\u97f3","2":"\u6d41\u6d6a\u72d7"}}},"/ui/common/extra/btn_cg.ui":{"rootdata":{"2":"CG"}},"/ui/common/title/btn_language.ui":{"rootdata":{"0":"\u8bed\u8a00"}},"/ui/common/title/btn_start-.ui":{"rootdata":{"0":"\u5f00\u59cb"}},"/ui/common/ui/btn_back.ui":{"rootdata":{"2":"\u8fd4\u56de"}},"/ui/common/extra/achieve.ui":{"rootdata":{"0":{"1":"\u5b8c\u6210\u7387"}}},"/ui/720p/extra/routepage.ui":{"rootdata":{"0":{"0":"\u573a\u666f"}}},"dict":{"title.translate.cancaled":"\u4e0b\u8f7d\u5df2\u88ab\u4e2d\u65ad\uff0c\u8bed\u8a00\u8bbe\u7f6e\u5c06\u88ab\u521d\u59cb\u5316\u3002","talk.quickload.confirm.yes":"\u7ee7\u7eed\u5f00\u59cb","title.continue.confirm.yes":"\u7ee7\u7eed\u5f00\u59cb","config.10.0":"\u62d2\u7edd","storage.title.save":"\u50a8\u5b58","language.restart":"\u8fd4\u56de\u5230\u6807\u9898\u753b\u9762\u3002","config.6":"\u8baf\u606f\u89c6\u7a97\u900f\u660e\u5ea6","title.continue.confirm":"\u8981\u4ece\u50a8\u5b58\u7684\u573a\u666f\u91cd\u65b0\u5f00\u59cb\u5417\uff1f","title.continue.nodata":"\u6ca1\u6709\u5b58\u6863","config.9":"\u9009\u62e9\u540e\u7ee7\u7eed\u4fdd\u6301\u81ea\u52a8\u6a21\u5f0f","common.dialog.message.load.yes":"\u8bfb\u53d6","config.12.1":"\u7a97\u53e3","config.1":"BGM","config.8.0":"\u62d2\u7edd","storage.date":"\u65e5\u671f:","extra.scene.confirm":"\u4f60\u60f3\u4ece\u8fd9\u4e2a\u573a\u666f\u5f00\u59cb\u5417\uff1f","title.translate.confirm.yes":"\u4e0b\u8f7d","title.translate.confirm":"\u4e0b\u8f7d\u9700\u8981\u7684\u66f4\u65b0\u6587\u4ef6\uff0c\u4ee5\u542f\u52a8\u6e38\u620f\uff0c %s \u3002","common.dialog.message.exit.yes":"\u9000\u51fa","common.dialog.btn.no":"\u53d6\u6d88","language.confirm.yes":"\u6539\u53d8\u5df2\u8bfb\u6587\u7ae0\u7684\u989c\u8272","config.10.1":"\u540c\u610f","storage.label.none":"\u6ca1\u6709\u5b58\u6863","language.confirm":"\u8981\u4f7f\u7528\u7684\u8bed\u8a00\u6539\u53d8\u6210 %s\u5417\uff1f","config.5":"\u81ea\u52a8\u6a21\u5f0f\u901f\u5ea6","config.7.read":"\u4ec5\u9650\u5df2\u9605\u8bfb\u90e8\u5206","common.dialog.message.save.yes":"\u50a8\u5b58","config.7.all":"\u5168\u90e8","config.12":"\u663e\u793a\u6a21\u5f0f","common.dialog.message.save":"\u8981\u50a8\u5b58\u5417\uff1f","common.dialog.message.title":"\u8981\u56de\u5230\u6807\u9898\u753b\u9762\u5417\uff1f","config.tab.system":"SYSTEM","extra.cg.dialog.page":"%d / %d","language.error.2":"\u60a8\u672a\u88ab\u6388\u6743\u8fde\u7ebf\u81f3\u4f3a\u670d\u5668","common.dialog.message.title.yes":"\u56de\u5230\u6807\u9898","config.10":"\u6539\u53d8\u5df2\u8bfb\u6587\u7ae0\u7684\u989c\u8272","title.translate.failed":"\u4e0b\u8f7d\u5df2\u7ecf\u5931\u8d25\uff0c\u8bed\u8a00\u8bbe\u7f6e\u5c06\u88ab\u521d\u59cb\u5316\u3002","config.9.1":"\u540c\u610f","config.9.0":"\u62d2\u7edd","config.reset.confirm.yes":"\u521d\u59cb\u5316","talk.quickload.confirm":"\u4f60\u60f3\u4ece\u4fdd\u5b58\u7684\u573a\u666f\u4e2d\u91cd\u65b0\u5f00\u59cb\u5417\uff1f","config.tab.sound":"SOUND","storage.date.none":"----/--/------:--","config.4":"\u6587\u5b57\u663e\u793a\u901f\u5ea6","common.dialog.btn.cancel":"\u4e2d\u65ad","common.dialog.message.download":"\u6b63\u5728\u4e0b\u8f7d\u3002","title.translate.notallowed":"\u56e0\u4e3a\u5fc5\u8981\u6587\u4ef6\u4e0d\u8db3\uff0c\u8bed\u8a00\u8bbe\u7f6e\u5c06\u88ab\u521d\u59cb\u5316\u3002","common.dialog.message.load":"\u8981\u8bfb\u53d6\u5417\uff1f","language.error.255":"\u4f3a\u670d\u5668\u76ee\u524d\u65e0\u6cd5\u4f7f\u7528\u3002","common.dialog.btn.yes":"OK","config.7":"SKIP\u6a21\u5f0f","config.reset.confirm":"\u4f60\u60f3\u521d\u59cb\u5316\u4f60\u7684\u8bbe\u5b9a\u5417\uff1f","language.error.1":"\u4f3a\u670d\u5668\u7ef4\u62a4\u4e2d","common.dialog.message.exit":"\u60a8\u8981\u9000\u51fa\u6e38\u620f\u5417\uff1f","extra.scene.confirm.yes":"\u5f00\u59cb","storage.title.load":"\u8bfb\u53d6","config.12.0":"\u5168\u8424\u5e55","config.2":"SE","config.8.1":"\u540c\u610f","config.3":"VOICE","config.8":"\u5267\u60c5\u9009\u9879\u540e\u7ee7\u7eedSKIP","talk.quicksave.message":"\u5df2\u7ecf\u50a8\u5b58\u3002\n\u5c06\u4ece\u73b0\u5728\u7684\u573a\u666f\u5f00\u59cb\u6e38\u620f\u3002"},"/ui/common/storage/datum.ui":{"rootdata":{"3":{"1":"No Data"}}},"bgm":{"bg_07":{"label":"\u51b3\u80dc\u5c40"},"bg_op":{"label":"\u5e7d\u96c5"},"bg_06":{"label":"\u5411\u524d\u7ebf\u51fa\u53d1"},"bg_03":{"label":"\u6109\u5feb\u7684"},"bg_09":{"label":"\u67d4\u548c\u7684\u76ae\u80a4\u6e29\u6696"},"bg_02":{"label":"\u5b89\u9759\u7684\u7a7a\u6c14"},"bg_10":{"label":"\u5f52\u56fd"},"bg_08":{"label":"\u5f97\u5bf8\u8fdb\u5c3a"},"bg_05":{"label":"\u5e73\u9759\u5730"},"bg_04":{"label":"\u4e00\u4e1d\u4e0d\u5b89"}},"/ui/common/title/btn_config-.ui":{"rootdata":{"0":"\u914d\u7f6e"}},"/ui/common/title/btn_extra.ui":{"rootdata":{"0":"\u989d\u5916\u7684"}},"/img/720p/bg/ED03_a.ui":{"rootdata":{"0":{"1":"\u573a\u666f","2":"\u6d8c\u51fa","3":"\u8282\u65e5\u9e1f"}}},"/ui/common/config/btn_sound.ui":{"rootdata":{"2":"\u58f0\u97f3"}},"/ui/common/extra/btn_sound.ui":{"rootdata":{"2":"\u58f0\u97f3"}},"/img/720p/bg/ED02_a.ui":{"rootdata":{"0":{"3":"\u6cbc\u6cfd\u5730\u8c46\u5b50(Stejnegeria nigrum)","4":"\u5bf9\u4e0d\u8d77","1":"\u88fd\u4f5c","2":"\u8336\u8c46"}}},"/img/720p/bg/ED07_a.ui":{"rootdata":{"0":{"1":"\u65b9\u6848\u3002","2":"\u7c73\u897f\u8bfa\u8718\u86db","3":"\u5927\u7329\u7329\u540e\u5907\u519b"}}},"/ui/common/ui/btn_title.ui":{"rootdata":{"2":"\u6807\u9898"}},"/ui/720p/storage/storage.ui":{"rootdata":{"1":{"1":"\u50a8\u5b58"}}},"/img/720p/bg/ED06_a.ui":{"rootdata":{"0":{"5":"\u665a\u95f4\u96c6\u4f1a(\u516c\u53f8)","3":"\u4e2d\u6751\u5783\u573e\u90ae\u4ef6","4":"\u4e03\u6d77\u6d69","1":"\u56fe\u5f62","2":"\u5df4\u9f99\u5854\u5c3c\u5b89"}}},"/ui/720p/config/config.ui":{"rootdata":{"1":{"1":"\u7cfb\u7edf"}}},"/ui/common/title/btn_load.ui":{"rootdata":{"0":"\u8bfb\u53d6"}}}