{"/ui/common/config/btn_sound.ui":{"rootdata":{"2":"sound"}},"/ui/common/config/btn_reset.ui":{"rootdata":{"2":"Reset"}},"/ui/common/title/btn_continue.ui":{"rootdata":{"0":"Continue"}},"/ui/common/ui/btn_exit.ui":{"rootdata":{"2":"Exit"}},"character":{"gargoyle":"gargoyle","treant":"tree people","renzi_to_clara":"Kulara (Renji)","therianthropy_A":"Beast A","demon":"ogre","warrior":"warrior","wizard":"wizard","lizardman":"lizardman","soldier_A":"Soldier A","goblins_B":"Goblin B","ghost":"ghost","Chancellor":"prime minister (as the head of a cabinet government)","devils_daughter":"Daughter of the Demon King?","renzi_to_dorothy":"Dorothy (Renji)","soldier_B":"Soldier B","demon_B":"Oni B","king":"king","adventurer_A":"Adventurer A","clara":"Kulara","devil":"devil king","clara_mother":"Mother of Kulara","soldier":"soldier","kobold_A":"Kobold A","orc_A":"Oak A","monk":"monk","dragonewt_B":"Dragon Man B","therianthropy_C":"Beast C","satsuki":"satsuki azalea (Rhododendron indicum)","citizen_B":"Citizen B","clara_father":"father of Kulara","orc_B":"Oak B","orc":"oak","renzi_to_satsuki":"Satsuki (Renji)","citizen_A":"Citizen A","goblins":"goblin","_____":"_____","adventurer_B":"Adventurer B","renzi":"lotus root stalk","demon_girl":"daughter of a demon","harry":"Harry.","renzi_to_janice":"Janice (Renji)","man":"guy","kobold":"goblin","goblins_A":"Goblin A","dragonewt_A":"Dragon Man A","therianthropy_B":"Beastman B","kobold_B":"Kobold B","janice":"Janice.","demon_A":"Ogre A","swordfighter":"swordsman","dullahan":"Dullahan.","unknown":"?","asha":"Asha","Shopkeeper":"shopkeeper","salesperson":"clerk","renzi_to_asha":"Asha (Renji)","dorothy":"Dorothy.","rudolf":"Rudolph."},"bgm":{"04":{"label":"book"},"09":{"label":"outpouring of breath"},"10":{"label":"transformation caress"},"08":{"label":"kind heart"},"02":{"label":"labyrinth"},"07":{"label":"Silence forest"},"01":{"label":"foghorn"},"06":{"label":"Hoof Song"},"05":{"label":"What we have for sure"},"03":{"label":"busy voice"}},"scene":{"3":{"hidden":"03","name":"This is how you use transformation."},"4":{"hidden":"04","name":"How to make a change without getting caught"},"10":{"hidden":"10","name":"Transformation was still the strongest."},"22":{"hidden":"END5","name":"END \"Satsuki\""},"8":{"hidden":"08","name":"You can't stop transforming even if you're pissed off."},"6":{"hidden":"06","name":"(Mendel's) law of transformation"},"12":{"hidden":"12","name":"Bodies that change and those that remain the same"},"15":{"hidden":"15","name":"Your body changes for you."},"21":{"hidden":"END4","name":"END \"Asha\""},"0":{"hidden":"00","name":"Transformation.\""},"5":{"hidden":"05","name":"Even in disguise, the brave are afraid."},"17":{"hidden":"17","name":"I'll change this body and the world for you."},"9":{"hidden":"09","name":"What will you use yourself to change?"},"2":{"hidden":"02","name":"Effective use of transformation"},"7":{"hidden":"07","name":"peculiar temperament"},"11":{"hidden":"11","name":"The width of the transformation is the width of the mischief"},"14":{"hidden":"14","name":"What you can't do even with a metamorphosis"},"18":{"hidden":"END1","name":"END \"Kulara\"."},"20":{"hidden":"END3","name":"END \"Janice\"."},"1":{"hidden":"01","name":"Clues to Transformation"},"13":{"hidden":"13","name":"Changing bodies changed the world."},"16":{"hidden":"16","name":"A strange constitution, a changing body and an unchanging mind"},"19":{"hidden":"END2","name":"END \"Dorothy\"."}},"/ui/common/extra/btn_thumbnail.ui":{"rootdata":{"0":{"1":"NoData"}}},"/ui/720p/extra/soundpage.ui":{"rootdata":{"0":{"0":"sound"}}},"/img/720p/bg/ED04_a.ui":{"rootdata":{"0":{"1":"Original Drawing Character Design","2":"\u6771\u96f2\u3081\u304b\u3076"}}},"/ui/720p/language/language.ui":{"rootdata":{"1":"Language"}},"/ui/common/extra/btn_scene.ui":{"rootdata":{"2":"Chapter"}},"/ui/720p/talk/log.ui":{"rootdata":{"0":{"1":"BackLog"}}},"/img/720p/bg/ED00_a.ui":{"rootdata":{"0":{"1":"Original draft calcite \"A Different World, A Transformative Life\""}}},"/ui/common/title/btn_config.ui":{"rootdata":{"0":"Config"}},"/img/720p/bg/ED01_a.ui":{"rootdata":{"0":{"5":"Asha Carothers: Yuka","6":"Satsuki Shikano: Nene Tsukimori","3":"Dorothy Townsend: Higashi Shizu","4":"Janice Niven: Hoshi Yume","1":"cast","2":"Clara Easton: Natsuno Ume"}}},"/ui/common/title/btn_load.ui":{"rootdata":{"0":"Load"}},"/ui/common/title/btn_start.ui":{"rootdata":{"0":"Start"}},"/ui/common/extra/btn_cg.ui":{"rootdata":{"2":"CG"}},"/ui/common/title/btn_language.ui":{"rootdata":{"0":"Language"}},"/img/720p/bg/ED02_a.ui":{"rootdata":{"0":{"3":"\u30c8\u30ea\u30bb\u30f3","4":"\u84b2\u516c\u82f1","1":"produce","2":"HONU"}}},"/ui/common/ui/btn_back.ui":{"rootdata":{"2":"Back"}},"/ui/common/extra/btn_sound.ui":{"rootdata":{"2":"sound"}},"/ui/720p/extra/routepage.ui":{"rootdata":{"0":{"0":"scene"}}},"/ui/720p/extra/scenepage.ui":{"rootdata":{"0":{"0":"scene"}}},"/ui/common/storage/datum.ui":{"rootdata":{"3":{"1":"No Data"}}},"/ui/common/config/btn_system.ui":{"rootdata":{"2":"System"}},"/ui/common/extra/achieve.ui":{"rootdata":{"1":"Achievement"}},"/ui/common/title/btn_extra.ui":{"rootdata":{"0":"Extra"}},"/img/720p/bg/ED03_a.ui":{"rootdata":{"0":{"1":"\u30b7\u30ca\u30ea\u30aa","2":"\u7adc\u80c6\u3000\u751f","3":"\u672a\u523b\u70b9"}}},"/ui/720p/extra/cgpage.ui":{"rootdata":{"0":{"0":"CG"}}},"/img/720p/bg/ED08_a.ui":{"rootdata":{"0":{"1":"Fin."}}},"dict":{"title.translate.cancaled":"The download was interrupted and the language settings are initialized.","talk.quickload.confirm.yes":"Reopen.","title.continue.confirm.yes":"Reopen.","config.10.0":"Default color","storage.title.save":"Save","language.restart":"Return to the title screen.","config.6":"message window transparency","title.continue.confirm":"Do you want to resume from a saved scene?","config.8":"Skip Continuity","config.9":"Auto Continuity","storage.date":"Date :","config.12.1":"window","storage.title.load":"Load","config.8.0":"Not continued","title.continue.nodata":"There is no save data.","extra.scene.confirm":"Would you like to start with this scene?","title.translate.confirm.yes":"Download","title.translate.confirm":"Download the update file needed to start the game in %s.","common.dialog.message.exit.yes":"Terminate","common.dialog.btn.no":"cancel","language.confirm.yes":"Change","config.10.1":"Change color","storage.label.none":"No data","language.confirm":"Would you like to change the language used to %s?","config.5":"Auto mode speed","config.7.read":"Read Only","common.dialog.message.load.yes":"load","config.7.all":"all","common.dialog.message.title.yes":"Go to Title.","common.dialog.message.save":"Do you want to save?","common.dialog.message.save.yes":"save","config.tab.system":"SYSTEM","extra.cg.dialog.page":"%d / %d","language.error.2":"Access to the server is not allowed.","config.1":"BGM","common.dialog.btn.yes":"OK","title.translate.failed":"Initialize language settings due to download failure.","config.reset.confirm":"Do you want to initialize your settings?","config.3":"VOICE","config.reset.confirm.yes":"Initialize","talk.quickload.confirm":"Do you want to resume from a saved scene?","config.tab.sound":"SOUND","storage.date.none":"----/--/----:--","config.4":"character display speed","common.dialog.btn.cancel":"interruption","common.dialog.message.download":"Download.","title.translate.notallowed":"Initialize language settings due to missing required files.","config.2":"SE","talk.quicksave.message":"Saved.\nYou can resume from the current scene.","config.10":"Already read sentences","config.7":"skip mode","language.error.255":"The server is unavailable.","language.error.1":"Server maintenance is in progress.","config.12":"display mode","extra.scene.confirm.yes":"Start","common.dialog.message.load":"Do you want to load it?","config.12.0":"Full screen","config.9.1":"Continued","config.8.1":"Continued","common.dialog.message.title":"Would you like to return to the title screen?","common.dialog.message.exit":"Do you want to exit the game?","config.9.0":"Not continued"},"/img/720p/bg/ED07_a.ui":{"rootdata":{"0":{"1":"Program","2":"\u6ce2\u4e43\u97f3\u7fbd","3":"\u30b4\u30ea\u30e9\u4e88\u5099\u8ecd"}}},"/ui/common/ui/btn_title.ui":{"rootdata":{"2":"Title"}},"/ui/720p/storage/storage.ui":{"rootdata":{"1":"Save"}},"/img/720p/bg/ED06_a.ui":{"rootdata":{"0":{"5":"\u706b\u795e\u3000\u708e","3":"\u5927\u9053\u5bfa\u6642\u7db1","4":"\u8c4a\u5d0e\u306e\u30a2\u30eb\u30d1\u30ab","1":"graphic","2":"\u4e09\u98a8\u5442\u30fc\u304f\u3093"}}},"/ui/720p/config/config.ui":{"rootdata":{"1":"System"}},"/img/720p/bg/ED05_a.ui":{"rootdata":{"0":{"1":"sound","2":"stray (e.g. dog, cat)"}}}}