{"/ui/common/config/btn_sound.ui":{"rootdata":{"2":"sound"}},"/ui/common/config/btn_reset.ui":{"rootdata":{"2":"Reset"}},"/ui/common/title/btn_continue.ui":{"rootdata":{"0":"Continue"}},"/ui/common/ui/btn_exit.ui":{"rootdata":{"2":"Exit"}},"character":{"high_ranking_onmyoji":"Higher Onmyoji","townspeople_A":"Townspeople A","onmyoji":"Onmyoji","seven_tailed_fox":"Seven-tailed Kitsune ","townspeople_B":"Townspeople B","customer_A":"Customer A","_____":"_____","onmyoji_C":"Onmyoji Master C","customer_B":"Customer B","zen":"Zen","onmyoji_A":"Onmyoji Master A","sakuya":"Sakuya","chief_priest":"chief priest","female_customer":"female customer","mysterious_girl":"Mystery Girl","hazuki":"Hazuki","takane":"Takane","unknown":"???","midori":"Midori","townspeople_C":"Townspeople C","nagisa":"Nagisa","customer":"Customer","carpenter":"carpenter","onmyoji_B":"Onmyoji Master B"},"bgm":{"bg_h2":{"label":"all night"},"bg_op":{"label":"picture scroll depicting scene of Yin and Yang"},"bg_ri":{"label":"Oboro constellation"},"bg_in":{"label":"detective story"},"bg_d1":{"label":"daylight"},"bg_c1":{"label":"quiet"},"bg_bo":{"label":"thorn"},"bg_d2":{"label":"nature's beauty (cool breeze and bright moon)"},"bg_ba":{"label":"a time for confrontation"},"bg_h1":{"label":"exorcise "}},"scene":{"25":{"hidden":"Midori END","name":"Midori END"},"3":{"hidden":"common route","name":"Reconciliation with Midori"},"4":{"hidden":"common route","name":"A New Curse"},"10":{"hidden":"Sakuya route","name":"Reliable Sakuya"},"22":{"hidden":"Nagisa route","name":"Dangerous Love"},"27":{"hidden":"Takane END","name":"Takane END"},"8":{"hidden":"Hazuki route","name":"Reliable Hazuki"},"6":{"hidden":"common route","name":"Curse Solution"},"12":{"hidden":"Nagisa route","name":"Nagisa has a lot of experience."},"15":{"hidden":"Hazuki route","name":"Two for one."},"18":{"hidden":"Sakuya route","name":"Tomorrow with Sakuya"},"11":{"hidden":"odd-bell route","name":"Takane that were always together."},"0":{"hidden":"common route","name":"The Work of the Yin-Yang Master"},"5":{"hidden":"common route","name":"New collaborators"},"17":{"hidden":"Midori route","name":"Looking at the irrational"},"23":{"hidden":"Nagisa route","name":"Even if the relationship will end someday."},"24":{"hidden":"Hazuki END","name":"Hazuki END"},"9":{"hidden":"Midori route","name":"Midori who adores me"},"2":{"hidden":"common route","name":"The New Onmyoji"},"7":{"hidden":"common route","name":"Harbinger of a big battle"},"28":{"hidden":"Nagisa END","name":"Nagisa END"},"14":{"hidden":"Hazuki route","name":"The way to reach Hazuki"},"26":{"hidden":"Sakuya END","name":"Sakuya END"},"21":{"hidden":"Takane route","name":"Wish for Takane"},"20":{"hidden":"Takane route","name":"illicit love affair"},"1":{"hidden":"common route","name":"A Curse Looming Nearby"},"13":{"hidden":"common route","name":"Settling a Curse"},"16":{"hidden":"Midori route","name":"Clean footwear"},"19":{"hidden":"Sakuya route","name":"Memories of the past"}},"/ui/common/extra/btn_thumbnail.ui":{"rootdata":{"0":{"1":"NoData"}}},"/ui/720p/extra/soundpage.ui":{"rootdata":{"0":{"0":"sound"}}},"/ui/common/title/btn_start.ui":{"rootdata":{"0":"Start"}},"/ui/720p/language/language.ui":{"rootdata":{"1":{"1":"Language"}}},"/ui/common/extra/btn_scene.ui":{"rootdata":{"2":"scene"}},"/ui/720p/talk/log.ui":{"rootdata":{"0":{"1":"BackLog"}}},"/img/720p/bg/ED00_a.ui":{"rootdata":{"0":{"1":"draft","2":"Momoiro Pocket","3":"I want to impregnate the princess warlord!\""}}},"/ui/common/title/btn_config.ui":{"rootdata":{"0":"Config"}},"/img/720p/bg/ED01_a.ui":{"rootdata":{"0":{"5":"\u3000Takane : Reina Nagisaki","6":"Nagisa Tsunashi: Suzune Araki","3":"Midori Suzumiya: Chinatsu Ayamori","4":"Sakuya : Miu Maizora","1":"cast","2":"Hazuki Tsunashi:  Ibuki Aioi"}}},"/img/720p/bg/ED04_a.ui":{"rootdata":{"0":{"1":"Original Drawing Character Design","2":"Ginsekai"}}},"/ui/common/config/btn_system.ui":{"rootdata":{"2":"System"}},"/ui/common/extra/btn_cg.ui":{"rootdata":{"2":"CG"}},"/ui/common/title/btn_language.ui":{"rootdata":{"0":"Language"}},"/img/720p/bg/ED05_a.ui":{"rootdata":{"0":{"1":"sound","2":"Mayoi"}}},"/ui/common/ui/btn_back.ui":{"rootdata":{"2":"Back"}},"/ui/720p/extra/cgpage.ui":{"rootdata":{"0":{"0":"CG"}}},"/ui/720p/extra/routepage.ui":{"rootdata":{"0":{"0":"scene"}}},"/ui/common/extra/achieve.ui":{"rootdata":{"0":{"1":"rate of achievement"}}},"/ui/common/storage/datum.ui":{"rootdata":{"3":{"1":"No Data"}}},"/ui/720p/extra/scenepage.ui":{"rootdata":{"0":{"0":"scene"}}},"/ui/common/title/btn_extra.ui":{"rootdata":{"0":"Extra"}},"/ui/common/title/btn_load.ui":{"rootdata":{"0":"Load"}},"/img/720p/bg/ED03_a.ui":{"rootdata":{"0":{"1":"scenario","2":"Derodero","3":"Saiten no Tori"}}},"/img/720p/bg/ED08_a.ui":{"rootdata":{"0":{"1":"Fin."}}},"dict":{"title.translate.cancaled":"The download was interrupted and the language setting is initialized.","talk.quickload.confirm.yes":"Reopen.","title.continue.confirm.yes":"Reopen.","config.10.0":"local","storage.title.save":"Save","language.restart":"Return to the title screen.","config.6":"message window transparency","title.continue.confirm":"Do you want to resume from a saved scene?","title.continue.nodata":"There is no save data.","config.9":"Continuation of auto mode after choice","common.dialog.message.load.yes":"load","config.12.1":"window","config.1":"BGM","config.8.0":"local","config.7.read":"Read Only","extra.scene.confirm":"Would you like to start with this scene?","title.translate.confirm.yes":"Download","title.translate.confirm":"%sto download the update files necessary to start the game.","common.dialog.message.exit.yes":"Terminate","common.dialog.btn.no":"cancel","language.confirm.yes":"Change","config.10.1":"be just about to","storage.label.none":"No data","language.confirm":"Would you like to change the language used to %s?","config.10":"Color change of read text","common.dialog.message.load":"Do you want to load it?","common.dialog.message.title.yes":"Go to Title.","config.7.all":"all","common.dialog.message.save":"Do you want to save?","common.dialog.message.save.yes":"Save","storage.date.none":"----/--/----:--","config.tab.system":"SYSTEM","extra.cg.dialog.page":"%d / %d","language.error.2":"Access to the server is not allowed.","config.2":"SE","config.12":"display mode","title.translate.failed":"Initialize language settings due to download failure.","storage.title.load":"Load","config.9.0":"local","config.reset.confirm.yes":"Initialize","talk.quickload.confirm":"Do you want to resume from a saved scene?","config.tab.sound":"SOUND","talk.quicksave.message":"Saved.\nYou can resume from the current scene.","config.4":"character display speed","common.dialog.btn.cancel":"interruption","common.dialog.message.download":"Download.","title.translate.notallowed":"Initialize language settings due to missing required files.","language.error.255":"The server is unavailable.","common.dialog.btn.yes":"OK","storage.date":"Date :","config.7":"skip mode","common.dialog.message.title":"Would you like to return to the title screen?","language.error.1":"Server maintenance is in progress.","config.reset.confirm":"Do you want to initialize your settings?","extra.scene.confirm.yes":"Start","config.5":"Auto mode speed","config.12.0":"full screen (video release of widescreen movie)","config.9.1":"be just about to","config.8.1":"be just about to","common.dialog.message.exit":"Do you want to exit the game?","config.8":"Continued skipping after choices","config.3":"VOICE"},"/img/720p/bg/ED02_a.ui":{"rootdata":{"0":{"3":"KuromameInari","4":"Kialy","1":"produce","2":"ChafukuMame"}}},"/img/720p/bg/ED07_a.ui":{"rootdata":{"0":{"1":"Program","2":"MichinoKumo","3":"GorillaYobigun"}}},"/ui/common/ui/btn_title.ui":{"rootdata":{"2":"Title"}},"/ui/720p/storage/storage.ui":{"rootdata":{"1":{"1":"Save"}}},"/img/720p/bg/ED06_a.ui":{"rootdata":{"0":{"5":"Yui","3":"Nakamura Spam","4":"Hiro Nanami","1":"graphic","2":"Barutanian"}}},"/ui/720p/config/config.ui":{"rootdata":{"1":{"1":"System"}}},"/ui/common/extra/btn_sound.ui":{"rootdata":{"2":"sound"}}}