{"/ui/common/config/btn_sound.ui":{"rootdata":{"2":"sound"}},"/ui/common/config/btn_reset.ui":{"rootdata":{"2":"Reset"}},"/ui/common/title/btn_continue.ui":{"rootdata":{"0":"Continue"}},"/ui/common/ui/btn_exit.ui":{"rootdata":{"2":"Exit"}},"character":{"rio":"Rio","colleague":"Colleague","woman":"Woman","nagi's_mother":"Nagi's mother","unknown":"?","police_officer":"Policemen","nagi":"Nagi","akina":"Akina","_____":"_____","keigo":"Keigo"},"/ui/720p/extra/cgpage.ui":{"rootdata":{"0":{"0":"CG"}}},"scene":{"3":{"hidden":"Common Route","name":"The Girl Who Cares"},"4":{"hidden":"Rio Route","name":"Rio as a catalyst"},"10":{"hidden":"Nagi route","name":"The Nagi that cannot be left alone"},"8":{"hidden":"Akina? Route.","name":"I would do it for Akina."},"6":{"hidden":"Rio? Route.","name":"Let Rio heal your loneliness."},"12":{"hidden":"Nagi? Route.","name":"Follow a Nagi"},"15":{"hidden":"Akina? END","name":"Akina romance END"},"18":{"hidden":"Nagi? END","name":"Nagi Desire END"},"0":{"hidden":"Common Route","name":"Runaway Girl"},"5":{"hidden":"Rio? Route.","name":"I want to love Rio."},"17":{"hidden":"Nagi? END","name":"Nagi Love END"},"9":{"hidden":"Akina? Route.","name":"I want to do as I please with Akina."},"2":{"hidden":"Common Route","name":"A naive girl"},"7":{"hidden":"Akina route","name":"Dangerous crystallina"},"11":{"hidden":"Nagi? Route.","name":"Can we resolve the Nagi situation?"},"14":{"hidden":"Rio? END","name":"Rio Desire END"},"1":{"hidden":"Common Route","name":"The Innocent Girl"},"13":{"hidden":"Rio? END","name":"Rio love END"},"16":{"hidden":"Akina? END","name":"Akina Desire END"}},"/ui/common/extra/btn_thumbnail.ui":{"rootdata":{"0":{"1":"NoData"}}},"/ui/720p/extra/soundpage.ui":{"rootdata":{"0":{"0":"sound"}}},"/ui/common/title/btn_start.ui":{"rootdata":{"0":"Start"}},"/ui/720p/language/language.ui":{"rootdata":{"1":{"1":"Language"}}},"/ui/common/extra/achieve.ui":{"rootdata":{"0":{"1":"rate of achievement"}}},"/ui/720p/talk/log.ui":{"rootdata":{"0":{"1":"BackLog"}}},"/img/720p/bg/ED00_a.ui":{"rootdata":{"0":{"1":"noir software","2":"\"The lewd and lascivious ward.\"","3":"draft"}}},"/ui/common/title/btn_config.ui":{"rootdata":{"0":"Config"}},"/img/720p/bg/ED01_a.ui":{"rootdata":{"0":{"3":"Akina Kobayakawa: Tadaka","4":"Nagi Asama : Mizuki Fujisawa","1":"cast","2":"Rio Shina: Rito Tsukinaga"}}},"/ui/common/extra/btn_scene.ui":{"rootdata":{"2":"scene"}},"/img/720p/bg/ED08_a.ui":{"rootdata":{"0":{"1":"Fin."}}},"/ui/common/extra/btn_cg.ui":{"rootdata":{"2":"CG"}},"/img/720p/bg/ED05_a.ui":{"rootdata":{"0":{"1":"sound","2":"stray"}}},"/img/720p/bg/ED04_a.ui":{"rootdata":{"0":{"1":"Original Drawing Character Design","2":"Bingo Hakushaku"}}},"/ui/common/ui/btn_back.ui":{"rootdata":{"2":"Back"}},"/ui/common/title/btn_language.ui":{"rootdata":{"0":"Language"}},"/ui/720p/extra/routepage.ui":{"rootdata":{"0":{"0":"scene"}}},"/ui/common/extra/btn_sound.ui":{"rootdata":{"2":"sound"}},"/ui/common/storage/datum.ui":{"rootdata":{"3":{"1":"No Data"}}},"/ui/720p/extra/scenepage.ui":{"rootdata":{"0":{"0":"scene"}}},"/ui/common/title/btn_extra.ui":{"rootdata":{"0":"Extra"}},"/ui/common/title/btn_load.ui":{"rootdata":{"0":"Load"}},"/img/720p/bg/ED03_a.ui":{"rootdata":{"0":{"1":"scenario","2":"yurei telop","3":"yurei telop"}}},"/ui/720p/storage/storage.ui":{"rootdata":{"1":{"1":"Save"}}},"dict":{"title.translate.cancaled":"The download was interrupted and the language settings are initialized.","talk.quickload.confirm.yes":"Reopen.","title.continue.confirm.yes":"Reopen.","config.10.0":"Local","language.error.255":"The server is unavailable.","language.restart":"Return to the title screen.","config.6":"Message window transparency","title.continue.confirm":"Do you want to resume from a saved scene?","title.continue.nodata":"There is no save data.","config.8":"Continued skipping after choices","common.dialog.message.load.yes":"Load","config.12.1":"Window","config.1":"BGM","config.8.0":"Local","common.dialog.message.load":"Do you want to load it?","extra.scene.confirm":"Would you like to start with this scene?","title.translate.confirm.yes":"Download","title.translate.confirm":"Download the update file needed to start the game in %s.","common.dialog.message.exit.yes":"Terminate","common.dialog.btn.no":"Cancel","language.confirm.yes":"Change","config.10.1":"Be just about to","storage.label.none":"No data","language.confirm":"Would you like to change the language used to %s?","config.5":"Auto mode speed","storage.title.save":"Save","storage.date":"Date :","config.7.all":"All","config.9":"Continuation of auto mode after choice","config.7.read":"Read Only","common.dialog.message.save.yes":"Save","config.tab.system":"SYSTEM","extra.cg.dialog.page":"%d / %d","language.error.2":"Access to the server is not allowed.","config.10":"Color change of read text","common.dialog.message.save":"Do you want to save?","title.translate.failed":"Initialize language settings due to download failure.","common.dialog.message.title.yes":"Go to Title.","config.9.0":"Local","config.reset.confirm.yes":"Initialize","talk.quickload.confirm":"Do you want to resume from a saved scene?","config.tab.sound":"SOUND","storage.date.none":"----/--/----:--","config.4":"Character display speed","config.reset.confirm":"Do you want to initialize your settings?","common.dialog.message.download":"Download.","title.translate.notallowed":"Initialize language settings due to missing required files.","storage.title.load":"Load","config.9.1":"Be just about to","common.dialog.btn.yes":"OK","config.12":"Display mode","config.7":"Skip mode","language.error.1":"Server maintenance is in progress.","common.dialog.message.exit":"Do you want to exit the game?","extra.scene.confirm.yes":"Start","common.dialog.message.title":"Would you like to return to the title screen?","config.12.0":"Full screen","config.2":"SE","config.8.1":"Be just about to","config.3":"VOICE","talk.quicksave.message":"Saved.\nYou can resume from the current scene.","common.dialog.btn.cancel":"Interruption"},"/img/720p/bg/ED02_a.ui":{"rootdata":{"0":{"3":"slip of paper with a line in the center of a noh stage","4":"ryusei","1":"produce","2":"bushi"}}},"/img/720p/bg/ED07_a.ui":{"rootdata":{"0":{"1":"Program","2":"Yamano Okami","3":"gorilla yobigun"}}},"/ui/common/ui/btn_title.ui":{"rootdata":{"2":"Title"}},"/ui/common/config/btn_system.ui":{"rootdata":{"2":"System"}},"/img/720p/bg/ED06_a.ui":{"rootdata":{"0":{"5":"yui","3":"kawano sakitaro","4":"Kirishima Kamil","1":"graphic","2":"bitter orange juice, used in cooking as a vinegar"}}},"/ui/720p/config/config.ui":{"rootdata":{"1":{"1":"System"}}},"bgm":{"bg_h1":{"label":"A peaceful place to sleep"},"bg_yu":{"label":"A girl in a mental cage"},"bg_sa":{"label":"Melancholy Strings"},"bg_op":{"label":"Finding a place to stay for a homeless girl"},"bg_d1":{"label":"A Place to Relax"},"bg_h2":{"label":"Sazanami of Desire"},"bg_se":{"label":"setting sunset"}}}