<?xml version="1.0" encoding="UTF-8"?>
<userDefaultRoot>
    <installId>12345</installId>
    <s_v/>
    <s_k></s_k>
    <ac_v>0,23,11,1,12,6,2,13,30,7,10,33,14,19,4,15,45</ac_v>
    <ac_k>411248960cfc8a6ab3f2e911861d2622</ac_k>
    <dantalion_challenge_count>0</dantalion_challenge_count>
    <dantalion_challenge_diff>2</dantalion_challenge_diff>
    <ch>0</ch>
    <scenery_selectedId>scenery_default</scenery_selectedId>
    <lastLoggedInUsername/>
    <acc_skillsealed>false</acc_skillsealed>
    <wu_v>auxesia,callmyname,dottodot,dropdead,amygdata,astraltale,avantraze,bethere,carminescythe,crosssoul,dataerror,empireofwinter,fallensquare,feelssoright,impurebird,laqryma,libertas,mahoroba,phantasia,altale,badtek,battlenoone,dreadnought,einherjar,filament,galaxyfriends,heavenlycaress,scarletcage,alexandrite,izana,maliciousmischance,metallicpunisher,mirzam,modelista,saikyostronger,blrink,heavensdoor,ringedgenesis,solitarydream,pragmatism,sheriruth,memoryfactory,essenceoftwilight,conflict,axiumcrisis,etherstrike,halcyon,lostdesire,ifi,partyvinyl,gloryroad,nirvluce,memoryforest,singularity,melodyoflove,valhallazero,viciousheroism,cyaegha,genesis,lethaeus,corpssansorganes,scenery_chap1,scenery_chap5,scenery_chap4,scenery_chap3,scenery_chap2</wu_v>
    <wu_k>d57bc529bdb71191b4130ae80a921a87</wu_k>
    <p_v>dividedheart,yugamu,rei,prelude,shiawase,mirai,nijuusei,omatsuri,zettai,vs,core</p_v>
    <p_k>88656de60ce4183abdda3f4643ca507b</p_k>
    <mainMenuTutorialSeen>false</mainMenuTutorialSeen>
    <highspeed_int>10</highspeed_int>
    <sfx_int>60</sfx_int>
    <colorblindfriendly>false</colorblindfriendly>
    <tutorialSeen>false</tutorialSeen>
    <worldTutorialSeen>false</worldTutorialSeen>
    <songSelectDiff>0</songSelectDiff>
    <base_selectedId>fairytale</base_selectedId>
    <songSelectMode>1</songSelectMode>
    <packs_touch_done>true</packs_touch_done>
    <dividedheart_selectedId>firstsnow</dividedheart_selectedId>
    <songSelectPackId>base</songSelectPackId>
    <songSelectTutorialSeen>false</songSelectTutorialSeen>
    <highspeedSeen>false</highspeedSeen>
    <tutorialSeenAdvanced>false</tutorialSeenAdvanced>
    <cs_v/>
    <cs_k/>
    <core_selectedId>lumia</core_selectedId>
    <single_selectedId>auxesia</single_selectedId>
    <st_v>1|1|1|1,1|2|1|1,1|3|1|1,1|4|1|1,1|5|1|1,1|6|1|1,1|7|1|1,1|8|1|1,1|9|1|1,2|1|1|1,2|2|1|1,2|3|1|1,2|4|1|1,2|5|1|1,2|6|1|1,2|7|1|1,2|8|1|1,2|9|1|1,100|1|1|1,100|2|1|1,100|3|1|1,100|4|1|1,100|5|1|1,101|1|1|1,101|2|1|1,101|3|1|1,101|4|1|1,101|5|1|1,101|6|1|1,101|7|1|1,101|8|1|1,3|1|1|1,3|2|1|1,3|3|1|1,3|4|1|1,3|5|1|1,3|6|1|1,4|1|1|1,4|2|1|1,4|3|1|1,4|4|1|1,4|5|1|1,4|6|1|1,4|7|1|1,4|8|1|1,5|1|1|1,5|2|1|1,5|3|1|1,5|4|1|1,5|5|1|1,5|6|1|1,6|1|1|1,6|2|1|1,6|3|1|1,6|4|1|1,6|5|1|1,6|6|1|1,7|1|1|1,7|2|1|1,7|3|1|1</st_v>
    <st_k>8d9abc990e50a925348659160c21a235</st_k>
    <fr_v>0</fr_v>
    <fr_k>b0e749631a644b92b9178db94ea2795d</fr_k>
    <acc_totalsongs/>
    <acc_maxclear/>
    <un_k>acc2a01234c61cae0aa7312bbe6e1271</un_k>
    <characterSelectTutorialSeen>false</characterSelectTutorialSeen>
    <last_selected_control_type>0</last_selected_control_type>
    <yugamu_selectedId>axiumcrisis</yugamu_selectedId>
    <rei_selectedId>themessage</rei_selectedId>
    <prelude_selectedId>blrink</prelude_selectedId>
    <vs_selectedId>equilibrium</vs_selectedId>
    <shiawase_selectedId>paradise</shiawase_selectedId>
    <mirai_selectedId>blossoms</mirai_selectedId>
    <nijuusei_selectedId>silentrush</nijuusei_selectedId>
    <omatsuri_selectedId>melodyoflove</omatsuri_selectedId>
    <zettai_selectedId>antithese</zettai_selectedId>
    <story_ui_map_mode>0</story_ui_map_mode>
    <storyTutorialSeen>false</storyTutorialSeen>
    <sceneryTutorialSeen>false</sceneryTutorialSeen>
    <recently_completed_singularity_challenge_0>true</recently_completed_singularity_challenge_0>
    <all_selectedId>blossoms</all_selectedId>
</userDefaultRoot>
