{"/ui/common/config/btn_sound.ui":{"rootdata":{"2":"sound"}},"/ui/common/config/btn_reset.ui":{"rootdata":{"2":"Reset"}},"/ui/common/title/btn_continue.ui":{"rootdata":{"0":"Continue"}},"/ui/common/ui/btn_exit.ui":{"rootdata":{"2":"Exit"}},"character":{"loose":"unset jewel","tina_brother":"Tina's younger brother","gil":"Gil","alicia(eddie)":"Alicia (Eddie)","_____":"_____","bandit":"thief","stella":"Stella","flower_shop_clerk":"Flower store clerk","man":"Man","tina_sister":"Tina's younger sister","eddie":"Eddie","woman":"Woman","unknown":"\uff1f\uff1f\uff1f","female_general":"female shogun","doctor":"physician","female_soldier":"female soldier","tina":"Tina","alicia":"Alicia"},"bgm":{"bg_h1":{"label":"Angriff!"},"bg_h2":{"label":"Banquet of humiliation"},"bg_sl":{"label":"tower of rubble"},"bg_d1":{"label":"flower garden"},"bg_op":{"label":"clattering of hooves"},"bg_ba":{"label":"outbreak of war"},"bg_se":{"label":"wartime fire"}},"scene":{"3":{"hidden":"common route","name":"Making Ruth a perfect pawn"},"4":{"hidden":"common route","name":"Stella with a secret"},"10":{"hidden":"loose route","name":"Ruth, the tavern proprietress"},"8":{"hidden":"stela route","name":"Stella's love affair"},"6":{"hidden":"common route","name":"Way to be the perfect pawn."},"12":{"hidden":"Alicia Root END","name":"Alicia Root END"},"15":{"hidden":"Ruth Root END","name":"Ruth Root END"},"0":{"hidden":"common route","name":"The Greatest Bandits Who Ever Cried"},"5":{"hidden":"common route","name":"Break Alicia's heart"},"9":{"hidden":"Tinarut","name":"Tina's intentions"},"2":{"hidden":"common route","name":"Taking in Tina"},"7":{"hidden":"alicylic route","name":"Controlling Princess Alicia"},"11":{"hidden":"? Root","name":"Make this world right"},"14":{"hidden":"Tinarut END","name":"Tinarut END"},"1":{"hidden":"common route","name":"Bar and flower shop"},"13":{"hidden":"Stellar Root END","name":"Stellar Root END"},"16":{"hidden":"? Root END","name":"Harlem END"}},"/ui/common/extra/btn_thumbnail.ui":{"rootdata":{"0":{"1":"NoData"}}},"/ui/720p/extra/soundpage.ui":{"rootdata":{"0":{"0":"sound"}}},"/ui/common/title/btn_start.ui":{"rootdata":{"0":"Start"}},"/ui/720p/language/language.ui":{"rootdata":{"1":{"1":"Language"}}},"/ui/common/extra/achieve.ui":{"rootdata":{"0":{"1":"rate of achievement"}}},"/ui/720p/talk/log.ui":{"rootdata":{"0":{"1":"BackLog"}}},"/img/720p/bg/ED00_a.ui":{"rootdata":{"0":{"1":"Original idea Blackcurrant","2":"\""}}},"/ui/common/title/btn_config.ui":{"rootdata":{"0":"Config"}},"/img/720p/bg/ED01_a.ui":{"rootdata":{"0":{"5":"Ruth Ailey : Aika Kashiwagi","6":"Nanako Katsuragi : Akari Ayase","3":"Stella Cook : Iroha Haruyama","4":"Tina-Maxwell: Yume Hoshizora","1":"cast","2":"Alicia Lily : Komomo Asai"}}},"/img/720p/bg/ED08_a.ui":{"rootdata":{"0":{"1":"Fin"}}},"/ui/720p/storage/storage.ui":{"rootdata":{"1":{"1":"Save"}}},"/ui/common/extra/btn_cg.ui":{"rootdata":{"2":"CG"}},"/ui/common/title/btn_language.ui":{"rootdata":{"0":"Language"}},"/img/720p/bg/ED05_a.ui":{"rootdata":{"0":{"1":"sound","2":"John Kuroda"}}},"/ui/common/ui/btn_back.ui":{"rootdata":{"2":"Back"}},"/img/720p/bg/ED04_a.ui":{"rootdata":{"0":{"1":"Original Drawing Character Design","2":"Gentlemen of Light"}}},"/ui/720p/extra/routepage.ui":{"rootdata":{"0":{"0":"scene"}}},"/ui/common/extra/btn_sound.ui":{"rootdata":{"2":"sound"}},"/ui/common/storage/datum.ui":{"rootdata":{"3":{"1":"No Data"}}},"/ui/720p/extra/scenepage.ui":{"rootdata":{"0":{"0":"scene"}}},"/ui/common/title/btn_load.ui":{"rootdata":{"0":"Load"}},"/ui/common/title/btn_extra.ui":{"rootdata":{"0":"Extra"}},"/img/720p/bg/ED03_a.ui":{"rootdata":{"0":{"1":"scenario","2":"leisure time","3":"Ikezawa Discipline"}}},"/ui/common/extra/btn_scene.ui":{"rootdata":{"2":"scene"}},"dict":{"title.continue.confirm.yes":"Reopen.","config.10.0":"local","common.error.message.save.nospace":"Save failed due to insufficient free space","title.continue.confirm":"Do you want to resume from a saved scene?","config.8":"Continued skipping after choices","common.dialog.message.load.yes":"load","config.1":"BGM","title.translate.confirm.yes":"Download","common.dialog.message.title":"Would you like to return to the title screen?","common.dialog.btn.no":"cancel","language.confirm.yes":"Change","config.10.1":"be just about to","language.confirm":"Would you like to change the language used to %s?","config.10":"Color change of read text","config.7.all":"all","extra.cg.dialog.page":"%d / %d","common.dialog.message.save.yes":"save","config.9.0":"local","common.dialog.message.exit":"Do you want to exit the game?","storage.date.none":"----/--/----:--","config.reset.confirm":"Do you want to initialize your settings?","title.translate.notallowed":"Initialize language settings due to missing required files","config.7":"skip mode","common.error.message.load":"Failed to load","common.dialog.message.title.yes":"Go to Title","config.9.1":"be just about to","config.8.1":"be just about to","title.translate.cancaled":"The download was interrupted and the language settings are initialized","talk.quickload.confirm.yes":"Reopen","storage.title.save":"Save","language.restart":"Return to the title screen","config.6":"message window transparency","title.continue.nodata":"There is no save data.","config.12.1":"window","storage.title.load":"Load","config.8.0":"local","extra.scene.confirm":"Would you like to start with this scene?","title.translate.confirm":"Download the update file needed to start the game in %s","common.dialog.message.exit.yes":"Terminate","storage.label.none":"No data","config.5":"Auto mode speed","config.tab.system":"SYSTEM","language.error.2":"Access to the server is not allowed","config.7.read":"Read Only","config.3":"VOICE","config.reset.confirm.yes":"Initialize","talk.quickload.confirm":"Do you want to resume from a saved scene?","common.dialog.message.load":"Do you want to load it?","talk.quicksave.message":"Saved\nYou can resume from the current scene","config.4":"character display speed","common.dialog.btn.cancel":"interruption","common.dialog.message.download":"Download","storage.date":"Date: (date)","language.error.255":"The server is unavailable","config.12":"display mode","config.12.0":"full screen","config.9":"Continuation of auto mode after choice","language.error.1":"Server maintenance is in progress","extra.scene.confirm.yes":"Start","config.tab.sound":"SOUND","common.dialog.btn.yes":"OK","config.2":"SE","common.error.message.save":"Save failed","title.translate.failed":"Initialize language settings due to download failure","common.dialog.message.save":"Do you want to save?","common.error.message.save.broken":"Data is initialized due to corruption of saved data."},"/img/720p/bg/ED02_a.ui":{"rootdata":{"0":{"3":"Southern Italy","4":"Ura Koei","1":"produce","2":"UNA"}}},"/img/720p/bg/ED07_a.ui":{"rootdata":{"0":{"1":"Program","2":"sound without a tone","3":"gorilla reserve army"}}},"/ui/common/ui/btn_title.ui":{"rootdata":{"2":"Title"}},"/ui/common/config/btn_system.ui":{"rootdata":{"2":"System"}},"/img/720p/bg/ED06_a.ui":{"rootdata":{"0":{"5":"daytime cat","6":"Kusashi Kawahara","3":"white meat ball","4":"purple fleshed sweet potato","1":"graphic","2":"Anonymous Frontline Chapter","7":"Yui"}}},"/ui/720p/config/config.ui":{"rootdata":{"1":{"1":"System"}}},"/ui/720p/extra/cgpage.ui":{"rootdata":{"0":{"0":"CG"}}}}