{"/ui/common/config/btn_sound.ui":{"rootdata":{"2":"sound"}},"/ui/common/config/btn_reset.ui":{"rootdata":{"2":"Reset"}},"/ui/common/title/btn_continue.ui":{"rootdata":{"0":"Continue"}},"/ui/common/ui/btn_exit.ui":{"rootdata":{"2":"Exit"}},"character":{"female_student_A":"Female Student A","doctor":"Doctor","father":"father","suzune":"Suzune","sawa":"Sawa","himari":"Himari","female_student_B":"Female Student B","unknown":"?","_____":"_____","gorou":"Goro","male_student_A":"Male Student A","male_student":"male student","female_student":"Female Student","male_student_B":"Male Student B"},"/ui/720p/extra/cgpage.ui":{"rootdata":{"0":{"0":"CG"}}},"scene":{"5":{"hidden":"05","name":"Suzune Thoughts on"},"3":{"hidden":"03","name":"I'm close to the end of my patience."},"4":{"hidden":"04","name":"Who has feelings for whom?"},"9":{"hidden":"09","name":"Suzune END"},"2":{"hidden":"02","name":"The pain of being controlled"},"7":{"hidden":"07","name":"Sawa ill-omened feelings toward"},"8":{"hidden":"08","name":"Happy indecision."},"6":{"hidden":"06","name":"Himari with care"},"12":{"hidden":"12","name":"Harlem END"},"1":{"hidden":"01","name":"Beginning of pounding management"},"10":{"hidden":"10","name":"Himari END"},"11":{"hidden":"11","name":"Sawa END"},"0":{"hidden":"00","name":"idiosyncrasy"}},"/ui/common/extra/btn_thumbnail.ui":{"rootdata":{"0":{"1":"NoData"}}},"/ui/720p/extra/soundpage.ui":{"rootdata":{"0":{"0":"sound"}}},"/img/720p/bg/ED04_a.ui":{"rootdata":{"0":{"5":"Daidaigon","3":"Samecan","4":"Yurei Teroppu","9":"Mayoi","2":"NiONiO","7":"Kirishima Kamiru","11":"Yui","6":"Kawa no Sentaro","1":"Remake Staff","8":"Yamano Okami","10":"Yamauchi Shigure"}}},"/ui/720p/language/language.ui":{"rootdata":{"1":"Language"}},"/ui/common/extra/achieve.ui":{"rootdata":{"1":"achievement"}},"/ui/720p/talk/log.ui":{"rootdata":{"0":{"1":"BackLog"}}},"/img/720p/bg/ED00_a.ui":{"rootdata":{"0":{"1":"\"Original Story by Incarose \"\"Aneimomama\"\"\""}}},"/ui/common/title/btn_config.ui":{"rootdata":{"0":"Config"}},"/img/720p/bg/ED01_a.ui":{"rootdata":{"0":{"3":"Himari Kosaka: Takedachi Ikumi","4":"Sawa Kosaka: Shioji Miharu","1":"cast","2":"Suzune Kosaka: Minamijuuji Issei"}}},"/ui/720p/extra/scenepage.ui":{"rootdata":{"0":{"0":"scene"}}},"/ui/common/extra/btn_cg.ui":{"rootdata":{"2":"CG"}},"/img/720p/bg/ED05_a.ui":{"rootdata":{"0":{"1":"Production cooperation","2":"Cyber Step Inc."}}},"/ui/common/title/btn_language.ui":{"rootdata":{"0":"Language"}},"/ui/common/ui/btn_back.ui":{"rootdata":{"2":"Back"}},"bgm":{"bg_h1":{"label":"Body Mariwari"},"bg_h2":{"label":"Controlled Seychelles"},"bg_me":{"label":"Sister Taklami"},"bg_da":{"label":"Sagacite answer."},"bg_d2":{"label":"Everyday Kutsurogi"},"bg_d1":{"label":"student rock"},"bg_op":{"label":"Managing Sister Mothers"}},"/ui/720p/extra/routepage.ui":{"rootdata":{"0":{"0":"scene"}}},"/ui/common/title/btn_start.ui":{"rootdata":{"0":"Start"}},"/ui/common/extra/btn_sound.ui":{"rootdata":{"2":"sound"}},"/ui/720p/storage/storage.ui":{"rootdata":{"1":"Save"}},"/ui/common/extra/btn_scene.ui":{"rootdata":{"2":"Chapter"}},"/ui/common/title/btn_extra.ui":{"rootdata":{"0":"Extra"}},"/img/720p/bg/ED03_a.ui":{"rootdata":{"0":{"3":"Suterusu","4":"Ashitaba","1":"produce","2":"Kurumi Daifuku"}}},"/ui/common/storage/datum.ui":{"rootdata":{"3":{"1":"No Data"}}},"/img/720p/bg/ED02_a.ui":{"rootdata":{"0":{"3":"Suterusu","4":"Ashitaba","1":"Integrated Produce","2":"Kurumi Daifuku"}}},"dict":{"title.translate.cancaled":"The download was interrupted and the language settings are initialized.","talk.quickload.confirm.yes":"Reopen.","title.continue.confirm.yes":"Reopen.","config.10.0":"local","language.error.255":"The server is unavailable.","language.restart":"Return to the title screen.","config.6":"message window transparency","title.continue.confirm":"Do you want to resume from a saved scene?","common.dialog.btn.yes":"OK","common.dialog.message.load.yes":"load","storage.date":"Date :","config.12.1":"window","config.1":"BGM","config.8.0":"local","common.dialog.message.load":"Do you want to load it?","extra.scene.confirm":"Would you like to start with this scene?","title.translate.confirm.yes":"Download","title.translate.confirm":"%sto download the update files necessary to start the game.","common.dialog.message.exit.yes":"Terminate","common.dialog.btn.no":"cancel","language.confirm.yes":"Change","config.10.1":"be just about to","storage.label.none":"No data","language.confirm":"Would you like to change the language you use to %s?","config.10":"Color change of read text","config.3":"VOICE","config.9":"Continuation of auto mode after choice","config.7.all":"all","config.7.read":"Read Only","common.dialog.message.save.yes":"save","common.dialog.message.title.yes":"Go to Title.","config.tab.system":"SYSTEM","extra.cg.dialog.page":"%d / %d","language.error.2":"Access to the server is not allowed.","common.dialog.message.save":"Do you want to save?","config.5":"Auto mode speed","title.translate.failed":"Initialize language settings due to download failure.","config.9.1":"be just about to","config.9.0":"local","config.reset.confirm.yes":"Initialize","talk.quickload.confirm":"Do you want to resume from a saved scene?","config.tab.sound":"SOUND","talk.quicksave.message":"Saved.\nYou can resume from the current scene.","config.4":"character display speed","config.reset.confirm":"Do you want to initialize your settings?","common.dialog.message.download":"Download.","title.translate.notallowed":"Initialize language settings due to missing required files.","common.dialog.message.exit":"Do you want to exit the game?","storage.title.save":"Save","storage.title.load":"Load","config.7":"skip mode","common.dialog.message.title":"Would you like to return to the title screen?","language.error.1":"Server maintenance is in progress.","storage.date.none":"----/--/----:--","extra.scene.confirm.yes":"Start","config.12":"display mode","config.12.0":"full screen (video release of widescreen movie)","config.2":"SE","config.8.1":"be just about to","config.8":"Continued skipping after choices","common.dialog.btn.cancel":"interruption","title.continue.nodata":"There is no save data."},"/img/720p/bg/ED07_a.ui":{"rootdata":{"0":{"1":"Fin."}}},"/ui/common/ui/btn_title.ui":{"rootdata":{"2":"Title"}},"/ui/common/config/btn_system.ui":{"rootdata":{"2":"System"}},"/img/720p/bg/ED06_a.ui":{"rootdata":{"0":{"1":"production","2":"Ride On Works, Inc."}}},"/ui/720p/config/config.ui":{"rootdata":{"1":"System"}},"/ui/common/title/btn_load.ui":{"rootdata":{"0":"Load"}}}