{"/ui/common/config/btn_sound.ui":{"rootdata":{"2":"sound"}},"/ui/common/config/btn_reset.ui":{"rootdata":{"2":"Reset"}},"/ui/common/title/btn_continue.ui":{"rootdata":{"0":"Continue"}},"/ui/common/ui/btn_exit.ui":{"rootdata":{"2":"Exit"}},"character":{"female_student_A":"Female Student A","nanako":"Nanako","female_voice":"Women's Voices","police_officer_A":"Police Officer A","nanako_mother":"Nanako's mother","police_officer_B":"Police Officer B","female_student_B":"Female Student B","marie":"Marie","_____":"_____","police_officer":"Police Officer","university_personnel":"University Relations","misa":"Misa","toma":"Toma","unknown":"\uff1f\uff1f\uff1f"},"/ui/720p/extra/cgpage.ui":{"rootdata":{"0":{"0":"CG"}}},"scene":{"5":{"hidden":"05","name":"I want to destroy it as Nanako."},"3":{"hidden":"03","name":"Power to catch seniors"},"4":{"hidden":"04","name":"Nanako is not strong-minded."},"9":{"hidden":"09","name":"There's still time until his release date."},"2":{"hidden":"02","name":"Even if a senior's heart is broken."},"7":{"hidden":"07","name":"Leaving behind the shape of the heart."},"8":{"hidden":"08","name":"I'm going back to her place."},"6":{"hidden":"06","name":"I want to hypnotize the teacher."},"12":{"hidden":"12","name":"Broken smile"},"10":{"hidden":"10","name":"We'll never see each other again."},"1":{"hidden":"01","name":"How to use hypnosis"},"13":{"hidden":"13","name":"Perfect Power"},"11":{"hidden":"11","name":"I can't leave her."},"0":{"hidden":"00","name":"The Power of Hypnotism"}},"/ui/common/extra/btn_thumbnail.ui":{"rootdata":{"0":{"1":"NoData"}}},"/ui/720p/extra/soundpage.ui":{"rootdata":{"0":{"0":"Sound"}}},"/ui/common/title/btn_start.ui":{"rootdata":{"0":"Start"}},"/ui/720p/language/language.ui":{"rootdata":{"1":{"1":"Language"}}},"/ui/common/extra/btn_scene.ui":{"rootdata":{"2":"Scene"}},"/ui/720p/talk/log.ui":{"rootdata":{"0":{"1":"BackLog"}}},"/img/720p/bg/ED00_a.ui":{"rootdata":{"0":{"1":"Original idea Mad Raid","2":"O-SHI-KA-KE Hypnotist."}}},"/ui/common/title/btn_config.ui":{"rootdata":{"0":"Config"}},"/img/720p/bg/ED01_a.ui":{"rootdata":{"0":{"3":"Mari Hayashida: Ayumu Okuyama","4":"Hitomi Uemura: Aika Kashiwagi","1":"cast","2":"Misaki Tokura\uff1aAi Yoshinaka"}}},"/ui/common/title/btn_language.ui":{"rootdata":{"0":"Language"}},"/ui/common/extra/achieve.ui":{"rootdata":{"0":{"1":"Achievement"}}},"/ui/common/extra/btn_cg.ui":{"rootdata":{"2":"CG"}},"/img/720p/bg/ED05_a.ui":{"rootdata":{"0":{"1":"Sound","2":"Mei"}}},"/img/720p/bg/ED08_a.ui":{"rootdata":{"0":{"1":"Fin."}}},"/ui/common/ui/btn_back.ui":{"rootdata":{"2":"Back"}},"/ui/common/title/btn_load.ui":{"rootdata":{"0":"Load"}},"/ui/720p/extra/routepage.ui":{"rootdata":{"0":{"0":"Scene"}}},"/ui/720p/extra/scenepage.ui":{"rootdata":{"0":{"0":"Scene"}}},"/ui/common/extra/btn_sound.ui":{"rootdata":{"2":"Sound"}},"/ui/common/storage/datum.ui":{"rootdata":{"3":{"1":"No Data"}}},"/ui/720p/storage/storage.ui":{"rootdata":{"1":{"1":"Save"}}},"/ui/common/title/btn_extra.ui":{"rootdata":{"0":"Extra"}},"/img/720p/bg/ED03_a.ui":{"rootdata":{"0":{"1":"Scenario","2":"Tomoe Nanjo","3":"Yurei Telop"}}},"/img/720p/bg/ED04_a.ui":{"rootdata":{"0":{"1":"Character Design","2":"NiONiO"}}},"dict":{"title.translate.cancaled":"The download was interrupted and the language settings are initialized.","talk.quickload.confirm.yes":"Reopen.","title.continue.confirm.yes":"Reopen.","config.10.0":"No","language.error.255":"The server is unavailable.","language.restart":"Return to the title screen.","config.6":"Message Window Transparency","title.continue.confirm":"Do you want to resume from a saved scene?","common.dialog.btn.yes":"OK","config.5":"Auto mode speed","storage.date":"Date :","config.12.1":"Window","config.1":"BGM","config.8.0":"No","config.12":"Display Mode","extra.scene.confirm":"Would you like to start with this scene?","title.translate.confirm.yes":"Download","title.translate.confirm":"Download the update file needed to start the game in %s.","common.dialog.message.exit.yes":"Exit","common.dialog.btn.no":"Cancel","language.confirm.yes":"Change","config.10.1":"Yes","storage.label.none":"No data","language.confirm":"Would you like to change the language used to %s?","config.10":"Color change of read text","storage.title.save":"Save","config.9":"Continuation of auto mode after choice","config.7.all":"all","config.7.read":"Read Only","common.dialog.message.save.yes":"Save","common.dialog.message.title.yes":"Go to Title.","config.tab.system":"SYSTEM","extra.cg.dialog.page":"%d / %d","language.error.2":"Access to the server is not allowed.","common.dialog.message.save":"Do you want to save?","common.dialog.message.title":"Would you like to return to the title screen?","title.translate.failed":"Initialize language settings due to download failure.","common.dialog.message.load.yes":"Load","config.9.0":"No","config.reset.confirm.yes":"Initialize","talk.quickload.confirm":"Do you want to resume from a saved scene?","config.tab.sound":"SOUND","storage.date.none":"----/--/----:--","config.4":"Character Display Speed","common.dialog.btn.cancel":"Interruption","common.dialog.message.download":"Download.","title.translate.notallowed":"Initialize language settings due to missing required files.","common.dialog.message.load":"Do you want to load it?","storage.title.load":"Load","config.9.1":"Yes","config.7":"skip mode","common.dialog.message.exit":"Do you want to exit the game?","language.error.1":"Server maintenance is in progress.","config.8":"Continued skipping after choices","extra.scene.confirm.yes":"Start","config.3":"VOICE","config.12.0":"Full Screen","config.2":"SE","config.8.1":"Yes","talk.quicksave.message":"Saved.\nYou can resume from the current scene.","config.reset.confirm":"Do you want to initialize your settings?","title.continue.nodata":"There is no save data."},"/img/720p/bg/ED02_a.ui":{"rootdata":{"0":{"3":"Pengin","4":"meteor","1":"Produce","2":"samurai"}}},"/img/720p/bg/ED07_a.ui":{"rootdata":{"0":{"1":"Program","2":"Yamano Oyashiro","3":"GorillaYobigun"}}},"/ui/common/ui/btn_title.ui":{"rootdata":{"2":"Title"}},"/ui/common/config/btn_system.ui":{"rootdata":{"2":"System"}},"/img/720p/bg/ED06_a.ui":{"rootdata":{"0":{"5":"Yui","3":"Kawanosaki Taro","4":"Kirishima Kamil","1":"Graphic","2":"DaidaiGon"}}},"/ui/720p/config/config.ui":{"rootdata":{"1":{"1":"System"}}},"bgm":{"bg_h1":{"label":"Himegoto I can't remember"},"bg_h2":{"label":"Don't forget about it"},"bg_ka":{"label":"Inextinguishable Juan"},"bg_op":{"label":"Rewritable Kioku"},"bg_d2":{"label":"laboring in vain"},"bg_d1":{"label":"Seikatsu for a brief time"},"bg_ky":{"label":"Swirling Keoki"}}}