{"/ui/common/title/btn_language-.ui":{"rootdata":{"0":"\u8a9e\u8a00"}},"/ui/common/config/btn_reset.ui":{"rootdata":{"2":"Reset"}},"/ui/common/title/btn_continue-.ui":{"rootdata":{"0":"\u7e7c\u7e8c"}},"/ui/common/title/btn_continue.ui":{"rootdata":{"0":"\u7e7c\u7e8c"}},"/ui/common/ui/btn_exit.ui":{"rootdata":{"2":"\u9000\u51fa"}},"character":{"shingen":"\u4fe1\u7384","villager_B":"\u6751\u6c11B","girl":"\u5c0f\u5973\u5b69","samurai":"\u6230\u58eb","vassal_A":"Vassal A.","_____":"_____","ninja":"\u5fcd\u8005","kenshin_vassal":"\u8b19\u4fe1\u7684\u4fdd\u7559","mitsuhide":"\u5149\u79c0","nobunaga":"\u4fe1\u9577","villager_A":"\u6751\u6c11A","vassal":"\u5bb6\u81e3","soldier_A":"\u58eb\u5175A","classmate_A":"\u540c\u5b78A","villager":"\u9109\u89aa\u5011","soldier_B":"\u58eb\u5175B","soldier":"\u58eb\u5175","mysterious_girl":"\u795e\u79d8\u5973\u5b69","ranmaru":"\u862d\u4e38","villager_C":"\u6751\u6c11C","unknown":"?","vassal_B":"\u81e3\u5b50B","keitarou":"\u666f\u592a\u90ce","mitsuhide_vassal":"\u5149\u79c0\u7684\u81e3\u5b50\u5011","kenshin":"\u8b19\u4fe1","nobunaga_vassal":"\u4fe1\u9577\u7684\u9644\u5eb8","classmate_B":"\u540c\u5b78B"},"/ui/720p/extra/cgpage.ui":{"rootdata":{"0":{"0":"CG"}}},"scene":{"5":{"hidden":"?????","name":"\u5118\u7ba1\u4ed6\u5011\u77e5\u9053\u9019\u662f\u4e00\u7a2e\u80cc\u53db\u3002"},"3":{"hidden":"?????","name":"\u5929\u5802\u4e0b\u7684\u7e54\u7530\u4fe1\u9577"},"4":{"hidden":"?????","name":"\u5f7c\u6b64\u5438\u5f15\uff0c\u5f7c\u6b64\u76f8\u4f3c\u3002"},"9":{"hidden":"?????","name":"\u751f\u6d3b\u5728\u4e00\u500b\u6230\u4e82\u7684\u4e16\u754c\u88e1"},"2":{"hidden":"?????","name":"\u5967\u514b\u54c8\u7d2e\u99ac\u4e4b\u6230\uff081868\u5e74\uff09"},"7":{"hidden":"?????","name":"\u5fe0\u8aa0\u5ea6\u5f97\u5230\u6aa2\u9a57\u3002"},"8":{"hidden":"?????","name":"\u70ba\u4e86\u518d\u6b21\u898b\u5230\u5c0d\u65b9\u3002"},"6":{"hidden":"?????","name":"\u5fe0\u65bc\u4fe1\u7384\u516c\u3002"},"12":{"hidden":"?????","name":"\u8207\u4f60\u540c\u5728\uff0c\u5118\u7ba1\u4f60\u5f88\u8271\u96e3\u3002"},"10":{"hidden":"?????","name":"\u5805\u5b9a\u7684\u6c7a\u5fc3"},"1":{"hidden":"?????","name":"\u5c0d\u4fe1\u9577\u7684\u5fe0\u8aa0"},"13":{"hidden":"?????","name":"\u7a7f\u8d8a\u6642\u7a7a\u7684\u91cd\u805a"},"11":{"hidden":"?????","name":"\u6c92\u6709\u4ec0\u9ebc\u53ef\u5bb3\u6015\u7684\u3002"},"0":{"hidden":"?????","name":"\u90a3\u4e9b\u7a7f\u8457\u7570\u570b\u4ed6\u9109\u670d\u88dd\u7684\u4eba\u3002"}},"/ui/common/extra/btn_thumbnail.ui":{"rootdata":{"0":{"1":"NoData"}}},"/ui/720p/extra/soundpage.ui":{"rootdata":{"0":{"0":"\u8072\u97f3"}}},"/ui/common/title/btn_start.ui":{"rootdata":{"0":"\u958b\u59cb"}},"/ui/720p/language/language.ui":{"rootdata":{"1":{"1":"\u8a9e\u8a00"}}},"/ui/common/extra/btn_scene.ui":{"rootdata":{"2":"\u5834\u666f"}},"/ui/720p/talk/log.ui":{"rootdata":{"0":{"1":"BackLog"}}},"/ui/common/title/btn_load-.ui":{"rootdata":{"0":"\u8b80\u53d6"}},"/img/720p/bg/ED08_a.ui":{"rootdata":{"0":{"1":"Fin"}}},"/img/720p/bg/ED00_a.ui":{"rootdata":{"0":{"1":"\u5403\u6c34","2":"\u767e\u7f85\u53e3\u888b","3":"'\u6211\u60f3\u8b93\u516c\u4e3b\u6230\u795e\u53d7\u5b55\uff01 '"}}},"/ui/common/title/btn_extra-.ui":{"rootdata":{"0":"\u984d\u5916\u7684"}},"/img/720p/bg/ED04_a.ui":{"rootdata":{"0":{"1":"\u539f\u59cb\u5716\u7d19 \u89d2\u8272\u8a2d\u8a08","2":"\u96ea\u666f"}}},"/ui/common/config/btn_system.ui":{"rootdata":{"2":"\u7cfb\u7d71"}},"/ui/common/title/btn_config.ui":{"rootdata":{"0":"\u914d\u7f6e"}},"/img/720p/bg/ED01_a.ui":{"rootdata":{"0":{"5":"\u660e\u667a\u5149\u79c0: \u83e9\u63d0\u85a9\u57f5Nomeme\u3002","6":"\u68ee\u862d\u4e38\uff1a\u5c0f\u6d25\u5bcc\u5c71\u3002","3":"\u6b66\u7530\u4fe1\u7384\uff1a\u60a0\u60a0\u60a0\u91ce\u3002","4":"\u4e0a\u6749\u8b19\u4fe1: Beni Ishihara","1":"\u89d2\u8272","2":"\u7e54\u7530\u4fe1\u9577\uff1aTarto Sakurano\u3002"}}},"/ui/720p/extra/scenepage.ui":{"rootdata":{"0":{"0":"\u5834\u666f"}}},"/img/720p/bg/ED05_a.ui":{"rootdata":{"0":{"1":"\u8072\u97f3","2":"\u6d41\u6d6a\u72d7"}}},"/ui/common/extra/btn_cg.ui":{"rootdata":{"2":"CG"}},"/ui/common/title/btn_language.ui":{"rootdata":{"0":"\u8a9e\u8a00"}},"/ui/common/title/btn_start-.ui":{"rootdata":{"0":"\u958b\u59cb"}},"/ui/common/ui/btn_back.ui":{"rootdata":{"2":"\u8fd4\u56de"}},"/ui/common/extra/achieve.ui":{"rootdata":{"0":{"1":"\u5b8c\u6210\u7387"}}},"/ui/720p/extra/routepage.ui":{"rootdata":{"0":{"0":"\u5834\u666f"}}},"dict":{"title.translate.cancaled":"\u4e0b\u8f09\u5df2\u88ab\u4e2d\u65b7\uff0c\u8a9e\u8a00\u8a2d\u7f6e\u5c07\u88ab\u521d\u59cb\u5316\u3002","talk.quickload.confirm.yes":"\u7e7c\u7e8c\u958b\u59cb","title.continue.confirm.yes":"\u7e7c\u7e8c\u958b\u59cb","config.10.0":"\u62d2\u7d55","storage.title.save":"\u5132\u5b58","language.restart":"\u8fd4\u56de\u5230\u6a19\u984c\u756b\u9762\u3002","config.6":"\u8a0a\u606f\u8996\u7a97\u900f\u660e\u5ea6","title.continue.confirm":"\u8981\u5f9e\u5132\u5b58\u7684\u5834\u666f\u91cd\u65b0\u958b\u59cb\u55ce\uff1f","title.continue.nodata":"\u6c92\u6709\u5b58\u6a94","config.9":"\u9078\u64c7\u5f8c\u7e7c\u7e8c\u4fdd\u6301\u81ea\u52d5\u6a21\u5f0f","common.dialog.message.load.yes":"\u8b80\u53d6","config.12.1":"\u7a97\u53e3","config.1":"BGM","config.8.0":"\u62d2\u7d55","storage.date":"\u65e5\u671f:","extra.scene.confirm":"\u4f60\u60f3\u5f9e\u9019\u500b\u5834\u666f\u958b\u59cb\u55ce\uff1f","title.translate.confirm.yes":"\u4e0b\u8f09","title.translate.confirm":"\u4e0b\u8f09\u9700\u8981\u7684\u66f4\u65b0\u6587\u4ef6\uff0c\u4ee5\u555f\u52d5\u904a\u6232\uff0c %s \u3002","common.dialog.message.exit.yes":"\u9000\u51fa","common.dialog.btn.no":"\u53d6\u6d88","language.confirm.yes":"\u6539\u8b8a\u5df2\u8b80\u6587\u7ae0\u7684\u984f\u8272","config.10.1":"\u540c\u610f","storage.label.none":"\u6c92\u6709\u5b58\u6a94","language.confirm":"\u8981\u4f7f\u7528\u7684\u8a9e\u8a00\u6539\u8b8a\u6210 %s\u55ce\uff1f","config.5":"\u81ea\u52d5\u6a21\u5f0f\u901f\u5ea6","config.7.read":"\u50c5\u9650\u5df2\u95b1\u8b80\u90e8\u5206","common.dialog.message.save.yes":"\u5132\u5b58","config.7.all":"\u5168\u90e8","config.12":"\u986f\u793a\u6a21\u5f0f","common.dialog.message.save":"\u8981\u5132\u5b58\u55ce\uff1f","common.dialog.message.title":"\u8981\u56de\u5230\u6a19\u984c\u756b\u9762\u55ce\uff1f","config.tab.system":"SYSTEM","extra.cg.dialog.page":"%d / %d","language.error.2":"\u60a8\u672a\u88ab\u6388\u6b0a\u9023\u7dda\u81f3\u4f3a\u670d\u5668","common.dialog.message.title.yes":"\u56de\u5230\u6a19\u984c","config.10":"\u6539\u8b8a\u5df2\u8b80\u6587\u7ae0\u7684\u984f\u8272","title.translate.failed":"\u4e0b\u8f09\u5df2\u7d93\u5931\u6557\uff0c\u8a9e\u8a00\u8a2d\u7f6e\u5c07\u88ab\u521d\u59cb\u5316\u3002","config.9.1":"\u540c\u610f","config.9.0":"\u62d2\u7d55","config.reset.confirm.yes":"\u521d\u59cb\u5316","talk.quickload.confirm":"\u4f60\u60f3\u5f9e\u4fdd\u5b58\u7684\u5834\u666f\u4e2d\u91cd\u65b0\u958b\u59cb\u55ce\uff1f","config.tab.sound":"SOUND","storage.date.none":"----/--/------:--","config.4":"\u6587\u5b57\u986f\u793a\u901f\u5ea6","common.dialog.btn.cancel":"\u4e2d\u65b7","common.dialog.message.download":"\u6b63\u5728\u4e0b\u8f09\u3002","title.translate.notallowed":"\u56e0\u70ba\u5fc5\u8981\u6587\u4ef6\u4e0d\u8db3\uff0c\u8a9e\u8a00\u8a2d\u7f6e\u5c07\u88ab\u521d\u59cb\u5316\u3002","common.dialog.message.load":"\u8981\u8b80\u53d6\u55ce\uff1f","language.error.255":"\u4f3a\u670d\u5668\u76ee\u524d\u7121\u6cd5\u4f7f\u7528\u3002","common.dialog.btn.yes":"OK","config.7":"SKIP\u6a21\u5f0f","config.reset.confirm":"\u4f60\u60f3\u521d\u59cb\u5316\u4f60\u7684\u8a2d\u5b9a\u55ce\uff1f","language.error.1":"\u4f3a\u670d\u5668\u7dad\u8b77\u4e2d","common.dialog.message.exit":"\u60a8\u8981\u9000\u51fa\u904a\u6232\u55ce\uff1f","extra.scene.confirm.yes":"\u958b\u59cb","storage.title.load":"\u8b80\u53d6","config.12.0":"\u5168\u87a2\u5e55","config.2":"SE","config.8.1":"\u540c\u610f","config.3":"VOICE","config.8":"\u5287\u60c5\u9078\u9805\u5f8c\u7e7c\u7e8cSKIP","talk.quicksave.message":"\u5df2\u7d93\u5132\u5b58\u3002\n\u5c07\u5f9e\u73fe\u5728\u7684\u5834\u666f\u958b\u59cb\u904a\u6232\u3002"},"/ui/common/storage/datum.ui":{"rootdata":{"3":{"1":"No Data"}}},"bgm":{"bg_07":{"label":"\u6c7a\u52dd\u5c40"},"bg_op":{"label":"\u5e7d\u96c5"},"bg_06":{"label":"\u5411\u524d\u7dda\u51fa\u767c"},"bg_03":{"label":"\u6109\u5feb\u7684"},"bg_09":{"label":"\u67d4\u548c\u7684\u76ae\u819a\u6eab\u6696"},"bg_02":{"label":"\u5b89\u975c\u7684\u7a7a\u6c23"},"bg_10":{"label":"\u6b78\u570b"},"bg_08":{"label":"\u5f97\u5bf8\u9032\u5c3a"},"bg_05":{"label":"\u5e73\u975c\u5730"},"bg_04":{"label":"\u4e00\u7d72\u4e0d\u5b89"}},"/ui/common/title/btn_config-.ui":{"rootdata":{"0":"\u914d\u7f6e"}},"/ui/common/title/btn_extra.ui":{"rootdata":{"0":"\u984d\u5916\u7684"}},"/img/720p/bg/ED03_a.ui":{"rootdata":{"0":{"1":"\u5834\u666f","2":"\u6e67\u51fa","3":"\u7bc0\u65e5\u9ce5"}}},"/ui/common/config/btn_sound.ui":{"rootdata":{"2":"\u8072\u97f3"}},"/ui/common/extra/btn_sound.ui":{"rootdata":{"2":"\u8072\u97f3"}},"/img/720p/bg/ED02_a.ui":{"rootdata":{"0":{"3":"\u6cbc\u6fa4\u5730\u8c46\u5b50(Stejnegeria nigrum)","4":"\u5c0d\u4e0d\u8d77","1":"\u88fd\u4f5c","2":"\u8336\u8c46"}}},"/img/720p/bg/ED07_a.ui":{"rootdata":{"0":{"1":"\u65b9\u6848\u3002","2":"\u7c73\u897f\u8afe\u8718\u86db","3":"\u5927\u7329\u7329\u5f8c\u5099\u8ecd"}}},"/ui/common/ui/btn_title.ui":{"rootdata":{"2":"\u6a19\u984c"}},"/ui/720p/storage/storage.ui":{"rootdata":{"1":{"1":"\u5132\u5b58"}}},"/img/720p/bg/ED06_a.ui":{"rootdata":{"0":{"5":"\u665a\u9593\u96c6\u6703(\u516c\u53f8)","3":"\u4e2d\u6751\u5783\u573e\u90f5\u4ef6","4":"\u4e03\u6d77\u6d69","1":"\u5716\u5f62","2":"\u5df4\u9f8d\u5854\u5c3c\u5b89"}}},"/ui/720p/config/config.ui":{"rootdata":{"1":{"1":"\u7cfb\u7d71"}}},"/ui/common/title/btn_load.ui":{"rootdata":{"0":"\u8b80\u53d6"}}}