{"/ui/common/config/btn_sound.ui":{"rootdata":{"2":"sound"}},"/ui/common/config/btn_reset.ui":{"rootdata":{"2":"Reset"}},"/ui/common/title/btn_continue.ui":{"rootdata":{"0":"Continue"}},"/ui/common/ui/btn_exit.ui":{"rootdata":{"2":"Exit"}},"character":{"female_student_A":"Female Student A","youta_father":"Yota's father","michi":"Michi","mayuki":"Mayuki","male_student_B":"Male Student B","gal_B":"Gal B","gal_A":"Gal A","female_student_B":"Female Student B","unknown":"???","_____":"_____","youta":"Yota","male_student_A":"Male Student A","natuko":"Natsuko","female_student":"Female Student","youta_mother":"Yota's mother"},"/ui/720p/extra/cgpage.ui":{"rootdata":{"0":{"0":"CG"}}},"scene":{"5":{"hidden":"05","name":"I'll never forget the way he looked."},"3":{"hidden":"03","name":"I can't accept Michi."},"4":{"hidden":"04","name":"I accept things as they are."},"9":{"hidden":"09","name":"The shape we want each other to be in"},"2":{"hidden":"02","name":"The Promise of That Day"},"7":{"hidden":"07","name":"Natsuko in her ideal form"},"8":{"hidden":"08","name":"The two of you are perfect for each other."},"6":{"hidden":"06","name":"Cheerful Mayuki"},"1":{"hidden":"01","name":"Why Michi became a gal."},"10":{"hidden":"10","name":"Let the three of us enjoy the moment."},"11":{"hidden":"11","name":"We will not let anything break us."},"0":{"hidden":"00","name":"Childhood friend who became a gal"}},"/ui/common/extra/btn_thumbnail.ui":{"rootdata":{"0":{"1":"NoData"}}},"/ui/720p/extra/soundpage.ui":{"rootdata":{"0":{"0":"sound"}}},"/ui/common/title/btn_start.ui":{"rootdata":{"0":"Start"}},"/ui/720p/language/language.ui":{"rootdata":{"1":{"1":"Language"}}},"/ui/common/extra/achieve.ui":{"rootdata":{"0":{"1":"rate of achievement"}}},"/ui/720p/talk/log.ui":{"rootdata":{"0":{"1":"BackLog"}}},"/img/720p/bg/ED00_a.ui":{"rootdata":{"0":{"1":"Original idea Gold Lip","2":"Imadoki-Girls.\""}}},"/ui/common/title/btn_config.ui":{"rootdata":{"0":"Config"}},"/img/720p/bg/ED01_a.ui":{"rootdata":{"0":{"3":"Mayuki Itoi : Nijiko Hibiki","4":"Natsuko Harekawa : Suzu Sazanami","1":"cast","2":"Michi Haneda : Chika Sakuragi"}}},"/img/720p/bg/ED08_a.ui":{"rootdata":{"0":{"1":"Fin."}}},"/img/720p/bg/ED04_a.ui":{"rootdata":{"0":{"1":"Original Drawing Character Design","2":"\u4e03\u6d77 \u7530"}}},"/ui/common/extra/btn_cg.ui":{"rootdata":{"2":"CG"}},"/img/720p/bg/ED05_a.ui":{"rootdata":{"0":{"1":"sound","2":"\u30b8\u30e7\u30f3\u9ed2\u7530"}}},"/ui/common/title/btn_language.ui":{"rootdata":{"0":"Language"}},"/ui/common/ui/btn_back.ui":{"rootdata":{"2":"Back"}},"/ui/common/storage/datum.ui":{"rootdata":{"3":{"1":"No Data"}}},"/ui/720p/extra/routepage.ui":{"rootdata":{"0":{"0":"scene"}}},"/ui/720p/extra/scenepage.ui":{"rootdata":{"0":{"0":"scene"}}},"/ui/common/extra/btn_sound.ui":{"rootdata":{"2":"sound"}},"/ui/720p/storage/storage.ui":{"rootdata":{"1":{"1":"Save"}}},"/ui/common/title/btn_extra.ui":{"rootdata":{"0":"Extra"}},"/ui/common/title/btn_load.ui":{"rootdata":{"0":"Load"}},"/img/720p/bg/ED03_a.ui":{"rootdata":{"0":{"1":"scenario","2":"\u732b\u9b42","3":"\u591a\u8abf"}}},"/ui/common/extra/btn_scene.ui":{"rootdata":{"2":"scene"}},"dict":{"title.translate.cancaled":"The download has been interrupted and the language settings will be initialized.","talk.quickload.confirm.yes":"Resume","title.continue.confirm.yes":"Resume","config.10.0":"No","language.error.255":"The server is unavailable.","language.restart":"Return to the title screen.","config.6":"Message Window Transparency","title.continue.confirm":"Do you want to restart from a saved scene?","title.continue.nodata":"There is no saved data.","config.9":"Auto-mode continuation after choice","common.dialog.message.load.yes":"Load","config.12.1":"Window","config.1":"Background Music","config.8.0":"No","common.dialog.message.load":"Do you want to load the game?","extra.scene.confirm":"Do you want to start with this scene?","title.translate.confirm.yes":"Download","title.translate.confirm":"Download the update files needed to start the game at %s.","common.dialog.message.exit.yes":"Exit","common.dialog.btn.no":"Cancel","language.confirm.yes":"Change","config.10.1":"Yes","storage.label.none":"No Data","language.confirm":"Do you want to change the language you use to %s?","config.10":"Change the color of previously read text","config.12":"Display Mode","config.7.read":"Read Only","config.7.all":"All","common.dialog.message.save.yes":"Save","common.dialog.message.title":"Do you want to return to the Title Screen?","common.dialog.message.save":"Do you want to save the game?","config.tab.system":"SYSTEM","extra.cg.dialog.page":"%d / %d","language.error.2":"You are not allowed to access the server.","config.5":"Auto-mode Speed","storage.date":"Date:","title.translate.failed":"Initialize the language settings because the download failed.","common.dialog.message.title.yes":"To the Title Screen","config.9.0":"No","config.reset.confirm.yes":"Initialize","talk.quickload.confirm":"Do you want to restart from a saved scene?","config.tab.sound":"SOUND","storage.date.none":"----/--/-- --:--","config.4":"Character Display Speed","common.dialog.btn.cancel":"Pause","common.dialog.message.download":"Downloading","title.translate.notallowed":"Initialize the language settings because the required files are missing.","config.9.1":"Yes","storage.title.save":"Save","storage.title.load":"Load","config.7":"Skip Mode","common.dialog.btn.yes":"OK","language.error.1":"The server is under maintenance.","config.3":"VOICE","extra.scene.confirm.yes":"Initiate","common.dialog.message.exit":"Do you want to quit the game?","config.12.0":"Full Screen","config.2":"SE","config.8.1":"Yes","config.8":"Skip continuation after choice","talk.quicksave.message":"You have saved the game.\nYou can resume from the current scene.","config.reset.confirm":"Do you want to initialize the settings?"},"/img/720p/bg/ED02_a.ui":{"rootdata":{"0":{"3":"\u7b46\u9280","4":"\u6d41\u661f","1":"produce","2":"\u6b66\u58eb"}}},"/img/720p/bg/ED07_a.ui":{"rootdata":{"0":{"1":"Program","2":"\u97f3\u7121\u97ff","3":"\u30b4\u30ea\u30e9\u4e88\u5099\u8ecd"}}},"/ui/common/ui/btn_title.ui":{"rootdata":{"2":"Title"}},"/ui/common/config/btn_system.ui":{"rootdata":{"2":"System"}},"/img/720p/bg/ED06_a.ui":{"rootdata":{"0":{"5":"\u5915\u4f9d","3":"\u767d\u8089\u7403","4":"\u706b\u795e \u708e","1":"graphic","2":"\u30ea\u30f3\u30b4\u3002"}}},"/ui/720p/config/config.ui":{"rootdata":{"1":{"1":"System"}}},"bgm":{"bg_h1":{"label":"What you want."},"bg_h2":{"label":"As you desire."},"bg_d1":{"label":"Valuable Time"},"bg_op":{"label":"metamorphosis"},"bg_gy":{"label":"Pleasant breeze"},"bg_yu":{"label":"GIRL"},"bg_se":{"label":"Branch of the Mind"}}}