{"/ui/common/config/btn_sound.ui":{"rootdata":{"2":"Sound"}},"/ui/common/config/btn_reset.ui":{"rootdata":{"2":"Reset"}},"/ui/common/title/btn_continue.ui":{"rootdata":{"0":"Continue"}},"/ui/common/ui/btn_exit.ui":{"rootdata":{"2":"Exit"}},"character":{"sakura":"Sakura","female_student":"female student","yuuki's_mother":"Yuki's mother","yuuki":"Yuki","yuuki's_father":"Yuki's father","akira":"Akira","_____":"_____","natuki":"Natsuki","husband_of_sakura":"Sakura's husband","unknown":"?","husband_of_akira":"Akira's Husband","middle_aged_man":"Middle-aged Man"},"/ui/720p/extra/cgpage.ui":{"rootdata":{"0":{"0":"CG"}}},"scene":{"5":{"hidden":"Natsuki route","name":"I want to be friends with Dr. Natsuki."},"3":{"hidden":"Common route","name":"Wife's age"},"4":{"hidden":"Common route","name":"You only have one youth."},"9":{"hidden":"Normal route","name":"Ordinary Youth"},"2":{"hidden":"Common route","name":"Practice dating"},"7":{"hidden":"Sakura route","name":"Sakura, mother of two"},"8":{"hidden":"? Root.","name":"Crazy Harem"},"14":{"hidden":"Normal END","name":"Normal END"},"6":{"hidden":"Akira route","name":"Akira, who appears to be of the same generation"},"12":{"hidden":"Sakura END","name":"Sakura END"},"10":{"hidden":"Natsuki END","name":"Natsuki END"},"1":{"hidden":"Common route","name":"New Life"},"13":{"hidden":"? END","name":"Harlem END"},"11":{"hidden":"Akira END","name":"Akira END"},"0":{"hidden":"Common route","name":"Darkness Spreads Everyday Life"}},"/ui/common/extra/btn_thumbnail.ui":{"rootdata":{"0":{"1":"No Data"}}},"/ui/720p/extra/soundpage.ui":{"rootdata":{"0":{"0":"Sound"}}},"/img/720p/bg/ED04_a.ui":{"rootdata":{"0":{"1":"Original Drawing Character Design","2":"NiONiO","3":"Samekan"}}},"/ui/720p/language/language.ui":{"rootdata":{"1":{"1":"Language"}}},"/ui/common/extra/achieve.ui":{"rootdata":{"0":{"1":"rate of achievement"}}},"/ui/720p/talk/log.ui":{"rootdata":{"0":{"1":"BackLog"}}},"/img/720p/bg/ED00_a.ui":{"rootdata":{"0":{"1":"Original idea Inca Rose "}}},"/ui/common/title/btn_config.ui":{"rootdata":{"0":"Config"}},"/img/720p/bg/ED01_a.ui":{"rootdata":{"0":{"3":"Akira Takizu : Yuika","4":"Sakura Niimi: Mizuki Fujisawa","1":"Cast","2":"Natsuki Kahara: Sayo Nonomura"}}},"/ui/common/extra/btn_scene.ui":{"rootdata":{"2":"Scene"}},"/ui/common/title/btn_language.ui":{"rootdata":{"0":"Language"}},"/ui/common/extra/btn_cg.ui":{"rootdata":{"2":"CG"}},"/img/720p/bg/ED05_a.ui":{"rootdata":{"0":{"1":"Sound","2":"Mayoi"}}},"dict":{"title.translate.cancaled":"The download was interrupted and the language settings are initialized.","talk.quickload.confirm.yes":"Reopen.","title.continue.confirm.yes":"Reopen.","config.10.0":"Local","language.error.255":"The server is unavailable.","language.restart":"Return to the title screen.","config.6":"Message window transparency","title.continue.confirm":"Do you want to resume from a saved scene?","title.continue.nodata":"There is no save data.","config.3":"VOICE","common.dialog.message.load.yes":"Load","config.12.1":"Window","config.1":"BGM","config.8.0":"Local","common.dialog.btn.yes":"OK","extra.scene.confirm":"Would you like to start with this scene?","title.translate.confirm.yes":"Download","title.translate.confirm":"Download the update file needed to start the game in %s.","common.dialog.message.exit.yes":"Terminate","common.dialog.btn.no":"Cancel","language.confirm.yes":"Change","config.10.1":"be just about to","storage.label.none":"No data","language.confirm":"Would you like to change the language used to %s?","config.10":"Color change of read text","config.12":"Display mode","config.9":"Continuation of auto mode after choice","config.7.all":"All","common.dialog.message.exit":"Do you want to exit the game?","config.7.read":"Read Only","common.dialog.message.save.yes":"Save","config.tab.system":"SYSTEM","extra.cg.dialog.page":"%d / %d","language.error.2":"Access to the server is not allowed.","storage.date":"Date :","common.dialog.message.save":"Do you want to save?","title.translate.failed":"Initialize language settings due to download failure.","config.9.1":"be just about to","config.9.0":"local","config.reset.confirm.yes":"Initialize","talk.quickload.confirm":"Do you want to resume from a saved scene?","config.tab.sound":"SOUND","storage.date.none":"----/--/----:--","config.4":"Character display speed","config.reset.confirm":"Do you want to initialize your settings?","common.dialog.message.download":"Download.","title.translate.notallowed":"Initialize language settings due to missing required files.","common.dialog.message.title.yes":"Go to Title.","common.dialog.message.load":"Do you want to load it?","storage.title.save":"Save","config.7":"Skip mode","storage.title.load":"Load","language.error.1":"Server maintenance is in progress.","config.5":"Auto mode speed","extra.scene.confirm.yes":"Start","common.dialog.message.title":"Would you like to return to the title screen?","config.12.0":"full screen","config.2":"SE","config.8.1":"be just about to","config.8":"Continued skipping after choices","talk.quicksave.message":"Saved.\nYou can resume from the current scene.","common.dialog.btn.cancel":"Interruption"},"/ui/common/ui/btn_back.ui":{"rootdata":{"2":"Back"}},"/ui/720p/extra/scenepage.ui":{"rootdata":{"0":{"0":"Scene"}}},"/ui/720p/extra/routepage.ui":{"rootdata":{"0":{"0":"Scene"}}},"/ui/720p/storage/storage.ui":{"rootdata":{"1":{"1":"Save"}}},"/ui/common/extra/btn_sound.ui":{"rootdata":{"2":"Sound"}},"/img/720p/bg/ED08_a.ui":{"rootdata":{"0":{"1":"Fin."}}},"/ui/common/title/btn_extra.ui":{"rootdata":{"0":"Extra"}},"/ui/common/title/btn_load.ui":{"rootdata":{"0":"Load"}},"/img/720p/bg/ED03_a.ui":{"rootdata":{"0":{"1":"Scenario","2":"Yurei telop","3":"Yurei telop"}}},"/ui/common/storage/datum.ui":{"rootdata":{"3":{"1":"No Data"}}},"/ui/common/title/btn_start.ui":{"rootdata":{"0":"Start"}},"/img/720p/bg/ED02_a.ui":{"rootdata":{"0":{"3":"Kurumi daifuku","4":"Ashitaba","1":"Produce","2":"Stealth"}}},"/img/720p/bg/ED07_a.ui":{"rootdata":{"0":{"1":"Program","2":"Yamano Okami","3":"Gorilla yobigun"}}},"/ui/common/ui/btn_title.ui":{"rootdata":{"2":"Title"}},"/ui/common/config/btn_system.ui":{"rootdata":{"2":"System"}},"/img/720p/bg/ED06_a.ui":{"rootdata":{"0":{"5":"Yui","3":"Kawanosakitaro","4":"Kamil Kirishima","1":"Graphic","2":"Daidaigon"}}},"/ui/720p/config/config.ui":{"rootdata":{"1":{"1":"System"}}},"bgm":{"bg_h1":{"label":"Gentle Touch"},"bg_h2":{"label":"Adult Time"},"bg_ni":{"label":"The Night of Beginnings"},"bg_da":{"label":"Bitter memory"},"bg_d1":{"label":"Footsteps pointing forward"},"bg_ne":{"label":"Happiness at your feet"},"bg_op":{"label":"Shido"}}}