{"/ui/common/config/btn_sound.ui":{"rootdata":{"2":"Sound"}},"/ui/common/config/btn_reset.ui":{"rootdata":{"2":"Reset"}},"/ui/common/title/btn_continue.ui":{"rootdata":{"0":"Continue"}},"/ui/common/ui/btn_exit.ui":{"rootdata":{"2":"Exit"}},"character":{"female_student":"Female student","mikoto":"Mikoto","male_student_B":"Male student B","yukiho":"Yukiho","female_student_B":"Female student B","unknown":"???","_____":"_____","ryo":"Ryo","male_student_A":"Male student A","asuka":"Asuka","female_student_A":"Female student A","teacher":"Teacher"},"bgm":{"bg_h1":{"label":"Pure love rabbit"},"bg_h2":{"label":"Wet and transparent partial love"},"bg_ni":{"label":"On a Shining Night"},"bg_da":{"label":"The Plot Turn"},"bg_me":{"label":"Ripples of Lost"},"bg_op":{"label":"Wet transparent step"},"bg_d1":{"label":"History of School Life"}},"scene":{"5":{"hidden":"Mikoto? Root","name":"I want to play a prank on Mikoto"},"3":{"hidden":"Common route","name":"Maybe they can see right through me"},"4":{"hidden":"Common route","name":"Performing Mischief"},"9":{"hidden":"Yukiho Root","name":"Yukiho and I are very similar"},"2":{"hidden":"Common route","name":"Beginning of discomfort"},"7":{"hidden":"Asuka? Root","name":"Asuka, which encourages lechery"},"8":{"hidden":"Asuka? Root","name":"Serious confession to Asuka"},"14":{"hidden":"Yukiho Route END","name":"Yukiho Route END"},"6":{"hidden":"Mikoto? Root","name":"I want to be a lover with Mikoto"},"12":{"hidden":"Asuka? Root END","name":"Asuka Condemnation Route END"},"10":{"hidden":"Mikoto? Root END","name":"Mikoto Mischievous Route END"},"1":{"hidden":"Common route","name":"Chance to fulfill your desires"},"13":{"hidden":"Asuka? Root END","name":"Asuka Lover Route END"},"11":{"hidden":"Mikoto? Root END","name":"Mikoto Love Route END"},"0":{"hidden":"Common route","name":"Little girl who likes to get wet through"}},"/ui/common/extra/btn_thumbnail.ui":{"rootdata":{"0":{"1":"NoData"}}},"/ui/720p/extra/soundpage.ui":{"rootdata":{"0":{"0":"Sound"}}},"/ui/common/title/btn_start.ui":{"rootdata":{"0":"Start"}},"/ui/720p/language/language.ui":{"rootdata":{"1":{"1":"Language"}}},"/ui/common/extra/achieve.ui":{"rootdata":{"0":{"1":"rate of achievement"}}},"/ui/720p/talk/log.ui":{"rootdata":{"0":{"1":"BackLog"}}},"/img/720p/bg/ED00_a.ui":{"rootdata":{"0":{"1":"noir software","2":"\"The lewd and lascivious ward.\"","3":"draft"}}},"/ui/common/title/btn_config.ui":{"rootdata":{"0":"Config"}},"/img/720p/bg/ED01_a.ui":{"rootdata":{"0":{"3":"Asuka=Dinoaz\uff1aYasuko Inemuri","4":"Yukiho Shimamura\uff1aMinami Juji Issei","1":"cast","2":"Mikoto Nishigaki\uff1aKomomo Asai"}}},"/img/720p/bg/ED04_a.ui":{"rootdata":{"0":{"1":"Original Drawing Character Design","2":"Bingo Count"}}},"/ui/common/extra/btn_scene.ui":{"rootdata":{"2":"Scene"}},"/ui/common/extra/btn_cg.ui":{"rootdata":{"2":"CG"}},"/ui/common/title/btn_language.ui":{"rootdata":{"0":"Language"}},"/img/720p/bg/ED05_a.ui":{"rootdata":{"0":{"1":"sound","2":"stray"}}},"/ui/common/ui/btn_back.ui":{"rootdata":{"2":"Back"}},"/ui/common/extra/btn_sound.ui":{"rootdata":{"2":"Sound"}},"/ui/720p/extra/routepage.ui":{"rootdata":{"0":{"0":"Scene"}}},"/ui/720p/extra/scenepage.ui":{"rootdata":{"0":{"0":"Scene"}}},"/ui/common/storage/datum.ui":{"rootdata":{"3":{"1":"NoData"}}},"/ui/720p/extra/cgpage.ui":{"rootdata":{"0":{"0":"CG"}}},"/ui/720p/storage/storage.ui":{"rootdata":{"1":{"1":"Save"}}},"/ui/common/title/btn_extra.ui":{"rootdata":{"0":"Extra"}},"/img/720p/bg/ED03_a.ui":{"rootdata":{"0":{"1":"scenario","2":"ghost message","3":"ghost message"}}},"/ui/common/ui/btn_title.ui":{"rootdata":{"2":"Title"}},"/img/720p/bg/ED02_a.ui":{"rootdata":{"0":{"3":"slip of paper with a line in the center of a noh stage","4":"ryusei","1":"produce","2":"samurai"}}},"dict":{"title.continue.confirm.yes":"Reopen","config.10.0":"No","common.error.message.save.nospace":"Save failed due to insufficient free space.","title.continue.confirm":"Do you want to resume from a saved scene?","config.8":"Continued skipping after choices","storage.date":"Date: ","config.1":"BGM","title.translate.confirm.yes":"Download","common.dialog.message.title":"Would you like to return to the title screen?","common.dialog.btn.no":"Cancel","language.confirm.yes":"Change","config.10.1":"Yes","language.confirm":"Would you like to change the language used to %s?","config.10":"Color change of read text","config.7.all":"All","extra.cg.dialog.page":"%d / %d","common.dialog.message.save.yes":"Save","config.9.0":"No","common.dialog.message.exit":"Do you want to exit the game?","storage.date.none":"----/--/----:--","config.reset.confirm":"Do you want to initialize your settings?","title.translate.notallowed":"Initialize language settings due to missing required files.","config.7":"Skip mode","common.error.message.load":"Failed to load","common.dialog.message.title.yes":"Go to Title","config.9.1":"Yes","config.8.1":"Yes","title.translate.cancaled":"The download was interrupted and the language settings are initialized.","talk.quickload.confirm.yes":"Reopen.","language.error.255":"The server is unavailable.","language.restart":"Return to the title screen.","config.6":"Message window transparency","title.continue.nodata":"There is no save data","config.12.1":"Window","storage.title.load":"Load","config.8.0":"No","extra.scene.confirm":"Would you like to start with this scene?","title.translate.confirm":"Download the update file needed to start the game in %s.","common.dialog.message.exit.yes":"Terminate","storage.label.none":"No data","config.5":"Auto mode speed","config.tab.system":"SYSTEM","language.error.2":"Access to the server is not allowed.","config.7.read":"Read Only","config.3":"VOICE","config.reset.confirm.yes":"Initialize","talk.quickload.confirm":"Do you want to resume from a saved scene?","common.dialog.message.load":"Do you want to load it?","talk.quicksave.message":"Saved.\nYou can resume from the current scene.","config.4":"Character display speed","common.dialog.btn.cancel":"Interruption","common.dialog.message.download":"Download","common.error.message.save.broken":"Data is initialized due to corruption of saved data.","config.tab.sound":"SOUND","config.12":"Display mode","common.dialog.message.save":"Do you want to save?","config.9":"Continuation of auto mode after choice","title.translate.failed":"Initialize language settings due to download failure.","extra.scene.confirm.yes":"Start","config.12.0":"Full screen","language.error.1":"Server maintenance is in progress.","config.2":"SE","common.error.message.save":"Save failed","storage.title.save":"Save","common.dialog.message.load.yes":"Load","common.dialog.btn.yes":"OK"},"/img/720p/bg/ED07_a.ui":{"rootdata":{"0":{"1":"Program","2":"Yamano Okami","3":"gorilla reserve army"}}},"/img/720p/bg/ED08_a.ui":{"rootdata":{"0":{"1":"Fin."}}},"/ui/common/config/btn_system.ui":{"rootdata":{"2":"System"}},"/img/720p/bg/ED06_a.ui":{"rootdata":{"0":{"5":"Yui","3":"Kawano sakitaro","4":"Kirishima Kamil","1":"graphic","2":"Daidaigon"}}},"/ui/720p/config/config.ui":{"rootdata":{"1":{"1":"System"}}},"/ui/common/title/btn_load.ui":{"rootdata":{"0":"Load"}}}