{"/ui/common/config/btn_sound.ui":{"rootdata":{"2":"\u58f0\u97f3"}},"/ui/common/config/btn_reset.ui":{"rootdata":{"2":"\u590d\u4f4d"}},"/ui/common/title/btn_continue.ui":{"rootdata":{"0":"\u7ee7\u7eed"}},"/ui/common/ui/btn_exit.ui":{"rootdata":{"2":"\u9000\u51fa\u3002"}},"character":{"female_student_A":"\u5973\u5b66\u751fA","doctor":"(\u533b\u751f","father":"\u7236\u4eb2","suzune":"\u957f\u5143\u97f3","sawa":"\u6c99\u7fbd","himari":"\u6652\u592a\u9633","female_student_B":"\u5973\u5b66\u751fB","unknown":"?","_____":"_____","gorou":"\u6211\u7684\u5b69\u5b50","male_student_A":"\u7537\u5b66\u751fA","male_student":"\u7537\u5b66\u751f","female_student":"\u5973\u5b66\u751f","male_student_B":"\u7537\u5b66\u751fB"},"/ui/720p/extra/cgpage.ui":{"rootdata":{"0":{"0":"CG"}}},"scene":{"5":{"hidden":"05","name":"\u5173\u4e8e\u94c3\u97f3\u7684\u601d\u8003"},"3":{"hidden":"03","name":"\u6211\u7684\u8010\u5fc3\u5df2\u7ecf\u63a5\u8fd1\u6781\u9650\u4e86\u3002"},"4":{"hidden":"04","name":"\u8c01\u5bf9\u8c01\u6709\u611f\u60c5\uff1f"},"9":{"hidden":"09","name":"Jusendo"},"2":{"hidden":"02","name":"\u88ab\u7ba1\u7406\u7684\u75db\u82e6"},"7":{"hidden":"07","name":"\u5bf9\u6c99\u7fbd\u7684\u4e0d\u60f3\u8981\u7684\u60f3\u6cd5\u3002"},"8":{"hidden":"08","name":"\u5feb\u4e50\u7684\u4f18\u67d4\u5be1\u65ad\u3002"},"6":{"hidden":"06","name":"\u73cd\u60dc\u9633\u5149"},"12":{"hidden":"12","name":"\u54c8\u6797\u533a\u7ed3\u675f"},"1":{"hidden":"01","name":"\u5f00\u59cb\u6363\u9f13\u7ba1\u7406\u3002"},"10":{"hidden":"10","name":"\u9910\u540e\u8bb2\u8bdd"},"11":{"hidden":"11","name":"\u65e0\u679c\u800c\u7ec8"},"0":{"hidden":"00","name":"\u5947\u602a\u7684\u5baa\u6cd5\u5904\u7f6e"}},"/ui/common/extra/btn_thumbnail.ui":{"rootdata":{"0":{"1":"\u62d2\u7edd\u6570\u636e"}}},"/ui/720p/extra/soundpage.ui":{"rootdata":{"0":{"0":"\u58f0\u97f3"}}},"/img/720p/bg/ED04_a.ui":{"rootdata":{"0":{"5":"\u82e6\u6a59\u6c41\uff0c\u5728\u70f9\u996a\u4e2d\u4f5c\u4e3a\u918b\u4f7f\u7528","3":"\u9ca8\u9c7c\u7f50\u5934","4":"\u5e7d\u7075\u4fe1\u606f","9":"\u6d41\u6d6a\u72d7","2":"NiONiO\u3002","7":"\u6850\u5c9b\u5361\u7c73\u5c14","11":"\u665a\u4f1a(\u516c\u53f8)","6":"\u6709\u72af\u7f6a\u8bb0\u5f55\u7684\u4eba","1":"\u91cd\u65b0\u5236\u4f5c\u7684\u5de5\u4f5c\u4eba\u5458\u3002","8":"\u5c71\u91ce\u5927\u5fd7\uff08\u6536\u6210\u3001\u8d22\u5bcc\u3001\u751f\u80b2\u7b49\u4e4b\u795e\uff09","10":"\u5c71\u5185\u91cd\u6cbb"}}},"/ui/720p/language/language.ui":{"rootdata":{"1":"\u8bed\u8a00"}},"/ui/common/extra/achieve.ui":{"rootdata":{"1":"\u6210\u5c31\u7387"}},"/ui/720p/talk/log.ui":{"rootdata":{"0":{"1":"\u540e\u8bb0"}}},"/img/720p/bg/ED00_a.ui":{"rootdata":{"0":{"1":"\u6700\u521d\u7684\u60f3\u6cd5\uff0cIncarose\uff0c'Aneimomama'\u3002"}}},"/ui/common/title/btn_config.ui":{"rootdata":{"0":"\u914d\u7f6e\u3002"}},"/img/720p/bg/ED01_a.ui":{"rootdata":{"0":{"3":"\u5c0f\u5742\u7eef\u7ea2\uff1a\u677e\u6ce2\u660e\u65e5\u9999\u3002","4":"\u5c0f\u5742\u82cf\u7459\uff1a\u7c73\u6674\u6c50\u3002","1":"\u6f14\u5458\u3002","2":"\u5c0f\u5742\u94c3\u97f3\uff1a\u5357\u6731\u96c0\u4e00\u6210\u3002"}}},"/ui/720p/extra/scenepage.ui":{"rootdata":{"0":{"0":"\u73b0\u573a\u3002"}}},"/ui/common/extra/btn_cg.ui":{"rootdata":{"2":"CG"}},"/img/720p/bg/ED05_a.ui":{"rootdata":{"0":{"1":"\u751f\u4ea7\u5408\u4f5c","2":"Cyberstep\u516c\u53f8\u3002"}}},"/ui/common/title/btn_language.ui":{"rootdata":{"0":"\u8bed\u8a00"}},"/ui/common/ui/btn_back.ui":{"rootdata":{"2":"\u80cc\u9762\u3002"}},"bgm":{"bg_h1":{"label":"\u8eab\u4f53\u7684Majwali\u3002"},"bg_h2":{"label":"\u53d7\u63a7\u7684Sayoc\u3002"},"bg_me":{"label":"\u5854\u514b\u62c9\u7c73\u4fee\u5973\u3002"},"bg_da":{"label":"\u8428\u52a0\u5947\u7279\u7684\u7b54\u6848\u3002"},"bg_d2":{"label":"\u6bcf\u5929\u90fd\u662f\u5e93\u7279\u7f57\u5947"},"bg_d1":{"label":"\u5b66\u751f\u6447\u6eda"},"bg_op":{"label":"\u7ba1\u7406\u59b9\u59b9-\u6bcd\u4eb2\u3002"}},"/ui/720p/extra/routepage.ui":{"rootdata":{"0":{"0":"\u73b0\u573a\u3002"}}},"/ui/common/title/btn_start.ui":{"rootdata":{"0":"\u5f00\u59cb\u3002"}},"/ui/common/extra/btn_sound.ui":{"rootdata":{"2":"\u58f0\u97f3"}},"/ui/720p/storage/storage.ui":{"rootdata":{"1":"\u62ef\u6551"}},"/ui/common/extra/btn_scene.ui":{"rootdata":{"2":"\u7ae0\u3002"}},"/ui/common/title/btn_extra.ui":{"rootdata":{"0":"\u989d\u5916\u7684"}},"/img/720p/bg/ED03_a.ui":{"rootdata":{"0":{"3":"\u9690\u79d8\u6027","4":"\u5f53\u5f52\u514b\u5df1","1":"\u751f\u4ea7","2":"\u5927\u798f\u6838\u6843"}}},"/ui/common/storage/datum.ui":{"rootdata":{"3":{"1":"\u65e0\u6570\u636e"}}},"/img/720p/bg/ED02_a.ui":{"rootdata":{"0":{"3":"\u9690\u79d8\u6027","4":"\u5f53\u5f52\u514b\u5df1","1":"\u7efc\u5408\u519c\u4ea7\u54c1","2":"\u5927\u798f\u6838\u6843"}}},"dict":{"title.translate.cancaled":"\u4e0b\u8f7d\u88ab\u4e2d\u65ad\u4e86\uff0c\u8bed\u8a00\u8bbe\u7f6e\u88ab\u521d\u59cb\u5316\u3002","talk.quickload.confirm.yes":"\u7b80\u5386\u3002","title.continue.confirm.yes":"\u7b80\u5386\u3002","config.10.0":"\u5f53\u5730","language.error.255":"\u8be5\u670d\u52a1\u5668\u4e0d\u53ef\u7528\u3002","language.restart":"\u8fd4\u56de\u5230\u6807\u9898\u5c4f\u5e55\u3002","config.6":"\u4fe1\u606f\u7a97\u53e3\u7684\u900f\u660e\u5ea6","title.continue.confirm":"\u4f60\u60f3\u4ece\u5df2\u4fdd\u5b58\u7684\u573a\u666f\u4e2d\u6062\u590d\u5417\uff1f","common.dialog.btn.yes":"\u8ba4\u53ef","common.dialog.message.load.yes":"\u8d1f\u8377","storage.date":"\u65e5\u671f :","config.12.1":"\u7a97\u53e3","config.1":"BGM","config.8.0":"\u5f53\u5730","common.dialog.message.load":"\u4f60\u60f3\u52a0\u8f7d\u5b83\u5417\uff1f","extra.scene.confirm":"\u4f60\u60f3\u4ece\u8fd9\u4e2a\u573a\u666f\u5f00\u59cb\u5417\uff1f","title.translate.confirm.yes":"\u4e0b\u8f7d\u3002","title.translate.confirm":"%s\u6765\u4e0b\u8f7d\u542f\u52a8\u6e38\u620f\u6240\u9700\u7684\u66f4\u65b0\u6587\u4ef6\u3002","common.dialog.message.exit.yes":"\u7ec8\u6b62\u3002","common.dialog.btn.no":"\u53d6\u6d88","language.confirm.yes":"\u53d8\u5316\u3002","config.10.1":"\u6b63\u8981","storage.label.none":"\u6ca1\u6709\u6570\u636e","language.confirm":"\u4f60\u60f3\u6539\u53d8\u4f7f\u7528\u7684\u8bed\u8a00\u5417\uff1f%s\uff1f","config.10":"\u9605\u8bfb\u6587\u672c\u7684\u989c\u8272\u53d8\u5316","config.3":"\u55d3\u97f3","config.9":"\u9009\u62e9\u540e\u7ee7\u7eed\u4fdd\u6301\u81ea\u52a8\u6a21\u5f0f\u3002","config.7.all":"\u6240\u6709","config.7.read":"\u53ea\u8bfb","common.dialog.message.save.yes":"\u62ef\u6551","common.dialog.message.title.yes":"\u8f6c\u5230\u6807\u9898\u3002","config.tab.system":"\u7cfb\u7edf","extra.cg.dialog.page":"%d / %d","language.error.2":"\u5bf9\u670d\u52a1\u5668\u7684\u8bbf\u95ee\u6ca1\u6709\u5f97\u5230\u6388\u6743\u3002","common.dialog.message.save":"\u4f60\u60f3\u4fdd\u5b58\u5417\uff1f","config.5":"\u81ea\u52a8\u6a21\u5f0f\u901f\u5ea6","title.translate.failed":"\u7531\u4e8e\u4e0b\u8f7d\u5931\u8d25\uff0c\u521d\u59cb\u5316\u8bed\u8a00\u8bbe\u7f6e\u3002","config.9.1":"\u6b63\u8981","config.9.0":"\u5f53\u5730","config.reset.confirm.yes":"\u521d\u59cb\u5316\u3002","talk.quickload.confirm":"\u4f60\u60f3\u4ece\u5df2\u4fdd\u5b58\u7684\u573a\u666f\u4e2d\u6062\u590d\u5417\uff1f","config.tab.sound":"\u58f0\u54cd","talk.quicksave.message":"\u5f97\u6551\u4e86\u3002\n\u4f60\u53ef\u4ee5\u4ece\u5f53\u524d\u573a\u666f\u6062\u590d\u3002","config.4":"\u5b57\u7b26\u663e\u793a\u901f\u5ea6","config.reset.confirm":"\u4f60\u60f3\u521d\u59cb\u5316\u8bbe\u7f6e\u5417\uff1f","common.dialog.message.download":"\u4e0b\u8f7d\u3002","title.translate.notallowed":"\u521d\u59cb\u5316\u8bed\u8a00\u8bbe\u7f6e\uff0c\u56e0\u4e3a\u7f3a\u5c11\u6240\u9700\u6587\u4ef6\u3002","common.dialog.message.exit":"\u4f60\u60f3\u5b8c\u6210\u8fd9\u4e2a\u6e38\u620f\u5417\uff1f","storage.title.save":"\u62ef\u6551","storage.title.load":"\u8d1f\u8f7d\u3002","config.7":"\u8df3\u8fc7\u6a21\u5f0f","common.dialog.message.title":"\u4f60\u60f3\u56de\u5230\u6807\u9898\u753b\u9762\u5417\uff1f","language.error.1":"\u670d\u52a1\u5668\u7ef4\u62a4\u6b63\u5728\u8fdb\u884c\u4e2d\u3002","storage.date.none":"----/--/-- --:--","extra.scene.confirm.yes":"\u5f00\u59cb\u3002","config.12":"\u663e\u793a\u6a21\u5f0f","config.12.0":"\u5168\u5c4f\uff08\u5bbd\u5c4f\u7535\u5f71\u7684\u89c6\u9891\u53d1\u5e03\uff09","config.2":"\u01de\u01de\u01de","config.8.1":"\u6b63\u8981","config.8":"\u9009\u62e9\u540e\u7ee7\u7eed\u8df3\u69fd","common.dialog.btn.cancel":"\u4e2d\u65ad","title.continue.nodata":"\u6ca1\u6709\u4fdd\u5b58\u6570\u636e\u3002"},"/img/720p/bg/ED07_a.ui":{"rootdata":{"0":{"1":"\u7f5a\u6b3e\u3002"}}},"/ui/common/ui/btn_title.ui":{"rootdata":{"2":"\u6807\u9898\u3002"}},"/ui/common/config/btn_system.ui":{"rootdata":{"2":"\u7cfb\u7edf"}},"/img/720p/bg/ED06_a.ui":{"rootdata":{"0":{"1":"\u751f\u4ea7","2":"\u9a70\u9a8b\u5de5\u7a0b\u6709\u9650\u516c\u53f8"}}},"/ui/720p/config/config.ui":{"rootdata":{"1":"\u7cfb\u7edf"}},"/ui/common/title/btn_load.ui":{"rootdata":{"0":"\u8d1f\u8f7d\u3002"}}}