{"/ui/common/config/btn_sound.ui":{"rootdata":{"2":"Sound"}},"/ui/common/config/btn_reset.ui":{"rootdata":{"2":"Reset"}},"/ui/common/title/btn_continue.ui":{"rootdata":{"0":"Continue"}},"/ui/common/ui/btn_exit.ui":{"rootdata":{"2":"Exit"}},"character":{"female_student":"Female Student","marina(yu)":"Marina (Yu)","father":"Father","female_student_B":"Female Student B","kokoro":"Kokoro","marina(shizuku)":"Marina (Shizuku)","marina?":"Marina?","man":"Man","shizuku(yu)_husband":"Husband of Shizuku (Yu)","yu(shizuku)":"Yu (Shizuku)","shizuku":"Shizuku","shizuku(marina)":"Shizuku (Marina)","grandfather":"Grandfather","female_student_A":"Female Student A","male_student":"Male student","unknown":"?","mother":"Mother","marina":"Marina","yu":"Yu","shizuku(yu)":"Shizuku (Yu)","yu(marina)":"Yu (Marina)","_____":"_____"},"/ui/720p/extra/cgpage.ui":{"rootdata":{"0":{"0":"CG"}}},"scene":{"3":{"hidden":"Common route","name":"Interchangeable body"},"4":{"hidden":"Common route","name":"Before you have any unfinished business."},"10":{"hidden":"Shizuku Route 2","name":"I thought the body of the drop was good."},"8":{"hidden":"Shizuku route","name":"Bright Shizuku"},"6":{"hidden":"Marina route 1","name":"With your sister."},"12":{"hidden":"BAD route","name":"If the heart is also a woman"},"15":{"hidden":"Shizuku route 1END","name":"Shizuku route 1END"},"18":{"hidden":"BAD route END","name":"BAD route END"},"0":{"hidden":"Common route","name":"Grandpa was an inventor."},"5":{"hidden":"Marina route","name":"Calm sister."},"17":{"hidden":"Kokoro Route END","name":"Kokoro Route END"},"9":{"hidden":"Shizuku Route 1","name":"I hope you had a good time."},"2":{"hidden":"Common route","name":"Council of war"},"7":{"hidden":"Marina route 2","name":"I want to spend time in my sister's body."},"11":{"hidden":"Kokoro route","name":"Consult with Kokoro"},"14":{"hidden":"Marina route 2END","name":"Marina route 2END"},"1":{"hidden":"Common route","name":"I'm becoming my sister."},"13":{"hidden":"Marina route 1END","name":"Marina route 1END"},"16":{"hidden":"Shizuku route 2END","name":"Shizuku route 2END"}},"/ui/common/extra/btn_thumbnail.ui":{"rootdata":{"0":{"1":"NoData"}}},"/ui/720p/extra/soundpage.ui":{"rootdata":{"0":{"0":"Sound"}}},"/ui/common/title/btn_start.ui":{"rootdata":{"0":"Start"}},"/ui/720p/language/language.ui":{"rootdata":{"1":{"1":"Language"}}},"/ui/common/extra/achieve.ui":{"rootdata":{"0":{"1":"Rate of achievement"}}},"/ui/720p/talk/log.ui":{"rootdata":{"0":{"1":"BackLog"}}},"/img/720p/bg/ED00_a.ui":{"rootdata":{"0":{"1":"Noir software","2":"\"The lewd and lascivious ward.\"","3":"Draft"}}},"/ui/common/title/btn_config.ui":{"rootdata":{"0":"Config"}},"/img/720p/bg/ED01_a.ui":{"rootdata":{"0":{"3":"Shizuku Tokiwa : Komomo Asai","4":"Koromo Kurusu : Rito Tsukinaga","1":"Cast","2":"Marina Tokiwa : Minami Juji Issei"}}},"/img/720p/bg/ED08_a.ui":{"rootdata":{"0":{"1":"Fin."}}},"bgm":{"bg_pi":{"label":"Mixed colors will not return."},"bg_h2":{"label":"Mixed minds and bodies"},"bg_h1":{"label":"Body of the opposite sex to be aware of"},"bg_da":{"label":"Crashing Everyday Life"},"bg_d2":{"label":"sunset on a calm and collected day"},"bg_op":{"label":"sexually transmitted sister"},"bg_d1":{"label":"Good morning"}},"/ui/common/extra/btn_cg.ui":{"rootdata":{"2":"CG"}},"/img/720p/bg/ED05_a.ui":{"rootdata":{"0":{"1":"Sound","2":"Mayoi"}}},"/img/720p/bg/ED04_a.ui":{"rootdata":{"0":{"1":"Original Drawing Character Design","2":"Bingo Hakushaku"}}},"/ui/common/ui/btn_back.ui":{"rootdata":{"2":"Back"}},"/ui/common/storage/datum.ui":{"rootdata":{"3":{"1":"No Data"}}},"/ui/720p/extra/routepage.ui":{"rootdata":{"0":{"0":"Scene"}}},"/ui/720p/extra/scenepage.ui":{"rootdata":{"0":{"0":"Scene"}}},"/ui/common/extra/btn_sound.ui":{"rootdata":{"2":"Sound"}},"/ui/common/title/btn_language.ui":{"rootdata":{"0":"Language"}},"/ui/720p/storage/storage.ui":{"rootdata":{"1":{"1":"Save"}}},"/ui/common/title/btn_extra.ui":{"rootdata":{"0":"Extra"}},"/img/720p/bg/ED03_a.ui":{"rootdata":{"0":{"1":"Scenario","2":"Yurei Telop","3":"Yurei Telop"}}},"/ui/common/title/btn_load.ui":{"rootdata":{"0":"Load"}},"dict":{"title.continue.confirm.yes":"Reopen","config.10.0":"No","common.error.message.save.nospace":"Save failed due to insufficient free space.","title.continue.confirm":"Do you want to resume from a saved scene?","config.8":"Continued skipping after choices","common.dialog.message.load.yes":"Load","config.1":"BGM","title.translate.confirm.yes":"Download","common.dialog.message.title":"Would you like to return to the title screen?","common.dialog.btn.no":"Cancel","language.confirm.yes":"Change","config.10.1":"Yes","language.confirm":"Would you like to change the language used to %s?","config.10":"Color change of read text","config.7.all":"All","extra.cg.dialog.page":"%d / %d","common.dialog.message.save.yes":"Save","config.9.0":"No","common.dialog.message.exit":"Do you want to exit the game?","storage.date.none":"----/--/----:--","config.reset.confirm":"Do you want to initialize your settings?","title.translate.notallowed":"Initialize language settings due to missing required files.","config.7":"Skip mode","common.error.message.load":"Failed to load.","common.dialog.message.title.yes":"Go to Title.","config.9.1":"Yes","config.8.1":"Yes","title.translate.cancaled":"The download was interrupted and the language settings are initialized.","talk.quickload.confirm.yes":"Reopen","storage.title.save":"Save","language.restart":"Return to the title screen.","config.6":"Message window transparency","title.continue.nodata":"There is no save data.","config.12.1":"window","storage.title.load":"Load","config.8.0":"No","extra.scene.confirm":"Would you like to start with this scene?","title.translate.confirm":"Download the update file needed to start the game in %s.","common.dialog.message.exit.yes":"Terminate","storage.label.none":"No data","config.5":"Auto mode speed","config.tab.system":"SYSTEM","language.error.2":"Access to the server is not allowed.","config.7.read":"Read Only","config.3":"VOICE","config.reset.confirm.yes":"Initialize","talk.quickload.confirm":"Do you want to resume from a saved scene?","config.tab.sound":"SOUND","talk.quicksave.message":"Saved.\nYou can resume from the current scene.","config.4":"character display speed","common.dialog.btn.cancel":"Interruption","common.dialog.message.download":"Download.","common.error.message.save.broken":"Data is initialized due to corruption of saved data.","config.12.0":"Full screen","config.12":"Display mode","title.translate.failed":"Initialize language settings due to download failure.","config.9":"Continuation of auto mode after choice","language.error.1":"Server maintenance is in progress.","extra.scene.confirm.yes":"Start","language.error.255":"The server is unavailable.","common.dialog.message.load":"Do you want to load it?","config.2":"SE","common.error.message.save":"Save failed.","common.dialog.message.save":"Do you want to save?","common.dialog.btn.yes":"OK","storage.date":"Date: (date)"},"/img/720p/bg/ED02_a.ui":{"rootdata":{"0":{"3":"Fudegin","4":"Ryusei","1":"Produce","2":"Bushi"}}},"/img/720p/bg/ED07_a.ui":{"rootdata":{"0":{"1":"Program","2":"Yamano Okami","3":"Gorilla Yobigun"}}},"/ui/common/ui/btn_title.ui":{"rootdata":{"2":"Title"}},"/ui/common/config/btn_system.ui":{"rootdata":{"2":"System"}},"/img/720p/bg/ED06_a.ui":{"rootdata":{"0":{"5":"Yui","3":"Kawanosakitaro","4":"Kirishima Kamil","1":"Graphic","2":"Daidaigon"}}},"/ui/720p/config/config.ui":{"rootdata":{"1":{"1":"System"}}},"/ui/common/extra/btn_scene.ui":{"rootdata":{"2":"Scene"}}}