{"/ui/common/config/btn_sound.ui":{"rootdata":{"2":"sound"}},"/ui/common/config/btn_reset.ui":{"rootdata":{"2":"Reset"}},"/ui/common/title/btn_continue.ui":{"rootdata":{"0":"Continue"}},"/ui/common/ui/btn_exit.ui":{"rootdata":{"2":"Exit"}},"character":{"kaoruko":"Kaoruko","gal_A":"Gal A","gal_D":"Gal D","_____":"_____","gal_C":"Gal C","female_employee":"Office worker","man":"Guy","natsuki":"Natsuki","tokuzawa":"Tokusawa","man_B":"Guy B","homeless":"Homeless","kimoto":"Kimoto","male_employee":"Employee","gal_B":"Gal B","unknown":"?","shinjo":"Shinjo"},"bgm":{"bg_h1":{"label":"Secret"},"bg_h2":{"label":"Sick Princess"},"bg_ni":{"label":"A Night of the Princesses"},"bg_d1":{"label":"Otasaa's Everyday Life"},"bg_sl":{"label":"Peaceful Nerd"},"bg_op":{"label":"Reality against Ideal"},"bg_t1":{"label":"This can't be right."}},"scene":{"3":{"hidden":"common route","name":"signs of disquiet"},"4":{"hidden":"common route","name":"They found out about my relationship with the princess."},"10":{"hidden":"Route 4","name":"A New Place to Live"},"8":{"hidden":"Route 2","name":"Pamper me"},"6":{"hidden":"common route","name":"Fluctuation of the princess"},"12":{"hidden":"Route 6","name":"I'll always be a princess."},"15":{"hidden":"Route 3 END","name":"Route 3 END"},"18":{"hidden":"Route 6 END","name":"Route 6 END"},"0":{"hidden":"common route","name":"princess from Otasaa"},"5":{"hidden":"common route","name":"cosplay photo session"},"17":{"hidden":"Route 5 END","name":"Route 5 END"},"9":{"hidden":"Route 3","name":"Princesses cost a lot of money"},"2":{"hidden":"common route","name":"The princess and her secret relationship"},"7":{"hidden":"Route 1","name":"The true nature of a princess"},"11":{"hidden":"Route 5","name":"I just wanted to be bothered more."},"14":{"hidden":"Route 2 END","name":"Route 2 END"},"1":{"hidden":"common route","name":"Hard to Bonus"},"13":{"hidden":"Route 1 END","name":"Route 1 END"},"16":{"hidden":"Route 4 END","name":"Route 4 END"}},"/ui/common/extra/btn_thumbnail.ui":{"rootdata":{"0":{"1":"NoData"}}},"/ui/720p/extra/soundpage.ui":{"rootdata":{"0":{"0":"sound"}}},"/ui/common/title/btn_start.ui":{"rootdata":{"0":"Start"}},"/img/720p/bg/ui_01.ui":{"rootdata":{"0":{"1":"-Kaoruko side-","2":"\"The lewd and lascivious ward.\""}}},"/img/720p/bg/ui_00.ui":{"rootdata":{"0":{"1":"-Natsuki side-","2":"\"The lewd and lascivious ward.\""}}},"/ui/720p/language/language.ui":{"rootdata":{"1":{"1":"Language"}}},"/ui/common/extra/btn_scene.ui":{"rootdata":{"2":"scene"}},"/ui/720p/talk/log.ui":{"rootdata":{"0":{"1":"BackLog"}}},"/img/720p/bg/ED00_a.ui":{"rootdata":{"0":{"1":"noir software","2":"\"The lewd and lascivious ward.\"","3":"draft"}}},"/ui/common/title/btn_config.ui":{"rootdata":{"0":"Config"}},"/img/720p/bg/ED01_a.ui":{"rootdata":{"0":{"3":"Kaoruko Mizushiro : Ai Yoshinaka","4":"Koromo Kurusu : Rito Tsukinaga","1":"cast","2":"Marina Tokiwa: Minami Juji Issei"}}},"/img/720p/bg/ED05_a.ui":{"rootdata":{"0":{"1":"sound","2":"Mayoi"}}},"/img/720p/bg/ED08_a.ui":{"rootdata":{"0":{"1":"Fin."}}},"/ui/common/extra/btn_cg.ui":{"rootdata":{"2":"CG"}},"/ui/common/title/btn_language.ui":{"rootdata":{"0":"Language"}},"/ui/common/extra/btn_sound.ui":{"rootdata":{"2":"sound"}},"/ui/common/ui/btn_back.ui":{"rootdata":{"2":"Back"}},"/ui/720p/storage/storage.ui":{"rootdata":{"1":{"1":"Save"}}},"/ui/720p/extra/routepage.ui":{"rootdata":{"0":{"0":"scene"}}},"/ui/common/extra/achieve.ui":{"rootdata":{"0":{"1":"rate of achievement"}}},"/ui/common/storage/datum.ui":{"rootdata":{"3":{"1":"No Data"}}},"/ui/720p/extra/scenepage.ui":{"rootdata":{"0":{"0":"scene"}}},"/ui/720p/extra/cgpage.ui":{"rootdata":{"0":{"0":"CG"}}},"/ui/common/title/btn_extra.ui":{"rootdata":{"0":"Extra"}},"/img/720p/bg/ED03_a.ui":{"rootdata":{"0":{"1":"scenario","2":"Yu-rei telop","3":"Yu-rei telop"}}},"/img/720p/bg/ED04_a.ui":{"rootdata":{"0":{"1":"Original Drawing Character Design","2":"Bingo Hakushaku"}}},"dict":{"title.continue.confirm.yes":"Reopen","config.10.0":"No","common.error.message.save.nospace":"Save failed due to insufficient free space.","title.continue.confirm":"Do you want to resume from a saved scene?","config.8":"Continued skipping after choices","common.dialog.message.load.yes":"Load","config.1":"BGM","title.translate.confirm.yes":"Download","common.dialog.message.title":"Would you like to return to the title screen?","common.dialog.btn.no":"Cancel","language.confirm.yes":"Change","config.10.1":"Yes","language.confirm":"Would you like to change the language used to %s?","config.10":"Color change of read text","config.7.all":"All","extra.cg.dialog.page":"%d / %d","common.dialog.message.save.yes":"Save","config.9.0":"No","common.dialog.message.exit":"Do you want to exit the game?","storage.date.none":"----/--/----:--","config.reset.confirm":"Do you want to initialize your settings?","title.translate.notallowed":"Initialize language settings due to missing required files.","config.7":"Skip mode","common.error.message.load":"Failed to load","common.dialog.message.title.yes":"Go to Title","config.9.1":"Yes","config.8.1":"Yes","title.translate.cancaled":"The download was interrupted and the language settings are initialized.","talk.quickload.confirm.yes":"Reopen","storage.title.save":"Save","language.restart":"Return to the title screen.","config.6":"message window transparency","title.continue.nodata":"There is no save data.","config.12.1":"window","storage.title.load":"Load","config.8.0":"No","extra.scene.confirm":"Would you like to start with this scene?","title.translate.confirm":"Download the update file needed to start the game in %s.","common.dialog.message.exit.yes":"Terminate","storage.label.none":"No data","config.5":"Auto mode speed","config.tab.system":"SYSTEM","language.error.2":"Access to the server is not authorized.","config.7.read":"Read Only","config.3":"VOICE","config.reset.confirm.yes":"Initialize","talk.quickload.confirm":"Do you want to resume from a saved scene?","common.dialog.message.load":"Do you want to load it?","talk.quicksave.message":"Saved.\nYou can resume from the current scene.","config.4":"character display speed","common.dialog.btn.cancel":"Interruption","common.dialog.message.download":"Download","storage.date":"Date: (date)","config.tab.sound":"SOUND","config.12":"Display mode","config.12.0":"Full screen","config.9":"Continuation of auto mode after choice","language.error.1":"Server maintenance is in progress.","extra.scene.confirm.yes":"Start","common.error.message.save.broken":"Data is initialized due to corruption of saved data.","language.error.255":"The server is unavailable.","config.2":"SE","common.error.message.save":"Save failed","title.translate.failed":"Initialize language settings due to download failure.","common.dialog.btn.yes":"OK","common.dialog.message.save":"Do you want to save?"},"/img/720p/bg/ED02_a.ui":{"rootdata":{"0":{"3":"Fudegin","4":"Ryusei","1":"produce","2":"Bushi"}}},"/img/720p/bg/ED07_a.ui":{"rootdata":{"0":{"1":"Program","2":"Yamano Okami","3":"gorilla yobigun"}}},"/ui/common/ui/btn_title.ui":{"rootdata":{"2":"Title"}},"/ui/common/config/btn_system.ui":{"rootdata":{"2":"System"}},"/img/720p/bg/ED06_a.ui":{"rootdata":{"0":{"5":"Yui","3":"Kawano Sakitaro","4":"Kirishima Kamil","1":"graphic","2":"Daidai gon"}}},"/ui/720p/config/config.ui":{"rootdata":{"1":{"1":"System"}}},"/ui/common/title/btn_load.ui":{"rootdata":{"0":"Load"}}}