{"/ui/common/config/btn_sound.ui":{"rootdata":{"2":"sound"}},"/ui/common/config/btn_reset.ui":{"rootdata":{"2":"Reset"}},"/ui/common/title/btn_continue.ui":{"rootdata":{"0":"Continue"}},"/ui/common/ui/btn_exit.ui":{"rootdata":{"2":"Exit"}},"character":{"female_studentA":"Female Student A","female_student":"female student","Doctor":"physician","female_teacher":"female teacher","Rin_male":"Rin (male)","Shiho":"walking in poems","Azusa":"catalpa medium","_____":"_____","Rin_female":"Rin(female)","female_studentB":"Female Student B","man":"guy","unknown":"?","Honoka":"Honoka"},"/ui/720p/extra/cgpage.ui":{"rootdata":{"0":{"0":"CG"}}},"scene":{"3":{"hidden":"03","name":"Secrets of this school"},"4":{"hidden":"04","name":"Supportive poetry walk"},"10":{"hidden":"10","name":"The most important thing is Honoka."},"8":{"hidden":"08","name":"It has to be Azusa."},"6":{"hidden":"06","name":"A good sense of distance"},"12":{"hidden":"12","name":"A superficial lover's relationship"},"15":{"hidden":"15","name":"No need to lie."},"18":{"hidden":"18","name":"It is in my nature to turn a blind eye."},"0":{"hidden":"00","name":"Transfer to the school"},"5":{"hidden":"05","name":"The Lie of the Poet's Walk"},"17":{"hidden":"17","name":"I may forget, but I never forget"},"9":{"hidden":"09","name":"I want to be swept away."},"2":{"hidden":"02","name":"A secret I can't tell you."},"7":{"hidden":"07","name":"Azusa who chases me."},"11":{"hidden":"11","name":"Honoka's Truth"},"14":{"hidden":"14","name":"We're both going to go crazy like this."},"1":{"hidden":"01","name":"Turbulent school life"},"13":{"hidden":"13","name":"I don't lie about my feelings."},"16":{"hidden":"16","name":"A proper relationship doesn't suit me."}},"/ui/common/extra/btn_thumbnail.ui":{"rootdata":{"0":{"1":"NoData"}}},"/ui/720p/extra/soundpage.ui":{"rootdata":{"0":{"0":"sound"}}},"/ui/common/title/btn_start.ui":{"rootdata":{"0":"Start"}},"/ui/720p/language/language.ui":{"rootdata":{"1":{"1":"Language"}}},"/ui/common/extra/achieve.ui":{"rootdata":{"0":{"1":"rate of achievement"}}},"/ui/720p/talk/log.ui":{"rootdata":{"0":{"1":"BackLog"}}},"/img/720p/bg/ED00_a.ui":{"rootdata":{"0":{"1":"noir software","2":"Until \"I\" became \"me\" with sexual inversion disorder.\"","3":"draft"}}},"/ui/common/title/btn_config.ui":{"rootdata":{"0":"Config"}},"/img/720p/bg/ED01_a.ui":{"rootdata":{"0":{"5":"Hoshina Reki: Nonomura Saya","3":"Honoka Kitami : Tadaka","4":"Azusa Sanjo : Suzuko Inemuri-Suyako","1":"cast","2":"Shiho Yawata : Ayumi Okuyama"}}},"/img/720p/bg/ED04_a.ui":{"rootdata":{"0":{"1":"Original Drawing Character Design","2":"Bingo Count"}}},"/ui/common/title/btn_language.ui":{"rootdata":{"0":"Language"}},"/ui/common/extra/btn_cg.ui":{"rootdata":{"2":"CG"}},"/img/720p/bg/ED05_a.ui":{"rootdata":{"0":{"1":"sound","2":"stray (e.g. dog, cat)"}}},"/img/720p/bg/ED08_a.ui":{"rootdata":{"0":{"1":"Fin."}}},"/ui/common/ui/btn_back.ui":{"rootdata":{"2":"Back"}},"bgm":{"bg_h1":{"label":"Time to be bound"},"bg_h2":{"label":"ever-changing nature"},"bg_sa":{"label":"feelings that cross each other"},"bg_un":{"label":"wavering mind"},"bg_op":{"label":"A New Learning Center"},"bg_d1":{"label":"cheerful"},"bg_sl":{"label":"Calm afternoon"}},"/ui/720p/extra/routepage.ui":{"rootdata":{"0":{"0":"scene"}}},"/ui/720p/extra/scenepage.ui":{"rootdata":{"0":{"0":"scene"}}},"/ui/common/storage/datum.ui":{"rootdata":{"3":{"1":"No Data"}}},"/ui/common/title/btn_extra.ui":{"rootdata":{"0":"Extra"}},"/ui/720p/storage/storage.ui":{"rootdata":{"1":{"1":"Save"}}},"/ui/common/title/btn_load.ui":{"rootdata":{"0":"Load"}},"/img/720p/bg/ED03_a.ui":{"rootdata":{"0":{"1":"scenario","2":"canned sharks","3":"ghost message"}}},"/ui/common/extra/btn_scene.ui":{"rootdata":{"2":"scene"}},"/img/720p/bg/ED02_a.ui":{"rootdata":{"0":{"3":"stealth","4":"Angelica keiskei (species of angelica, a herb of the parsley family)","1":"produce","2":"Daifuku walnut"}}},"dict":{"title.translate.cancaled":"The download was interrupted and the language setting is initialized.","talk.quickload.confirm.yes":"Reopen.","title.continue.confirm.yes":"Reopen.","config.10.0":"local","language.error.255":"The server is unavailable.","language.restart":"Return to the title screen.","config.6":"message window transparency","title.continue.confirm":"Do you want to resume from a saved scene?","title.continue.nodata":"There is no save data.","common.dialog.message.save.yes":"curbing (e.g. a file)","storage.date":"Date :","config.12.1":"window","config.1":"BGM","config.8.0":"not to be executed","config.9":"Continuation of auto mode after choice","extra.scene.confirm":"Would you like to start with this scene?","title.translate.confirm.yes":"Download","title.translate.confirm":"Download the update file needed to start the game in %s.","common.dialog.message.exit.yes":"Terminate","common.dialog.btn.no":"cancel","language.confirm.yes":"Change","config.10.1":"be just about to","storage.label.none":"No data","language.confirm":"Would you like to change the language used to %s?","config.5":"Auto mode speed","title.translate.failed":"Initialize language settings due to download failure.","common.dialog.message.save":"Do you want to save?","config.7.all":"all","common.dialog.message.load.yes":"load","config.3":"VOICE","common.dialog.message.title.yes":"Go to Title.","config.tab.system":"SYSTEM","extra.cg.dialog.page":"%d / %d","language.error.2":"Access to the server is not allowed.","storage.title.load":"Load","storage.title.save":"Save","config.7.read":"Read Only","config.9.1":"be just about to","config.9.0":"not to be executed","config.reset.confirm.yes":"Initialize","talk.quickload.confirm":"Do you want to resume from a saved scene?","config.tab.sound":"SOUND","storage.date.none":"----/--/----:--","config.4":"character display speed","config.reset.confirm":"Do you want to initialize your settings?","common.dialog.message.download":"Download.","title.translate.notallowed":"Initialize language settings due to missing required files.","common.dialog.message.load":"Do you want to load it?","common.dialog.btn.yes":"OK","config.7":"skip mode","config.12":"display mode","config.10":"Color change of read text","language.error.1":"Server maintenance is in progress.","common.dialog.message.exit":"Do you want to exit the game?","extra.scene.confirm.yes":"Start","common.dialog.message.title":"Would you like to return to the title screen?","config.12.0":"full screen (video release of widescreen movie)","config.2":"SE","config.8.1":"be just about to","config.8":"Continued skipping after choices","talk.quicksave.message":"Saved.\nYou can resume from the current scene.","common.dialog.btn.cancel":"interruption"},"/img/720p/bg/ED07_a.ui":{"rootdata":{"0":{"1":"Program","2":"Yamano, Daijin","3":"gorilla reserve army"}}},"/ui/common/ui/btn_title.ui":{"rootdata":{"2":"Title"}},"/ui/common/config/btn_system.ui":{"rootdata":{"2":"System"}},"/img/720p/bg/ED06_a.ui":{"rootdata":{"0":{"5":"evening assembly (company)","3":"person with a criminal record","4":"Kamil Shima","1":"graphic","2":"bitter orange juice, used in cooking as a vinegar"}}},"/ui/720p/config/config.ui":{"rootdata":{"1":{"1":"System"}}},"/ui/common/extra/btn_sound.ui":{"rootdata":{"2":"sound"}}}