{"/img/720p/bg/ED09_a.ui":{"rootdata":{"0":{"5":"Song: Yuika","3":"Lyrics: Kokutenko","4":"Composed by Mayoi","1":"ending","2":"Beyond."}}},"/ui/common/config/btn_sound.ui":{"rootdata":{"2":"sound"}},"/ui/common/config/btn_reset.ui":{"rootdata":{"2":"Reset"}},"/ui/common/title/btn_continue.ui":{"rootdata":{"0":"Continue"}},"/ui/common/ui/btn_exit.ui":{"rootdata":{"2":"Exit"}},"character":{"employee_A":"Employee A","alma":"Arma","emile":"Emil","employee_B":"Employee B","kurto's_father":"Kurth's Father","man_on_the_street_B":"Man on the street B","kurto's_mother":"Kurth's Mother","male_customer":"Male customer","female_customer":"Female customer","merchant":"Merchant","maid":"Maid","adventurer_A":"Adventurer A","josef":"Joseph","mother":"Mother","kurto":"Kurth","shop_owner":"Shopkeeper","father":"Father","_____":"_____","alma's_father":"Arma's father","merchant_A":"Merchant A","male_customer_B":"Male customer B","lady_of_alraune":"Women in Arlaune","male_customer_A":"Male customer A","regular_customer":"Regular customer","government_official":"Government official","bianca":"Bianca","merchant_B":"Merchant B","soldier":"Soldier","adventurer":"adventurer","blacksmith":"blacksmith","unknown":"?","company_executive":"chamber of commerce executives","yuika":"Yuika","edith":"Edit","man_on_the_street_A":"Man A on the street","catalina":"Katharina.","adventurer_B":"Adventurer B","yuika's_father":"Yuika's father"},"/ui/720p/extra/cgpage.ui":{"rootdata":{"0":{"0":"CG"}}},"scene":{"3":{"hidden":"common route","name":"World's best in inventions"},"4":{"hidden":"common route","name":"Spreading the word about our inventions"},"10":{"hidden":"Arma route","name":"Calm and core Arma mater."},"8":{"hidden":"common route","name":"New products using resin"},"6":{"hidden":"common route","name":"Excellent blacksmith"},"12":{"hidden":"Bianca route","name":"Bianca for being by my side."},"15":{"hidden":"Arma END","name":"Arma END"},"18":{"hidden":"Katharina END","name":"Katharina END"},"0":{"hidden":"common route","name":"I feel like I have a happy future."},"5":{"hidden":"common route","name":"Utilization of mischief magic"},"17":{"hidden":"Bianca END","name":"Bianca END"},"9":{"hidden":"common route","name":"With whom do you want to be happy?"},"2":{"hidden":"common route","name":"Culinary Knowledge"},"7":{"hidden":"common route","name":"New product development"},"11":{"hidden":"Yuika route","name":"Undisputed yuika"},"14":{"hidden":"edi-trout","name":"Edith, who anticipated"},"1":{"hidden":"common route","name":"Memories of a previous life"},"13":{"hidden":"catenary route","name":"Mysterious Katharina"},"16":{"hidden":"Yuika END","name":"Yuika END"},"19":{"hidden":"Edit END","name":"Edit END"}},"/ui/common/extra/btn_thumbnail.ui":{"rootdata":{"0":{"1":"NoData"}}},"/ui/720p/extra/soundpage.ui":{"rootdata":{"0":{"0":"sound"}}},"/ui/common/title/btn_start.ui":{"rootdata":{"0":"Start"}},"/ui/720p/language/language.ui":{"rootdata":{"1":{"1":"Language"}}},"/ui/common/extra/btn_scene.ui":{"rootdata":{"2":"scene"}},"/ui/720p/talk/log.ui":{"rootdata":{"0":{"1":"BackLog"}}},"/img/720p/bg/ED00_a.ui":{"rootdata":{"0":{"1":"Calcite","2":"'My cock is too sacred to be useful!","3":"draft"}}},"/ui/common/title/btn_config.ui":{"rootdata":{"0":"Config"}},"/img/720p/bg/ED01_a.ui":{"rootdata":{"0":{"5":"Bianca Barschmide : Akane Saiba","6":"Katharina Ebel : Airi Kuraha","3":"Yuika Hinamiya : Yomogi Kasumi","4":"Edit Alens : Akari Ayase","1":"cast","2":"Arma Herring : Miu Yuzuhara"}}},"/ui/common/config/btn_system.ui":{"rootdata":{"2":"System"}},"/img/720p/bg/ED05_a.ui":{"rootdata":{"0":{"1":"sound","2":"Mayoi"}}},"/ui/common/extra/btn_cg.ui":{"rootdata":{"2":"CG"}},"/ui/common/title/btn_language.ui":{"rootdata":{"0":"Language"}},"/img/720p/bg/ED04_a.ui":{"rootdata":{"0":{"1":"Original Drawing Character Design","2":"Nichika Nanase"}}},"/ui/common/ui/btn_back.ui":{"rootdata":{"2":"Back"}},"/img/720p/bg/ED08_a.ui":{"rootdata":{"0":{"1":"Fin."}}},"/ui/720p/extra/routepage.ui":{"rootdata":{"0":{"0":"scene"}}},"/ui/common/extra/achieve.ui":{"rootdata":{"0":{"1":"rate of achievement"}}},"/ui/common/storage/datum.ui":{"rootdata":{"3":{"1":"No Data"}}},"/ui/720p/extra/scenepage.ui":{"rootdata":{"0":{"0":"scene"}}},"/ui/common/extra/btn_sound.ui":{"rootdata":{"2":"sound"}},"/ui/common/title/btn_load.ui":{"rootdata":{"0":"Load"}},"/img/720p/bg/ED03_a.ui":{"rootdata":{"0":{"1":"scenario","2":"Ryutan Sei","3":"Mikokuten"}}},"/ui/common/title/btn_extra.ui":{"rootdata":{"0":"Extra"}},"dict":{"title.translate.cancaled":"The download was interrupted and the language settings are initialized.","talk.quickload.confirm.yes":"Reopen.","title.continue.confirm.yes":"Reopen.","config.10.0":"local","storage.title.save":"Save","language.restart":"Return to the title screen.","config.6":"message window transparency","title.continue.confirm":"Do you want to resume from a saved scene?","title.continue.nodata":"There is no save data.","config.7.read":"Read Only","common.dialog.message.load.yes":"load","config.12.1":"window","config.1":"BGM","config.8.0":"local","config.9":"Continuation of auto mode after choice","extra.scene.confirm":"Would you like to start with this scene?","title.translate.confirm.yes":"Download","title.translate.confirm":"Download the update file needed to start the game in %s.","common.dialog.message.exit.yes":"Terminate","common.dialog.btn.no":"Cancel","language.confirm.yes":"Change","config.10.1":"be just about to","storage.label.none":"No data","language.confirm":"Would you like to change the language used to %s?","config.5":"Auto mode speed","storage.date":"Date :","config.9.1":"be just about to","config.7.all":"all","common.dialog.message.save":"Do you want to save?","common.dialog.message.title.yes":"Go to Title.","storage.date.none":"----/--/----:--","config.tab.system":"SYSTEM","extra.cg.dialog.page":"%d / %d","language.error.2":"Access to the server is not allowed.","common.dialog.message.save.yes":"Save","storage.title.load":"Load","title.translate.failed":"Initialize language settings due to download failure.","language.error.255":"The server is unavailable.","config.9.0":"local","config.reset.confirm.yes":"Initialize","talk.quickload.confirm":"Do you want to resume from a saved scene?","config.tab.sound":"SOUND","talk.quicksave.message":"Saved.\nYou can resume from the current scene.","config.4":"character display speed","common.dialog.btn.cancel":"Interruption","common.dialog.message.download":"Download.","title.translate.notallowed":"Initialize language settings due to missing required files.","common.dialog.btn.yes":"OK","common.dialog.message.title":"Would you like to return to the title screen?","common.dialog.message.load":"Do you want to load it?","config.12":"display mode","config.reset.confirm":"Do you want to initialize your settings?","language.error.1":"Server maintenance is in progress.","config.7":"skip mode","extra.scene.confirm.yes":"Start","config.10":"Color change of read text","config.12.0":"full screen (video release of widescreen movie)","config.2":"SE","config.8.1":"be just about to","common.dialog.message.exit":"Do you want to exit the game?","config.3":"VOICE","config.8":"Continued skipping after choices"},"/img/720p/bg/ED02_a.ui":{"rootdata":{"0":{"3":"Torisen","4":"RinKu","1":"produce","2":"HONU"}}},"/img/720p/bg/ED07_a.ui":{"rootdata":{"0":{"1":"Program","2":"Otoha Namino","3":"gorilla reserve army"}}},"/ui/common/ui/btn_title.ui":{"rootdata":{"2":"Title"}},"/ui/720p/storage/storage.ui":{"rootdata":{"1":{"1":"Save"}}},"/img/720p/bg/ED06_a.ui":{"rootdata":{"0":{"5":"Yui","6":"Yui","3":"Tokitsuna Daidoji","4":"alpaca of Toyosaki","1":"graphic","2":"Saburo-kun"}}},"/ui/720p/config/config.ui":{"rootdata":{"1":{"1":"System"}}},"bgm":{"bgm_05":{"label":"solemn research"},"bgm_08":{"label":"HAPPY DANCE"},"bgm_10":{"label":"playing with toys"},"bgm_02":{"label":"The Iron Law of Trading"},"bgm_09":{"label":"bed"},"bgm_03":{"label":"exotic atmosphere"},"bgm_06":{"label":"icy stare"},"bgm_07":{"label":"shadow of the heart"},"bgm_01":{"label":"Top Merchant"},"bgm_04":{"label":"pedantic thinking"}}}