{"/ui/common/config/btn_sound.ui":{"rootdata":{"0":"Sound"}},"/ui/common/config/btn_reset.ui":{"rootdata":{"0":"Reset"}},"/ui/common/title/btn_continue.ui":{"rootdata":{"0":"Continue"}},"/ui/common/ui/btn_exit.ui":{"rootdata":{"0":"Exit"}},"character":{"therianthropy_woman":"The Beast Woman","therianthropy_A":"Beastman A","elf_soldier_B":"Soldier of the Elves B","soldier_A":"Soldier A.","therianthropy_youth":"Young beastman","therianthropy_girl_A":"Beastman Girl A","soldier_B":"Soldier B.","meile":"Meir","elven_chief":"Chief of the Elves","schartye":"Chartier","suspicious_man":"Suspicious man","harpy":"harpy","harpy_C":"Harpy Tribe C","human_woman":"Human Female","therianthropy_C":"Beastmen C","news_caster":"Caster","office_worker":"office worker","_____":"_____","clolowlude":"Kullulu urd","therianthropy_girl_B":"Beastman Girl B","elf_soldier":"Soldier of the Elves","devil":"demon","therianthropy_man":"Beast man","mysterious_woman":"Mystery Woman","elf_woman":"Elf Woman","devil_woman":"A woman of the demon tribe","elf_man":"The Elf Man","kousuke":"Kosuke","harpy_A":"Harpy Tribe A","elf_soldier_A":"Soldier of the Elves A","unknown":"\uff1f\uff1f\uff1f","therianthropy_B":"Beastmen B","fia":"Fia","harpy_woman":"Harpy woman","miluera":"Mirula.","harpy_B":"Harpy Tribe B","meile_mother":"Mother of Meir"},"/ui/720p/extra/cgpage.ui":{"rootdata":{"0":{"0":"CG"}}},"scene":{"3":{"hidden":"03","name":"Demon Lord. Meir"},"1":{"hidden":"01","name":"A Journey Around the World"},"2":{"hidden":"02","name":"Peace Meir"},"0":{"hidden":"00","name":"prologue"}},"/ui/common/extra/btn_thumbnail.ui":{"rootdata":{"0":{"0":"NoData"}}},"/ui/720p/extra/soundpage.ui":{"rootdata":{"0":{"0":"Sound"}}},"/img/720p/bg/ED04_a.ui":{"rootdata":{"0":{"1":"comprehensive production","2":"HONU"}}},"/ui/720p/language/language.ui":{"rootdata":{"1":{"1":"Language"}}},"/ui/common/extra/achieve.ui":{"rootdata":{"1":"Achievement"}},"/ui/720p/talk/log.ui":{"rootdata":{"1":{"1":"BackLog"}}},"/img/720p/bg/ED00_a.ui":{"rootdata":{"0":{"1":"Original idea by calcite \"Isekai Musume Hashienchu"}}},"/ui/common/title/btn_config.ui":{"rootdata":{"0":"Config"}},"/img/720p/bg/ED01_a.ui":{"rootdata":{"0":{"5":"Kullulu-Urd Abbdn Daente: Aono Musubi","6":"Miloura Koprokul: Starry Sky Dreams","3":"Meir Ellulu Coaltz: Yuka","4":"Chartier Winghur: Himari","1":"Cast","2":"Fia Augusta : Miharu Shioji"}}},"/ui/common/extra/btn_sound.ui":{"rootdata":{"2":"Sound"}},"/ui/common/title/btn_language.ui":{"rootdata":{"0":"Language"}},"/ui/common/extra/btn_cg.ui":{"rootdata":{"2":"CG"}},"/img/720p/bg/ED05_a.ui":{"rootdata":{"0":{"1":"Production Cooperation","2":"Cyber Step, Inc."}}},"/img/720p/bg/ED08_a.ui":{"rootdata":{"0":{"1":"Fin"}}},"/ui/common/ui/btn_back.ui":{"rootdata":{"0":"Back"}},"/ui/720p/extra/scenepage.ui":{"rootdata":{"0":{"0":"Scene"}}},"/ui/720p/extra/routepage.ui":{"rootdata":{"0":{"0":"Scene"}}},"/ui/720p/storage/storage.ui":{"rootdata":{"1":{"1":"Save"}}},"/ui/common/storage/datum.ui":{"rootdata":{"3":{"1":"No Data"}}},"/ui/common/title/btn_extra.ui":{"rootdata":{"0":"Extra"}},"/ui/common/title/btn_start.ui":{"rootdata":{"0":"Start"}},"/ui/common/title/btn_load.ui":{"rootdata":{"0":"Load"}},"/img/720p/bg/ED03_a.ui":{"rootdata":{"0":{"5":"\u4e09\u98a8\u5442\u30fc\u304f\u3093","3":"\u672a\u523b\u70b9","4":"\u4e03\u702c\u306b\u3061\u304b","9":"\u8ff7","2":"\u7adc\u80c6\u751f","7":"\u8c4a\u5d0e\u306e\u30a2\u30eb\u30d1\u30ab","11":"\u84bc\u3044\u9ce5","6":"\u5927\u9053\u5bfa\u6642\u7db1","1":"Remake Staff","10":"\u30b4\u30ea\u30e9\u4e88\u5099\u8ecd","8":"\u6ce2\u4e43\u97f3\u7fbd"}}},"/img/720p/bg/ED02_a.ui":{"rootdata":{"0":{"1":"Produce","2":"trisen","3":"dandelion"}}},"/ui/common/extra/btn_scene.ui":{"rootdata":{"2":"Scene"}},"dict":{"title.translate.cancaled":"The download has been interrupted and the language settings will be initialized.","talk.quickload.confirm.yes":"Resume","title.continue.confirm.yes":"Resume","config.10.0":"No","language.error.255":"The server is unavailable.","language.restart":"Return to the title screen.","config.6":"Message Window Transparency","title.continue.confirm":"Do you want to restart from a saved scene?","title.continue.nodata":"There is no saved data.","config.2":"SE","common.dialog.message.save":"Do you want to save the game?","config.12.1":"Window","config.1":"Background Music","config.8.0":"No","common.dialog.message.load":"Do you want to load the game?","extra.scene.confirm":"Do you want to start with this scene?","title.translate.confirm.yes":"Download","title.translate.confirm":"Download the update files needed to start the game at %s.","common.dialog.message.exit.yes":"Exit","common.dialog.btn.no":"Cancel","language.confirm.yes":"Change","config.10.1":"Yes","storage.label.none":"No Data","language.confirm":"Do you want to change the language you use to %s?","config.10":"Change the color of previously read text","common.dialog.message.title.yes":"To the Title Screen","storage.title.save":"Save","config.7.all":"All","config.9":"Auto-mode continuation after choice","storage.date":"Date:","common.dialog.message.save.yes":"Save","config.tab.system":"SYSTEM","extra.cg.dialog.page":"%d / %d","language.error.2":"You are not allowed to access the server.","common.dialog.message.load.yes":"Load","title.translate.failed":"Initialize the language settings because the download failed.","config.7.read":"Read Only","config.7":"Skip Mode","config.9.0":"No","config.reset.confirm.yes":"Initialize","talk.quickload.confirm":"Do you want to restart from a saved scene?","config.tab.sound":"SOUND","storage.date.none":"----/--/-- --:--","config.4":"Character Display Speed","common.dialog.btn.cancel":"interruption","common.dialog.message.download":"Downloading","title.translate.notallowed":"Initialize the language settings because the required files are missing.","storage.title.load":"Load","common.dialog.message.exit":"Do you want to quit the game?","common.dialog.btn.yes":"OK.","config.12":"Display Mode","config.5":"Auto-mode Speed","language.error.1":"The server is under maintenance.","config.3":"VOICE","extra.scene.confirm.yes":"Initiate","common.dialog.message.title":"Do you want to return to the Title Screen?","config.12.0":"Full Screen","config.9.1":"Yes","config.8.1":"Yes","talk.quicksave.message":"You have saved the game.\nYou can resume from the current scene.","config.reset.confirm":"Do you want to initialize the settings?","config.8":"Skip continuation after choice"},"/img/720p/bg/ED07_a.ui":{"rootdata":{"0":{"1":"Fin"}}},"/ui/common/ui/btn_title.ui":{"rootdata":{"0":"Title"}},"/ui/common/config/btn_system.ui":{"rootdata":{"0":"System"}},"/img/720p/bg/ED06_a.ui":{"rootdata":{"0":{"1":"\u88fd\u4f5c","2":"Ride On Works, Inc."}}},"/ui/720p/config/config.ui":{"rootdata":{"1":{"1":"System"}}},"bgm":{"bg_h2":{"label":"I'm crazy about you."},"bg_si":{"label":"Overlapping Kokoro"},"bg_d1":{"label":"To a land not yet seen"},"bg_de":{"label":"Shaking Earth"},"bg_ma":{"label":"overflowing soul"},"bg_d3":{"label":"Stay"},"bg_h1":{"label":"Take my hand."},"bg_d2":{"label":"exultant"},"bg_mi":{"label":"New World"},"bg_tc":{"label":"flowing sweat"}}}