{"/ui/common/config/btn_sound.ui":{"rootdata":{"2":"sound"}},"/ui/common/config/btn_reset.ui":{"rootdata":{"2":"Reset"}},"/ui/common/title/btn_continue.ui":{"rootdata":{"0":"Continue"}},"/ui/common/ui/btn_exit.ui":{"rootdata":{"2":"Exit"}},"character":{"short_hair_office_worker":"OL with short hair","romeo":"Romeo","glasses_office_worker":"OL in glasses","man_2":"Male 2","john_doe0606":"NoName 0606","oac":"Orc","john_doe1026":"NoName 1026","pig":"Pig","john_doe0513":"NoName 0513","john_doe0913":"NoName 0913","john_doe0122":"NoName 0122","man_3":"Male 3","john_doe1111":"NoName 1111","middle_aged_man":"Middle-aged man","SB":"\uff33\uff22","john_doe1027":"NoName 1027","kugutsu":"Puppet","eMU":"eMu","john_doe0808":"NoName 0808","john_doe0908":"NoName 0908","yaminabebugyo":"Hotpot Governor","john_doe0303":"NoName 0303","store_manager":"Store Manager","john_doe0110":"NoName 0110","unknown":"\uff1f\uff1f\uff1f","deku":"puppet","mercenary":"Mercenary","john_doe0723":"NoName 0723","john_doe0817":"NoName 0817","john_doe1213":"NoName 1213","female_student":"Female Student","kanata":"Kanata","keisuke":"Keisuke","mari":"Mari","john_doe0407":"NoName 0407","hitomi":"Hitomi","siren":"Siren","staff":"Clerk","john_doe0102":"NoName 0102","rain":"Rain","woman":"Woman","male_student":"Male Student","man":"Guy","skinny_woman":"Skinny Woman","john_doe0814":"NoName 0814","john_doe0706":"NoName 0706","john_doe0617":"NoName 0617","john_doe0429":"NoName 0429","kumachan":"Kuma-chan","pirate":"Pirate","john_doe0708":"NoName 0708","aaa":"Uh-oh","misaki":"Misaki","john_doe0126":"NoName 0126","john_doe0815":"NoName 0815","john_doe1010":"NoName 1010","taimeshi":"Sea bream Rice","john_doe1113":"NoName 1113","john_doe0323":"NoName 0323","_____":"_____","john_doe1102":"NoName 1102","john_doe0417":"NoName 0417","john_doe0719":"NoName 0719","john_doe1201":"NoName 1201","john_doe0516":"NoName 0516","fat_woman":"Fat Woman","Lian":"Lian","john_doe0810":"NoName 0810","man_1":"Male 1","john_doe1019":"NoName 1019","john_doe1215":"NoName 1215","john_doe0920":"NoName 0920","john_doe1223":"NoName 1223","man_4":"Male 4","john_doe0826":"NoName 0826","inudoshi":"Inudoshi","cluster_amaryllis":"cluster amaryllis","KEI":"Kei","john_doe0624":"NoName 0624","john_doe1101":"NoName 1101","sober_staff":"Humble Clerk"},"/ui/720p/extra/cgpage.ui":{"rootdata":{"0":{"0":"CG"}}},"scene":{"5":{"hidden":"05","name":"The Heart of Revenge"},"3":{"hidden":"03","name":"Don't take chances."},"4":{"hidden":"04","name":"Pale love turned to hatred."},"9":{"hidden":"09","name":"I decided I would spend the rest of my life making amends to this angel."},"2":{"hidden":"02","name":"To observe and listen carefully."},"7":{"hidden":"07","name":"An unquenchable desire for revenge"},"8":{"hidden":"08","name":"Seize the light with the darkness"},"6":{"hidden":"06","name":"The true identity of SB-sama"},"12":{"hidden":"12","name":"An exciting system"},"10":{"hidden":"10","name":"Bullied for life."},"1":{"hidden":"01","name":"Out to get the word out."},"13":{"hidden":"13","name":"Regret and everything else burns away."},"11":{"hidden":"11","name":"The Happiest Slave in the World"},"0":{"hidden":"00","name":"Welcome to Wakteka Video!"}},"/ui/common/extra/btn_thumbnail.ui":{"rootdata":{"0":{"1":"NoData"}}},"/ui/720p/extra/soundpage.ui":{"rootdata":{"0":{"0":"Sound"}}},"/img/720p/bg/ED04_a.ui":{"rootdata":{"0":{"1":"Character Design","2":"NiONiO"}}},"/ui/720p/language/language.ui":{"rootdata":{"1":{"1":"Language"}}},"/ui/common/extra/btn_scene.ui":{"rootdata":{"2":"Scene"}},"/ui/720p/talk/log.ui":{"rootdata":{"0":{"1":"BackLog"}}},"/img/720p/bg/ED00_a.ui":{"rootdata":{"0":{"1":"Original Story: Noirsoft \"Mare Iki Live Broadcast\""}}},"/ui/common/title/btn_config.ui":{"rootdata":{"0":"Config"}},"/img/720p/bg/ED01_a.ui":{"rootdata":{"0":{"3":"Mari Hayashida: Ai Yoshinaka","4":"Hitomi Uemura: Aika Kashiwagi","1":"Cast","2":"Misaki Tokura\uff1aAyumu Okuyama"}}},"/ui/720p/extra/scenepage.ui":{"rootdata":{"0":{"0":"Scene"}}},"/img/720p/bg/ED05_a.ui":{"rootdata":{"0":{"1":"Sound","2":"Mei"}}},"/ui/common/extra/btn_cg.ui":{"rootdata":{"2":"CG"}},"/ui/common/title/btn_language.ui":{"rootdata":{"0":"Language"}},"/img/720p/bg/ED08_a.ui":{"rootdata":{"0":{"1":"Fin."}}},"/ui/common/ui/btn_back.ui":{"rootdata":{"2":"Back"}},"/ui/common/extra/btn_sound.ui":{"rootdata":{"2":"Sound"}},"/ui/720p/extra/routepage.ui":{"rootdata":{"0":{"0":"Scene"}}},"/ui/common/extra/achieve.ui":{"rootdata":{"0":{"1":"Achievement"}}},"/ui/common/storage/datum.ui":{"rootdata":{"3":{"1":"No Data"}}},"bgm":{"bg_an":{"label":"indignation"},"bg_h2":{"label":"lump of desire"},"bg_d1":{"label":"Sinking Daily Life"},"bg_da":{"label":"cliff"},"bg_ya":{"label":"YasashisaHitoshizuku"},"bg_h1":{"label":"nakedness"},"bg_op":{"label":"live transmission"}},"/ui/720p/storage/storage.ui":{"rootdata":{"1":{"1":"Save"}}},"/ui/common/title/btn_extra.ui":{"rootdata":{"0":"Extra"}},"/img/720p/bg/ED03_a.ui":{"rootdata":{"0":{"1":"Scenario","2":"Tomoe Nanjo","3":"Yurei Telop"}}},"/ui/common/title/btn_start.ui":{"rootdata":{"0":"Start"}},"dict":{"title.translate.cancaled":"The download was interrupted and the language setting is initialized.","talk.quickload.confirm.yes":"Reopen.","title.continue.confirm.yes":"Reopen.","config.10.0":"No","storage.title.save":"Save","language.restart":"Return to the title screen.","config.6":"Message Window Transparency","title.continue.confirm":"Do you want to resume from a saved scene?","config.8":"Continued skipping after choices","config.7.read":"Read Only","common.dialog.message.load.yes":"Load","config.12.1":"Window","config.1":"BGM","config.8.0":"No","config.9":"Continuation of auto mode after choice","extra.scene.confirm":"Would you like to start with this scene?","title.translate.confirm.yes":"Download","title.translate.confirm":"Download the update file needed to start the game in %s.","common.dialog.message.exit.yes":"Exit","common.dialog.btn.no":"Cancel","language.confirm.yes":"Change","config.10.1":"Yes","storage.label.none":"No data","language.confirm":"Would you like to change the language used to %s?","config.5":"Auto mode speed","language.error.255":"The server is unavailable.","common.dialog.message.save":"Do you want to save?","config.7.all":"all","config.7":"skip mode","storage.date":"Date :","common.dialog.message.title.yes":"Go to Title.","config.tab.system":"SYSTEM","extra.cg.dialog.page":"%d / %d","language.error.2":"Access to the server is not allowed.","config.9.1":"Yes","common.dialog.message.title":"Would you like to return to the title screen?","title.translate.failed":"Initialize language settings due to download failure.","common.dialog.btn.yes":"OK","config.9.0":"No","config.reset.confirm.yes":"Initialize","talk.quickload.confirm":"Do you want to resume from a saved scene?","common.dialog.message.load":"Do you want to load it?","talk.quicksave.message":"Saved.\nYou can resume from the current scene.","config.4":"Character Display Speed","common.dialog.btn.cancel":"Interruption","common.dialog.message.download":"Download.","title.translate.notallowed":"Initialize language settings due to missing required files.","config.3":"VOICE","common.dialog.message.save.yes":"Save","config.reset.confirm":"Do you want to initialize your settings?","config.12":"Display Mode","storage.title.load":"Load","language.error.1":"Server maintenance is in progress.","storage.date.none":"----/--/----:--","extra.scene.confirm.yes":"Start","config.10":"Color change of read text","config.12.0":"Full Screen","config.2":"SE","config.8.1":"Yes","common.dialog.message.exit":"Do you want to exit the game?","config.tab.sound":"SOUND","title.continue.nodata":"There is no save data."},"/img/720p/bg/ED02_a.ui":{"rootdata":{"0":{"3":"Pengin","4":"meteor","1":"Produce","2":"samurai"}}},"/img/720p/bg/ED07_a.ui":{"rootdata":{"0":{"1":"Program","2":"Yamano Oyashiro","3":"GorillaYobigun"}}},"/ui/common/ui/btn_title.ui":{"rootdata":{"2":"Title"}},"/ui/common/config/btn_system.ui":{"rootdata":{"2":"System"}},"/img/720p/bg/ED06_a.ui":{"rootdata":{"0":{"5":"Yui","3":"Kawanosaki Taro","4":"Kirishima Kamil","1":"Graphic","2":"DaidaiGon"}}},"/ui/720p/config/config.ui":{"rootdata":{"1":{"1":"System"}}},"/ui/common/title/btn_load.ui":{"rootdata":{"0":"Load"}}}