{"/ui/common/config/btn_sound.ui":{"rootdata":{"0":"Sound"}},"/ui/common/config/btn_reset.ui":{"rootdata":{"0":"Reset"}},"/ui/common/title/btn_continue.ui":{"rootdata":{"0":"Continue"}},"/ui/common/ui/btn_exit.ui":{"rootdata":{"0":"Exit"}},"character":{"therianthropy_woman":"Beast Woman","therianthropy_A":"Beast Man A","miluera":"Mirula","soldier_A":"Soldier A","therianthropy_youth":"Young Beast Man","therianthropy_girl_A":"Beast Girl A","soldier_B":"Soldier B","meile":"Meir","elven_chief":"Leader of the Elves","schartye":"Chartier","meile_mother":"Meir's Mother","elf_soldier":"Soldier of the Elves","harpy_C":"Harpy Tribe C","human_woman":"Female Human","therianthropy_C":"Beast Man C","fia":"Fia","office_worker":"Office Worker","_____":"_____","elf_woman":"Female Elf","therianthropy_girl_B":"Beast Girl B","harpy":"Harpy","clolowlude":"Kullulu-Urd","therianthropy_man":"Beast Man","suspicious_man":"Suspicious Man","therianthropy_B":"Beast Man B","devil_woman":"A woman of the demon tribe","elf_man":"Male Elf","kousuke":"Kosuke","harpy_A":"Harpy Tribe A","devil":"Demon","unknown":"???","elf_soldier_A":"Soldier of the Elves A","mysterious_woman":"Mystery Woman","harpy_woman":"Female Harpy","elf_soldier_B":"Soldier of the Elves B","harpy_B":"Harpy Tribe B","news_caster":"Newscaster"},"bgm":{"bg_mi":{"label":"New World"},"bg_si":{"label":"Overlapping Hearts"},"bg_d1":{"label":"A Land Yet Unseen"},"bg_de":{"label":"Shaking Earth"},"bg_ma":{"label":"Overflowing Soul"},"bg_d3":{"label":"Stay"},"bg_tc":{"label":"Pouring Sweat"},"bg_d2":{"label":"Triumphant"},"bg_h1":{"label":"Take My Hand"},"bg_h2":{"label":"Crazy About You"}},"scene":{"5":{"hidden":"05","name":"Demon King x Fia"},"3":{"hidden":"03","name":"Peace x Meir"},"4":{"hidden":"04","name":"Peace x Chartier"},"2":{"hidden":"02","name":"Peace x Fia"},"7":{"hidden":"07","name":"Demon King x Chartier"},"8":{"hidden":"08","name":"Demon King x Kullulu-Urd"},"6":{"hidden":"06","name":"Demon King x Meir"},"1":{"hidden":"01","name":"A Journey Around the World"},"0":{"hidden":"00","name":"Prologue"}},"/ui/common/extra/btn_thumbnail.ui":{"rootdata":{"0":{"0":"NoData"}}},"/ui/720p/extra/soundpage.ui":{"rootdata":{"0":{"0":"Sound"}}},"/ui/common/title/btn_start.ui":{"rootdata":{"0":"Start"}},"/ui/720p/language/language.ui":{"rootdata":{"1":"Language"}},"/ui/common/extra/achieve.ui":{"rootdata":{"1":"Achievement Rate"}},"/ui/720p/talk/log.ui":{"rootdata":{"1":{"1":"BackLog"}}},"/img/720p/bg/ED00_a.ui":{"rootdata":{"0":{"1":"Original Story by Calcite \"Isekai Musume Hatsujouchu\""}}},"/ui/common/title/btn_config.ui":{"rootdata":{"0":"Config"}},"/img/720p/bg/ED01_a.ui":{"rootdata":{"0":{"5":"Kullulu-Urd Abbdn Daente: Aono Musubi","6":"Mirula Coprocle: Hoshizora Yume","3":"Meir Ellulu Quartz: Yuka","4":"Chartier Winghur: Himari","1":"Cast","2":"Fia August : Miharu Shioji"}}},"/ui/common/title/btn_extra.ui":{"rootdata":{"0":"Extra"}},"/img/720p/bg/ED04_a.ui":{"rootdata":{"0":{"1":"Comprehensive Production","2":"HONU"}}},"/ui/common/extra/btn_cg.ui":{"rootdata":{"2":"CG"}},"/ui/common/title/btn_language.ui":{"rootdata":{"0":"Language"}},"/img/720p/bg/ED08_a.ui":{"rootdata":{"0":{"1":"Fin"}}},"/ui/common/ui/btn_back.ui":{"rootdata":{"0":"Back"}},"/ui/common/extra/btn_sound.ui":{"rootdata":{"2":"Sound"}},"/ui/720p/extra/routepage.ui":{"rootdata":{"0":{"0":"Scene"}}},"/img/720p/bg/ED05_a.ui":{"rootdata":{"0":{"1":"Production Cooperation","2":"Cyber Step Inc."}}},"/ui/common/storage/datum.ui":{"rootdata":{"5":{"2":"No Data"}}},"/ui/720p/extra/scenepage.ui":{"rootdata":{"0":{"0":"Scene"}}},"/ui/720p/extra/cgpage.ui":{"rootdata":{"0":{"0":"CG"}}},"/ui/common/title/btn_load.ui":{"rootdata":{"0":"Load"}},"/img/720p/bg/ED03_a.ui":{"rootdata":{"0":{"5":"Sanfurokun","3":"Mikokuten","4":"Nanase Nichika","9":"Mayoi","2":"Rindoushou","7":"Toyosaki no Alpaca","11":"Aoitori","6":"Daidoji Tokitsuna","1":"Remake Staff","10":"Gorilla Yobigun","8":"Namino Otowa"}}},"/ui/720p/storage/storage.ui":{"rootdata":{"1":{"1":"Save"}}},"dict":{"title.translate.cancaled":"The download has been interrupted and the language settings will be initialized.","talk.quickload.confirm.yes":"Resume","title.continue.confirm.yes":"Resume","config.10.0":"No","storage.title.save":"Save","language.restart":"Return to the title screen.","config.6":"Message Window Transparency","title.continue.confirm":"Do you want to restart from a saved scene?","title.continue.nodata":"There is no save data.","storage.date":"Date :","common.dialog.message.save":"Do you want to save the game?","config.12.1":"Window","config.1":"BGM","config.8.0":"Yes","config.12":"Display Mode","extra.scene.confirm":"Do you want to start with this scene?","title.translate.confirm.yes":"Download","common.dialog.message.title":"Do you want to return to the title screen?","common.dialog.message.exit.yes":"Exit Game","common.dialog.btn.no":"Cancel","language.confirm.yes":"Yes","config.10.1":"Yes","storage.label.none":"No data","language.confirm":"Do you want to change the language used to %s?","config.10":"Change the color of previously read text","config.9":"Auto-mode continuation after choice","common.dialog.message.save.yes":"Save","config.7.all":"All","common.dialog.message.load.yes":"Load","title.translate.failed":"Initializing the language settings because the download failed.","config.9.1":"No","config.tab.system":"SYSTEM","extra.cg.dialog.page":"%d / %d","language.error.2":"Access to the server is not allowed.","config.5":"Auto-mode Speed","common.dialog.message.title.yes":"Yes","config.7.read":"Read Only","storage.title.load":"Load","config.9.0":"Yes","config.reset.confirm.yes":"Yes","talk.quickload.confirm":"Do you want to restart from a saved scene?","config.tab.sound":"SOUND","storage.date.none":"----/--/-- --:--","config.4":"Character Display Speed","common.dialog.btn.cancel":"Quit","common.dialog.message.download":"Downloading...","title.translate.notallowed":"Initializing the language settings because the required files are missing.","common.dialog.message.load":"Do you want to load the game?","language.error.255":"The server is unavailable.","common.dialog.btn.yes":"Ok","config.7":"Skip Mode","config.reset.confirm":"Do you want to initialize the settings?","language.error.1":"The server is under maintenance.","config.3":"VOICE","extra.scene.confirm.yes":"Yes","common.dialog.message.exit":"Do you want to exit the game?","config.12.0":"Full Screen","config.2":"SE","config.8.1":"No","title.translate.confirm":"Download the update file needed to start the game at %s.","talk.quicksave.message":"You have saved the game.\nYou can resume from the current scene.","config.8":"Skip continuation after choice"},"/img/720p/bg/ED02_a.ui":{"rootdata":{"0":{"1":"Produce","2":"Torisen","3":"Tanpopo"}}},"/img/720p/bg/ED07_a.ui":{"rootdata":{"0":{"1":"Fin"}}},"/ui/common/ui/btn_title.ui":{"rootdata":{"0":"Title"}},"/ui/common/config/btn_system.ui":{"rootdata":{"0":"System"}},"/img/720p/bg/ED06_a.ui":{"rootdata":{"0":{"1":"Production","2":"Rideon Works Co., Ltd."}}},"/ui/720p/config/config.ui":{"rootdata":{"1":{"1":"System"}}},"/ui/common/extra/btn_scene.ui":{"rootdata":{"2":"Scene"}}}