{"keys":["gamedata","gsetting"],"values":["{\"mny\":550,\"smny\":0,\"mmny\":0,\"tuto\":1,\"ccl\":[{\"idx\":0,\"nm\":\"ANGLE\",\"lf\":43,\"pw\":48,\"spd\":29,\"fid\":141,\"sid\":371,\"scol\":{\"x\":1.0,\"y\":0.8000000715255737,\"z\":0.6039215922355652},\"sdcol\":{\"x\":1.0,\"y\":0.6039215922355652,\"z\":0.38823533058166506},\"st\":2,\"hept\":{\"pid\":1,\"pcol\":{\"x\":0.0,\"y\":0.0,\"z\":0.0}},\"hapt\":{\"pid\":372,\"pcol\":{\"x\":-1.0,\"y\":-1.0,\"z\":-1.0}},\"ubpt\":{\"pid\":78,\"pcol\":{\"x\":0.0,\"y\":0.20000001788139344,\"z\":1.0}},\"ampt\":{\"pid\":181,\"pcol\":{\"x\":0.0,\"y\":0.20000001788139344,\"z\":1.0}},\"udbpt\":{\"pid\":104,\"pcol\":{\"x\":0.0,\"y\":0.20000001788139344,\"z\":1.0}},\"eopl\":[{\"pid\":373,\"pcol\":{\"x\":-1.0,\"y\":-1.0,\"z\":-1.0}},{\"pid\":373,\"pcol\":{\"x\":-1.0,\"y\":-1.0,\"z\":-1.0}},{\"pid\":374,\"pcol\":{\"x\":-1.0,\"y\":-1.0,\"z\":-1.0}},{\"pid\":375,\"pcol\":{\"x\":-1.0,\"y\":-1.0,\"z\":-1.0}},{\"pid\":376,\"pcol\":{\"x\":-1.0,\"y\":-1.0,\"z\":-1.0}}],\"eml\":[{\"smid\":1,\"ep\":1},{\"smid\":4,\"ep\":2},{\"smid\":5,\"ep\":3},{\"smid\":6,\"ep\":4},{\"smid\":20,\"ep\":5},{\"smid\":10,\"ep\":6},{\"smid\":25,\"ep\":7},{\"smid\":10,\"ep\":8},{\"smid\":10,\"ep\":9},{\"smid\":10,\"ep\":10},{\"smid\":15,\"ep\":11},{\"smid\":16,\"ep\":12},{\"smid\":26,\"ep\":13},{\"smid\":45,\"ep\":14},{\"smid\":47,\"ep\":15}]},{\"idx\":1,\"nm\":\"NAKAMURA\",\"lf\":44,\"pw\":40,\"spd\":36,\"fid\":147,\"sid\":371,\"scol\":{\"x\":1.0,\"y\":0.8000000715255737,\"z\":0.6039215922355652},\"sdcol\":{\"x\":1.0,\"y\":0.6039215922355652,\"z\":0.38823533058166506},\"st\":2,\"hept\":{\"pid\":1,\"pcol\":{\"x\":0.0,\"y\":0.0,\"z\":0.0}},\"hapt\":{\"pid\":41,\"pcol\":{\"x\":0.0,\"y\":0.0,\"z\":0.0}},\"ubpt\":{\"pid\":57,\"pcol\":{\"x\":0.7647058963775635,\"y\":0.003921568859368563,\"z\":0.0}},\"ampt\":{\"pid\":160,\"pcol\":{\"x\":0.7647058963775635,\"y\":0.003921568859368563,\"z\":0.0}},\"udbpt\":{\"pid\":92,\"pcol\":{\"x\":0.062745101749897,\"y\":0.06666667014360428,\"z\":0.062745101749897}},\"eopl\":[{\"pid\":373,\"pcol\":{\"x\":-1.0,\"y\":-1.0,\"z\":-1.0}},{\"pid\":108,\"pcol\":{\"x\":0.13333334028720857,\"y\":0.13333334028720857,\"z\":0.13333334028720857}},{\"pid\":374,\"pcol\":{\"x\":-1.0,\"y\":-1.0,\"z\":-1.0}},{\"pid\":375,\"pcol\":{\"x\":-1.0,\"y\":-1.0,\"z\":-1.0}},{\"pid\":376,\"pcol\":{\"x\":-1.0,\"y\":-1.0,\"z\":-1.0}}],\"eml\":[{\"smid\":2,\"ep\":1},{\"smid\":4,\"ep\":2},{\"smid\":5,\"ep\":3},{\"smid\":6,\"ep\":4},{\"smid\":18,\"ep\":5},{\"smid\":9,\"ep\":6},{\"smid\":21,\"ep\":7},{\"smid\":10,\"ep\":8},{\"smid\":10,\"ep\":9},{\"smid\":10,\"ep\":10},{\"smid\":38,\"ep\":11},{\"smid\":14,\"ep\":12},{\"smid\":32,\"ep\":13},{\"smid\":43,\"ep\":14},{\"smid\":47,\"ep\":15}]}],\"smcl\":[{\"tid\":1,\"cs\":3,\"mcd\":[{\"no\":1,\"cs\":3},{\"no\":2,\"cs\":3},{\"no\":3,\"cs\":3},{\"no\":4,\"cs\":3}]},{\"tid\":2,\"cs\":3,\"mcd\":[{\"no\":1,\"cs\":3},{\"no\":2,\"cs\":3},{\"no\":3,\"cs\":3},{\"no\":4,\"cs\":3}]},{\"tid\":3,\"cs\":3,\"mcd\":[{\"no\":1,\"cs\":3},{\"no\":2,\"cs\":3},{\"no\":3,\"cs\":3},{\"no\":4,\"cs\":3}]},{\"tid\":4,\"cs\":3,\"mcd\":[{\"no\":1,\"cs\":3},{\"no\":2,\"cs\":3},{\"no\":3,\"cs\":3},{\"no\":4,\"cs\":3}]},{\"tid\":5,\"cs\":3,\"mcd\":[{\"no\":1,\"cs\":3},{\"no\":2,\"cs\":3},{\"no\":3,\"cs\":3},{\"no\":4,\"cs\":3}]},{\"tid\":6,\"cs\":3,\"mcd\":[{\"no\":1,\"cs\":3},{\"no\":2,\"cs\":3},{\"no\":3,\"cs\":3},{\"no\":4,\"cs\":3}]},{\"tid\":7,\"cs\":3,\"mcd\":[{\"no\":1,\"cs\":3},{\"no\":2,\"cs\":3},{\"no\":3,\"cs\":3},{\"no\":4,\"cs\":3}]}],\"opwidl\":[1,2,3,4,5,6,7,8,9,10],\"oposl\":[{\"pid\":46,\"os\":4},{\"pid\":47,\"os\":4},{\"pid\":44,\"os\":4},{\"pid\":373,\"os\":3},{\"pid\":374,\"os\":3},{\"pid\":375,\"os\":3},{\"pid\":376,\"os\":3},{\"pid\":40,\"os\":4},{\"pid\":50,\"os\":4},{\"pid\":23,\"os\":4},{\"pid\":113,\"os\":4},{\"pid\":124,\"os\":4},{\"pid\":24,\"os\":4},{\"pid\":118,\"os\":4},{\"pid\":129,\"os\":4},{\"pid\":29,\"os\":4},{\"pid\":109,\"os\":4},{\"pid\":133,\"os\":4},{\"pid\":369,\"os\":1},{\"pid\":36,\"os\":4},{\"pid\":116,\"os\":4},{\"pid\":128,\"os\":4},{\"pid\":26,\"os\":4},{\"pid\":121,\"os\":4},{\"pid\":126,\"os\":4},{\"pid\":49,\"os\":4},{\"pid\":30,\"os\":4},{\"pid\":108,\"os\":4},{\"pid\":33,\"os\":4},{\"pid\":123,\"os\":4},{\"pid\":132,\"os\":4},{\"pid\":32,\"os\":4},{\"pid\":25,\"os\":4},{\"pid\":117,\"os\":4},{\"pid\":51,\"os\":4},{\"pid\":115,\"os\":4},{\"pid\":127,\"os\":4},{\"pid\":34,\"os\":4},{\"pid\":111,\"os\":4},{\"pid\":43,\"os\":4},{\"pid\":106,\"os\":4},{\"pid\":42,\"os\":4},{\"pid\":53,\"os\":4},{\"pid\":31,\"os\":4},{\"pid\":107,\"os\":4},{\"pid\":125,\"os\":4},{\"pid\":41,\"os\":4},{\"pid\":105,\"os\":4},{\"pid\":52,\"os\":4},{\"pid\":39,\"os\":4},{\"pid\":119,\"os\":4},{\"pid\":134,\"os\":4},{\"pid\":370,\"os\":1},{\"pid\":48,\"os\":4},{\"pid\":35,\"os\":4},{\"pid\":112,\"os\":4},{\"pid\":27,\"os\":4},{\"pid\":114,\"os\":4},{\"pid\":28,\"os\":4},{\"pid\":110,\"os\":4},{\"pid\":131,\"os\":4},{\"pid\":368,\"os\":1},{\"pid\":37,\"os\":4},{\"pid\":122,\"os\":4},{\"pid\":130,\"os\":4},{\"pid\":54,\"os\":4},{\"pid\":45,\"os\":4},{\"pid\":120,\"os\":4},{\"pid\":38,\"os\":4},{\"pid\":135,\"os\":4}],\"posl\":[{\"pid\":6,\"os\":1},{\"pid\":55,\"os\":3},{\"pid\":80,\"os\":4},{\"pid\":141,\"os\":4},{\"pid\":158,\"os\":3},{\"pid\":182,\"os\":3},{\"pid\":206,\"os\":3},{\"pid\":230,\"os\":3},{\"pid\":265,\"os\":3},{\"pid\":291,\"os\":3},{\"pid\":317,\"os\":3},{\"pid\":343,\"os\":3},{\"pid\":371,\"os\":3},{\"pid\":12,\"os\":1},{\"pid\":57,\"os\":4},{\"pid\":82,\"os\":4},{\"pid\":147,\"os\":4},{\"pid\":160,\"os\":3},{\"pid\":184,\"os\":3},{\"pid\":208,\"os\":3},{\"pid\":232,\"os\":3},{\"pid\":267,\"os\":3},{\"pid\":293,\"os\":3},{\"pid\":319,\"os\":3},{\"pid\":345,\"os\":3},{\"pid\":1,\"os\":3},{\"pid\":58,\"os\":4},{\"pid\":84,\"os\":4},{\"pid\":136,\"os\":4},{\"pid\":161,\"os\":3},{\"pid\":185,\"os\":3},{\"pid\":209,\"os\":3},{\"pid\":233,\"os\":3},{\"pid\":269,\"os\":3},{\"pid\":295,\"os\":3},{\"pid\":321,\"os\":3},{\"pid\":347,\"os\":3},{\"pid\":2,\"os\":1},{\"pid\":65,\"os\":4},{\"pid\":91,\"os\":4},{\"pid\":137,\"os\":4},{\"pid\":168,\"os\":1},{\"pid\":192,\"os\":1},{\"pid\":216,\"os\":1},{\"pid\":240,\"os\":1},{\"pid\":276,\"os\":1},{\"pid\":302,\"os\":1},{\"pid\":328,\"os\":1},{\"pid\":354,\"os\":1},{\"pid\":9,\"os\":1},{\"pid\":56,\"os\":4},{\"pid\":81,\"os\":4},{\"pid\":144,\"os\":4},{\"pid\":159,\"os\":1},{\"pid\":183,\"os\":1},{\"pid\":207,\"os\":1},{\"pid\":231,\"os\":1},{\"pid\":266,\"os\":1},{\"pid\":292,\"os\":1},{\"pid\":318,\"os\":1},{\"pid\":344,\"os\":1},{\"pid\":7,\"os\":1},{\"pid\":64,\"os\":4},{\"pid\":90,\"os\":4},{\"pid\":142,\"os\":4},{\"pid\":167,\"os\":1},{\"pid\":191,\"os\":1},{\"pid\":215,\"os\":1},{\"pid\":239,\"os\":1},{\"pid\":275,\"os\":1},{\"pid\":301,\"os\":1},{\"pid\":327,\"os\":1},{\"pid\":353,\"os\":1},{\"pid\":15,\"os\":1},{\"pid\":73,\"os\":4},{\"pid\":99,\"os\":4},{\"pid\":150,\"os\":4},{\"pid\":176,\"os\":1},{\"pid\":200,\"os\":1},{\"pid\":224,\"os\":1},{\"pid\":248,\"os\":1},{\"pid\":284,\"os\":1},{\"pid\":310,\"os\":1},{\"pid\":336,\"os\":1},{\"pid\":362,\"os\":1},{\"pid\":3,\"os\":1},{\"pid\":60,\"os\":4},{\"pid\":86,\"os\":4},{\"pid\":138,\"os\":4},{\"pid\":163,\"os\":1},{\"pid\":187,\"os\":1},{\"pid\":211,\"os\":1},{\"pid\":235,\"os\":1},{\"pid\":271,\"os\":1},{\"pid\":297,\"os\":1},{\"pid\":323,\"os\":1},{\"pid\":349,\"os\":1},{\"pid\":10,\"os\":1},{\"pid\":68,\"os\":4},{\"pid\":94,\"os\":4},{\"pid\":145,\"os\":4},{\"pid\":171,\"os\":1},{\"pid\":195,\"os\":1},{\"pid\":219,\"os\":1},{\"pid\":243,\"os\":1},{\"pid\":279,\"os\":1},{\"pid\":305,\"os\":1},{\"pid\":331,\"os\":1},{\"pid\":357,\"os\":1},{\"pid\":78,\"os\":4},{\"pid\":104,\"os\":4},{\"pid\":181,\"os\":1},{\"pid\":205,\"os\":1},{\"pid\":229,\"os\":1},{\"pid\":253,\"os\":1},{\"pid\":289,\"os\":1},{\"pid\":315,\"os\":1},{\"pid\":341,\"os\":1},{\"pid\":367,\"os\":1},{\"pid\":5,\"os\":1},{\"pid\":140,\"os\":4},{\"pid\":264,\"os\":1},{\"pid\":290,\"os\":1},{\"pid\":316,\"os\":1},{\"pid\":342,\"os\":1},{\"pid\":17,\"os\":1},{\"pid\":67,\"os\":4},{\"pid\":93,\"os\":4},{\"pid\":152,\"os\":4},{\"pid\":170,\"os\":1},{\"pid\":194,\"os\":1},{\"pid\":218,\"os\":1},{\"pid\":242,\"os\":1},{\"pid\":278,\"os\":1},{\"pid\":304,\"os\":1},{\"pid\":330,\"os\":1},{\"pid\":356,\"os\":1},{\"pid\":4,\"os\":1},{\"pid\":62,\"os\":4},{\"pid\":88,\"os\":4},{\"pid\":139,\"os\":4},{\"pid\":165,\"os\":1},{\"pid\":189,\"os\":1},{\"pid\":213,\"os\":1},{\"pid\":237,\"os\":1},{\"pid\":273,\"os\":1},{\"pid\":299,\"os\":1},{\"pid\":325,\"os\":1},{\"pid\":351,\"os\":1},{\"pid\":77,\"os\":4},{\"pid\":103,\"os\":4},{\"pid\":180,\"os\":1},{\"pid\":204,\"os\":1},{\"pid\":228,\"os\":1},{\"pid\":252,\"os\":1},{\"pid\":288,\"os\":1},{\"pid\":314,\"os\":1},{\"pid\":340,\"os\":1},{\"pid\":366,\"os\":1},{\"pid\":11,\"os\":1},{\"pid\":76,\"os\":4},{\"pid\":102,\"os\":4},{\"pid\":146,\"os\":4},{\"pid\":179,\"os\":1},{\"pid\":203,\"os\":1},{\"pid\":227,\"os\":1},{\"pid\":251,\"os\":1},{\"pid\":287,\"os\":1},{\"pid\":313,\"os\":1},{\"pid\":339,\"os\":1},{\"pid\":365,\"os\":1},{\"pid\":69,\"os\":4},{\"pid\":95,\"os\":4},{\"pid\":172,\"os\":1},{\"pid\":196,\"os\":1},{\"pid\":220,\"os\":1},{\"pid\":244,\"os\":1},{\"pid\":280,\"os\":1},{\"pid\":306,\"os\":1},{\"pid\":332,\"os\":1},{\"pid\":358,\"os\":1},{\"pid\":66,\"os\":4},{\"pid\":92,\"os\":4},{\"pid\":169,\"os\":1},{\"pid\":193,\"os\":1},{\"pid\":217,\"os\":1},{\"pid\":241,\"os\":1},{\"pid\":277,\"os\":1},{\"pid\":303,\"os\":1},{\"pid\":329,\"os\":1},{\"pid\":355,\"os\":1},{\"pid\":20,\"os\":1},{\"pid\":72,\"os\":4},{\"pid\":98,\"os\":4},{\"pid\":155,\"os\":4},{\"pid\":175,\"os\":1},{\"pid\":199,\"os\":1},{\"pid\":223,\"os\":1},{\"pid\":247,\"os\":1},{\"pid\":283,\"os\":1},{\"pid\":309,\"os\":1},{\"pid\":335,\"os\":1},{\"pid\":361,\"os\":1},{\"pid\":22,\"os\":1},{\"pid\":59,\"os\":4},{\"pid\":85,\"os\":4},{\"pid\":157,\"os\":4},{\"pid\":162,\"os\":1},{\"pid\":186,\"os\":1},{\"pid\":210,\"os\":1},{\"pid\":234,\"os\":1},{\"pid\":270,\"os\":1},{\"pid\":296,\"os\":1},{\"pid\":322,\"os\":1},{\"pid\":348,\"os\":1},{\"pid\":13,\"os\":1},{\"pid\":148,\"os\":4},{\"pid\":16,\"os\":1},{\"pid\":61,\"os\":4},{\"pid\":87,\"os\":4},{\"pid\":151,\"os\":4},{\"pid\":164,\"os\":1},{\"pid\":188,\"os\":1},{\"pid\":212,\"os\":1},{\"pid\":236,\"os\":1},{\"pid\":272,\"os\":1},{\"pid\":298,\"os\":1},{\"pid\":324,\"os\":1},{\"pid\":350,\"os\":1},{\"pid\":18,\"os\":1},{\"pid\":153,\"os\":4},{\"pid\":63,\"os\":4},{\"pid\":89,\"os\":4},{\"pid\":166,\"os\":1},{\"pid\":190,\"os\":1},{\"pid\":214,\"os\":1},{\"pid\":238,\"os\":1},{\"pid\":274,\"os\":1},{\"pid\":300,\"os\":1},{\"pid\":326,\"os\":1},{\"pid\":352,\"os\":1},{\"pid\":8,\"os\":1},{\"pid\":70,\"os\":4},{\"pid\":96,\"os\":4},{\"pid\":143,\"os\":4},{\"pid\":173,\"os\":1},{\"pid\":197,\"os\":1},{\"pid\":221,\"os\":1},{\"pid\":245,\"os\":1},{\"pid\":281,\"os\":1},{\"pid\":307,\"os\":1},{\"pid\":333,\"os\":1},{\"pid\":359,\"os\":1},{\"pid\":21,\"os\":1},{\"pid\":156,\"os\":4},{\"pid\":19,\"os\":1},{\"pid\":74,\"os\":4},{\"pid\":100,\"os\":4},{\"pid\":154,\"os\":4},{\"pid\":177,\"os\":1},{\"pid\":201,\"os\":1},{\"pid\":225,\"os\":1},{\"pid\":249,\"os\":1},{\"pid\":285,\"os\":1},{\"pid\":311,\"os\":1},{\"pid\":337,\"os\":1},{\"pid\":363,\"os\":1},{\"pid\":71,\"os\":4},{\"pid\":97,\"os\":4},{\"pid\":174,\"os\":1},{\"pid\":198,\"os\":1},{\"pid\":222,\"os\":1},{\"pid\":246,\"os\":1},{\"pid\":282,\"os\":1},{\"pid\":308,\"os\":1},{\"pid\":334,\"os\":1},{\"pid\":360,\"os\":1},{\"pid\":83,\"os\":4},{\"pid\":268,\"os\":1},{\"pid\":294,\"os\":1},{\"pid\":320,\"os\":1},{\"pid\":346,\"os\":1},{\"pid\":14,\"os\":1},{\"pid\":75,\"os\":4},{\"pid\":101,\"os\":4},{\"pid\":149,\"os\":4},{\"pid\":178,\"os\":1},{\"pid\":202,\"os\":1},{\"pid\":226,\"os\":1},{\"pid\":250,\"os\":1},{\"pid\":286,\"os\":1},{\"pid\":312,\"os\":1},{\"pid\":338,\"os\":1},{\"pid\":364,\"os\":1}],\"mosl\":[{\"id\":1,\"os\":4},{\"id\":4,\"os\":4},{\"id\":38,\"os\":4},{\"id\":14,\"os\":4},{\"id\":22,\"os\":4},{\"id\":10,\"os\":4},{\"id\":21,\"os\":4},{\"id\":36,\"os\":4},{\"id\":43,\"os\":4},{\"id\":5,\"os\":4},{\"id\":6,\"os\":4},{\"id\":15,\"os\":4},{\"id\":13,\"os\":4},{\"id\":23,\"os\":4},{\"id\":24,\"os\":4},{\"id\":26,\"os\":4},{\"id\":30,\"os\":4},{\"id\":2,\"os\":4},{\"id\":3,\"os\":4},{\"id\":12,\"os\":4},{\"id\":16,\"os\":4},{\"id\":20,\"os\":4},{\"id\":9,\"os\":4},{\"id\":25,\"os\":4},{\"id\":37,\"os\":4},{\"id\":28,\"os\":4},{\"id\":8,\"os\":4},{\"id\":7,\"os\":4},{\"id\":17,\"os\":4},{\"id\":18,\"os\":4},{\"id\":27,\"os\":4},{\"id\":41,\"os\":4},{\"id\":11,\"os\":4},{\"id\":19,\"os\":4},{\"id\":34,\"os\":4},{\"id\":39,\"os\":4},{\"id\":31,\"os\":4},{\"id\":40,\"os\":4},{\"id\":29,\"os\":4},{\"id\":45,\"os\":4},{\"id\":32,\"os\":4},{\"id\":46,\"os\":4},{\"id\":35,\"os\":4},{\"id\":44,\"os\":4},{\"id\":33,\"os\":4},{\"id\":42,\"os\":4}],\"obr\":{\"rt\":1000,\"ti\":1,\"kdn\":0,\"fsn\":0,\"bnl\":[{\"cnt\":0,\"gm\":0},{\"cnt\":0,\"gm\":1},{\"cnt\":0,\"gm\":2},{\"cnt\":0,\"gm\":3}],\"cnlgm\":[{\"cnt\":0,\"gm\":0},{\"cnt\":0,\"gm\":1},{\"cnt\":0,\"gm\":2},{\"cnt\":0,\"gm\":3}],\"cnlbs\":[],\"cnlbw\":[],\"ginl\":[]}}","{\"bgmvol\":6,\"sevol\":6,\"lang\":1,\"vibe\":0}"]}