{"/ui/common/config/btn_sound.ui":{"rootdata":{"2":"Sound"}},"/ui/common/config/btn_reset.ui":{"rootdata":{"2":"Reset"}},"/ui/common/title/btn_continue.ui":{"rootdata":{"0":"Continue"}},"/ui/common/ui/btn_exit.ui":{"rootdata":{"2":"Exit"}},"character":{"yukirin":"Yukirin","security_guard_A":"Security Guard A","man_A":"Man A","police_officer(call)":"Police (call)","on_site_reporter":"On-the-spot reporter","imai_and_the_others":"Imai and others","security_guard_B":"Security Guard B","police_officer":"Police","rogera":"Rogera","policeman_A":"Police A","man_walking":"Man on the road","staff":"clerk","mitsuhara(call)":"Mitsuhara (call)","sakata(call)":"Sakata (call)","masato":"Masato","researcher_A":"Researcher A","operator":"Laborer","airport_staff":"airport employee","researcher_B":"Researcher B","one_wing":"One wing","haduki":"Hazuki","child":"child","postal_worker":"Post-office clerk","asai":"Asai","policeman_B":"Police B","security_guard":"Security Guard","man_F":"Man F","misaki":"Misaki","mitsuhara":"Mitsuhara","man_E":"Man E","sanae":"Sanae","boy":"Boy","imai":"Imai","man_C":"Man C","_____":"_____","intercom":"intercom","one_wing?":"One wing?","broadcast":"broadcast","vehicle_driver":"Driver","man":"Man","detective":"detective","woman_walking":"Woman on the road","old_man":"Old person","shidehara":"Shidehara","one_wing_and_masato":"One wing and Masato","caster":"caster","sakata":"Sakata","news_commentator":"Television commentator","man_B":"Man B","unknown":"?","woman":"Woman","researcher":"Researcher","man_D":"Man D","clerk_robot":"robot sales clerk","shooter":"Shooter","employee":"company employee"},"/ui/720p/extra/cgpage.ui":{"rootdata":{"0":{"0":"CG"}}},"scene":{"5":{"hidden":"Sanae route","name":"Spring Breeze"},"3":{"hidden":"Sanae route","name":"Go to Sanae!"},"4":{"hidden":"Sanae route","name":"Retirement"},"9":{"hidden":"Hazuki route","name":"I Hate Myself"},"2":{"hidden":"Sanae route","name":"Happy Life"},"7":{"hidden":"Hazuki route","name":"Work from a Professor"},"8":{"hidden":"Hazuki route","name":"Tracking"},"6":{"hidden":"Hazuki route","name":"Next to Hazuki"},"1":{"hidden":"Sanae route","name":"I'll Sit Next to Sanae"},"10":{"hidden":"Sanae route END","name":"Sanae route END"},"11":{"hidden":"Hazuki Route END","name":"Hazuki Route END"},"0":{"hidden":"common route","name":"Strange Company"}},"/ui/common/extra/btn_thumbnail.ui":{"rootdata":{"0":{"1":"No Data"}}},"/ui/720p/extra/soundpage.ui":{"rootdata":{"0":{"0":"Sound"}}},"/ui/common/title/btn_start.ui":{"rootdata":{"0":"Start"}},"/ui/720p/language/language.ui":{"rootdata":{"1":{"1":"Language"}}},"/ui/common/extra/btn_scene.ui":{"rootdata":{"2":"Scene"}},"/ui/720p/talk/log.ui":{"rootdata":{"0":{"1":"BackLog"}}},"/img/720p/bg/ED00_a.ui":{"rootdata":{"0":{"1":"arter","2":"\"The lewd and lascivious ward.\"","3":"draft"}}},"/ui/common/title/btn_config.ui":{"rootdata":{"0":"Config"}},"/img/720p/bg/ED01_a.ui":{"rootdata":{"0":{"3":"\u3000\u3000\u3000\u3000\u3000Kono Hazuki : Ichihashi Niko","4":"\u3000\u3000\u3000\u3000\u3000Misaki Tono : Kasumi Yomogi","1":"cast","2":"\u3000\u3000\u3000\u3000\u3000Sanae Kono : Rito Tsukinaga"}}},"/img/720p/bg/ED05_a.ui":{"rootdata":{"0":{"1":"Sound","2":"stray"}}},"/ui/720p/storage/storage.ui":{"rootdata":{"1":{"1":"Save"}}},"/ui/common/extra/btn_cg.ui":{"rootdata":{"2":"CG"}},"/ui/common/title/btn_language.ui":{"rootdata":{"0":"Language"}},"/ui/common/extra/achieve.ui":{"rootdata":{"0":{"1":"Achievement"}}},"/ui/common/ui/btn_back.ui":{"rootdata":{"2":"Back"}},"/ui/720p/extra/scenepage.ui":{"rootdata":{"0":{"0":"Scene"}}},"/ui/720p/extra/routepage.ui":{"rootdata":{"0":{"0":"Scene"}}},"/img/720p/bg/ED08_a.ui":{"rootdata":{"0":{"1":"Fin"}}},"/ui/common/extra/btn_sound.ui":{"rootdata":{"2":"Sound"}},"bgm":{"bg_h1":{"label":"A peace that will never return."},"bg_d1":{"label":"Chaotic Darkness"},"bg_hp":{"label":"Strange limbs"},"bg_op":{"label":"Behind the Scenes"},"bg_d2":{"label":"The Captive Girl"},"bg_t1":{"label":"Light-colored Scene"},"bg_t2":{"label":"Approaching blade"}},"/ui/common/storage/datum.ui":{"rootdata":{"3":{"1":"No Data"}}},"/ui/common/title/btn_load.ui":{"rootdata":{"0":"Load"}},"/img/720p/bg/ED03_a.ui":{"rootdata":{"0":{"1":"scenario","2":"canned sharks","3":"Shin Ooruri"}}},"/img/720p/bg/ED04_a.ui":{"rootdata":{"0":{"1":"Original Drawing Character Design","2":"Bingo Count","3":"canned sharks"}}},"/img/720p/bg/ED02_a.ui":{"rootdata":{"0":{"3":"Daifuku walnut","4":"Asuha","1":"produce","2":"stealth"}}},"dict":{"title.continue.confirm.yes":"Reopen","config.10.0":"No","common.error.message.save.nospace":"Save failed due to insufficient free space.","title.continue.confirm":"Do you want to resume from a saved Scene?","config.8":"Continued skipping after choices","storage.date":"Date: (date)","config.1":"BGM","title.translate.confirm.yes":"Download","common.dialog.message.title":"Would you like to return to the title screen?","common.dialog.btn.no":"cancel","language.confirm.yes":"Change","config.10.1":"Yes","language.confirm":"Would you like to change the language used to %s?","config.10":"Color change of read text","config.7.all":"all","extra.cg.dialog.page":"%d / %d","common.dialog.message.save.yes":"Save","config.9.0":"No","common.dialog.message.exit":"Do you want to exit the game?","storage.date.none":"----/--/----:--","config.reset.confirm":"Do you want to initialize your settings?","title.translate.notallowed":"Initialize language settings due to missing required files.","config.7":"skip mode","common.error.message.load":"Failed to load","common.dialog.message.title.yes":"Go to Title","config.9.1":"Yes","config.8.1":"Yes","title.translate.cancaled":"The download was interrupted and the language settings are initialized.","talk.quickload.confirm.yes":"Reopen","storage.title.save":"Save","language.restart":"Return to the title screen.","config.6":"message window transparency","title.continue.nodata":"There is no save data.","config.12.1":"window","storage.title.load":"Load","config.8.0":"No","extra.scene.confirm":"Would you like to start with this Scene?","title.translate.confirm":"Download the update file needed to start the game in %s.","common.dialog.message.exit.yes":"Terminate","storage.label.none":"No data","config.5":"Auto mode speed","config.tab.system":"SYSTEM","language.error.2":"Access to the server is not allowed.","config.7.read":"Read Only","config.3":"VOICE","config.reset.confirm.yes":"Initialize","talk.quickload.confirm":"Do you want to resume from a saved Scene?","config.tab.sound":"Sound","talk.quicksave.message":"Saved.\nYou can resume from the current Scene.","config.4":"character display speed","common.dialog.btn.cancel":"interruption","common.dialog.message.download":"Download.","language.error.255":"The server is unavailable.","common.error.message.save.broken":"Data is initialized due to corruption of saved data.","config.12":"display mode","common.dialog.message.load":"Do you want to load it?","config.9":"Continuation of auto mode after choice","config.12.0":"full screen","extra.scene.confirm.yes":"Start","language.error.1":"Server maintenance is in progress.","title.translate.failed":"Initialize language settings due to download failure.","config.2":"SE","common.error.message.save":"Save failed","common.dialog.message.load.yes":"Load","common.dialog.btn.yes":"OK","common.dialog.message.save":"Do you want to save?"},"/img/720p/bg/ED07_a.ui":{"rootdata":{"0":{"1":"Program","2":"Yamano Ookami","3":"Gorilla reserve army"}}},"/ui/common/ui/btn_title.ui":{"rootdata":{"2":"Title"}},"/ui/common/config/btn_system.ui":{"rootdata":{"2":"System"}},"/img/720p/bg/ED06_a.ui":{"rootdata":{"0":{"5":"Yui","3":"Kawano saki taro","4":"Kamil Kirishima","1":"graphic","2":"Daidai gon"}}},"/ui/720p/config/config.ui":{"rootdata":{"1":{"1":"System"}}},"/ui/common/title/btn_extra.ui":{"rootdata":{"0":"Extra"}}}