<?xml version="1.0" encoding="utf-8"?>
<BackupSaveData>
  <SaveDataType>Bcat</SaveDataType>
  <SaveDataUserIdH>0000000000000000</SaveDataUserIdH>
  <SaveDataUserIdL>0000000000000000</SaveDataUserIdL>
  <ApplicationId>0100770008dd8000</ApplicationId>
  <SaveDataSize>0000000001258000</SaveDataSize>
  <OwnerId>010000000000000c</OwnerId>
  <Flags>00000000</Flags>
  <AvailableSize>0000000001000000</AvailableSize>
  <JournalSize>0000000000200000</JournalSize>
  <SaveDataSpaceId>00000001</SaveDataSpaceId>
  <CacheIndex>00000000</CacheIndex>
</BackupSaveData>
