{"/ui/common/config/btn_sound.ui":{"rootdata":{"2":"sound"}},"/ui/common/config/btn_reset.ui":{"rootdata":{"2":"Reset"}},"/ui/common/title/btn_continue.ui":{"rootdata":{"0":"Continue"}},"/ui/common/ui/btn_exit.ui":{"rootdata":{"2":"Exit"}},"character":{"gargoyle":"gargoyle","treant":"tree people","renzi_to_clara":"Kulara (Renji)","therianthropy_A":"Beast A","kobold":"goblin","warrior":"warrior","wizard":"wizard","lizardman":"lizardman","soldier_A":"Soldier A","goblins_B":"Goblin B","ghost":"ghost","demon_A":"Ogre A","devils_daughter":"Daughter of the Demon King?","renzi_to_dorothy":"Dorothy (Renji)","soldier_B":"Soldier B","demon_B":"Oni B","king":"king","adventurer_A":"Adventurer A","clara":"kulla (polluting thoughts such as greed, hatred and delusion, which result in suffering)","devil":"devil king","clara_mother":"Mother of Klara","asha":"Asha.","kobold_A":"Kobold A","orc_A":"Oak A","monk":"monk","dragonewt_B":"Ryujin B","therianthropy_C":"Beast C","Chancellor":"prime minister (as the head of a cabinet government)","kobold_B":"Kobold B","clara_father":"Klara's father","orc_B":"Oak B","orc":"oak","renzi_to_satsuki":"Satsuki (Renji)","citizen_A":"Citizen A","goblins":"goblin","janice":"Janice.","adventurer_B":"Adventurer B","renzi":"lotus root stalk","demon_girl":"daughter of a demon","harry":"Harry.","renzi_to_janice":"Janice (Renji)","man":"guy","rudolf":"Rudolph.","renzi_to_asha":"Asha (Renji)","dragonewt_A":"Ryujin A.","therianthropy_B":"Beastman B","satsuki":"satsuki azalea (Rhododendron indicum)","soldier":"soldier","salesperson":"clerk","swordfighter":"swordsman","dullahan":"Dullahan.","unknown":"?","citizen_B":"Citizen B","goblins_A":"Goblin A","_____":"_____","Shopkeeper":"shopkeeper","dorothy":"Dorothy.","demon":"ogre"},"bgm":{"04":{"label":"book"},"09":{"label":"outpouring of breath"},"03":{"label":"busy voice"},"08":{"label":"kind heart"},"02":{"label":"labyrinth"},"07":{"label":"Silence forest"},"01":{"label":"foghorn"},"06":{"label":"Hoof Song"},"05":{"label":"Certain things."},"10":{"label":"transformation caress"}},"scene":{"5":{"hidden":"05","name":"Even when transformed, the brave are afraid."},"3":{"hidden":"03","name":"This is how you use transformation."},"4":{"hidden":"04","name":"How to make a change without getting caught"},"9":{"hidden":"09","name":"What will you use yourself to change?"},"2":{"hidden":"02","name":"Effective use of transformation"},"7":{"hidden":"07","name":"peculiar temperament"},"11":{"hidden":"11","name":"The width of the transformation is the width of the mischief"},"14":{"hidden":"END","name":"END \"Janice\"."},"6":{"hidden":"06","name":"(Mendel's) law of transformation"},"12":{"hidden":"12","name":"Bodies that change and those that remain the same"},"10":{"hidden":"10","name":"Transformation was still the strongest."},"1":{"hidden":"01","name":"Clues to Transformation"},"13":{"hidden":"13","name":"Your body changes for you."},"8":{"hidden":"08","name":"You can't stop transforming even if you're pissed off."},"0":{"hidden":"00","name":"Transformation.\""}},"/ui/common/extra/btn_thumbnail.ui":{"rootdata":{"0":{"1":"NoData"}}},"/ui/720p/extra/soundpage.ui":{"rootdata":{"0":{"0":"sound"}}},"/img/720p/bg/ED04_a.ui":{"rootdata":{"0":{"1":"Original Drawing Character Design","2":"thick wakame leaves, from near the stalk"}}},"/ui/720p/language/language.ui":{"rootdata":{"1":{"1":"Language"}}},"/ui/common/extra/btn_scene.ui":{"rootdata":{"2":"Chapter"}},"/ui/720p/talk/log.ui":{"rootdata":{"0":{"1":"BackLog"}}},"/img/720p/bg/ED00_a.ui":{"rootdata":{"0":{"1":"Original draft calcite \"A Different World, A Transformative Life\""}}},"/ui/common/title/btn_config.ui":{"rootdata":{"0":"Config"}},"/img/720p/bg/ED01_a.ui":{"rootdata":{"0":{"5":"Asha Carothers: Yuka","6":"Satsuki Shikano: Nene Tsukimori","3":"Dorothy Townsend: Higashi Shizu","4":"Janice Niven: Hoshi Yume","1":"cast","2":"Clara Easton: Natsuno Ume"}}},"/ui/common/title/btn_load.ui":{"rootdata":{"0":"Load"}},"/img/720p/bg/ED05_a.ui":{"rootdata":{"0":{"1":"sound","2":"stray (e.g. dog, cat)"}}},"/ui/common/extra/btn_cg.ui":{"rootdata":{"2":"CG"}},"/ui/common/title/btn_language.ui":{"rootdata":{"0":"Language"}},"/ui/common/extra/btn_sound.ui":{"rootdata":{"2":"sound"}},"/ui/common/ui/btn_back.ui":{"rootdata":{"2":"Back"}},"/ui/720p/extra/cgpage.ui":{"rootdata":{"0":{"0":"CG"}}},"/ui/720p/extra/routepage.ui":{"rootdata":{"0":{"0":"scene"}}},"/ui/720p/extra/scenepage.ui":{"rootdata":{"0":{"0":"scene"}}},"/ui/common/storage/datum.ui":{"rootdata":{"3":{"1":"No Data"}}},"/ui/common/config/btn_system.ui":{"rootdata":{"2":"System"}},"/ui/common/extra/achieve.ui":{"rootdata":{"1":"rate of achievement"}},"/ui/common/title/btn_extra.ui":{"rootdata":{"0":"Extra"}},"/img/720p/bg/ED03_a.ui":{"rootdata":{"0":{"1":"scenario","2":"Gentiana scabra var. buergeri","3":"ungraded"}}},"dict":{"title.translate.cancaled":"The download was interrupted and the language settings are initialized.","talk.quickload.confirm.yes":"Reopen.","title.continue.confirm.yes":"Reopen.","config.10.0":"local","storage.title.save":"Save","language.restart":"Return to the title screen.","config.6":"message window transparency","title.continue.confirm":"Do you want to resume from a saved scene?","config.8":"Continued skipping after choices","config.5":"Auto mode speed","common.dialog.message.load.yes":"load","config.12.1":"window","storage.title.load":"Load","config.8.0":"local","title.continue.nodata":"There is no save data.","extra.scene.confirm":"Would you like to start with this scene?","title.translate.confirm.yes":"Download","title.translate.confirm":"Download the update file needed to start the game in %s.","common.dialog.message.exit.yes":"Terminate","common.dialog.btn.no":"cancel","language.confirm.yes":"Change","config.10.1":"be just about to","storage.label.none":"No data","language.confirm":"Would you like to change the language used to %s?","config.10":"Color change of read text","config.7.read":"Read Only","common.dialog.message.save.yes":"curbing (e.g. a file)","config.7.all":"all","storage.date":"Date :","config.9.1":"be just about to","common.dialog.message.save":"Do you want to save?","config.tab.system":"SYSTEM","extra.cg.dialog.page":"%d / %d","language.error.2":"Access to the server is not allowed.","config.1":"BGM","language.error.1":"Server maintenance is in progress.","title.translate.failed":"Initialize language settings due to download failure.","config.12":"display mode","config.9.0":"local","config.reset.confirm.yes":"Initialize","talk.quickload.confirm":"Do you want to resume from a saved scene?","config.tab.sound":"SOUND","talk.quicksave.message":"Saved.\nYou can resume from the current scene.","config.4":"character display speed","common.dialog.btn.cancel":"interruption","common.dialog.message.download":"Download.","title.translate.notallowed":"Initialize language settings due to missing required files.","language.error.255":"The server is unavailable.","common.dialog.btn.yes":"OK","common.dialog.message.title.yes":"Go to Title.","config.7":"skip mode","config.reset.confirm":"Do you want to initialize your settings?","config.9":"Continuation of auto mode after choice","storage.date.none":"----/--/----:--","extra.scene.confirm.yes":"Start","common.dialog.message.title":"Would you like to return to the title screen?","config.12.0":"full screen (video release of widescreen movie)","config.2":"SE","config.8.1":"be just about to","common.dialog.message.exit":"Do you want to exit the game?","common.dialog.message.load":"Do you want to load it?","config.3":"VOICE"},"/ui/common/ui/btn_title.ui":{"rootdata":{"2":"Title"}},"/img/720p/bg/ED02_a.ui":{"rootdata":{"0":{"3":"Tricentor (Tricentorhinus trigonus)","4":"dandelion (esp. species Taraxacum platycarpum)","1":"produce","2":"HONU"}}},"/img/720p/bg/ED07_a.ui":{"rootdata":{"0":{"1":"Program","2":"Japanese bird cherry (Prunus grayana)","3":"gorilla reserve army"}}},"/img/720p/bg/ED08_a.ui":{"rootdata":{"0":{"1":"Fin."}}},"/ui/720p/storage/storage.ui":{"rootdata":{"1":{"1":"Save"}}},"/img/720p/bg/ED06_a.ui":{"rootdata":{"0":{"5":"Fire God Flame","3":"Daidoji Tokitsuna","4":"Toyosaki alpaca","1":"graphic","2":"kun converted from a different language (usu. a derivative of \"sanburo\")"}}},"/ui/720p/config/config.ui":{"rootdata":{"1":{"1":"System"}}},"/ui/common/title/btn_start.ui":{"rootdata":{"0":"Start"}}}