{"/ui/common/config/btn_sound.ui":{"rootdata":{"2":"sound"}},"/ui/common/config/btn_reset.ui":{"rootdata":{"2":"Reset"}},"/ui/common/title/btn_continue.ui":{"rootdata":{"0":"Continue"}},"/ui/common/ui/btn_exit.ui":{"rootdata":{"2":"Exit"}},"character":{"erika":"Erika","tomoya":"Tomoya","tomoya_lover":"Tomoya's girlfriend","sachie":"Sachie","mihane":"Mihane","man":"guy","mihane_husband":"Mihane's husband","sachie_husband":"Sachie's husband","woman":"female","club_girl":"Girls in the Circle","unknown":"?","_____":"_____","erika_husband":"Erika's husband","woman_A":"Woman A","tomoya_mother":"Tomoya's mother","woman_B":"Woman B","staff":"Salesperson"},"bgm":{"bg_h1":{"label":"Guilt and love"},"bg_h2":{"label":"dangerous love affair"},"bg_d1":{"label":"gentle breeze"},"bg_da":{"label":"dusk"},"bg_me":{"label":"The Heartbeat of Lost"},"bg_ad":{"label":"Attraction of Married Women"},"bg_op":{"label":"secret society"}},"scene":{"3":{"hidden":"common route","name":"A dreamy turn of events."},"4":{"hidden":"common route","name":"The truth of strange dreams"},"10":{"hidden":"? Root","name":"Accepting the current relationship"},"8":{"hidden":"Sachie route","name":"Sachie's husband's special interests"},"6":{"hidden":"Erika route","name":"I want to take Erika away from you."},"12":{"hidden":"Erika route END","name":"Erika route END"},"15":{"hidden":"? END","name":"Harem route 1END"},"0":{"hidden":"common route","name":"Mansion wife"},"5":{"hidden":"branch route","name":"Make them your own."},"9":{"hidden":"branch route","name":"Satisfied with the status quo"},"2":{"hidden":"common route","name":"Strange encounters"},"7":{"hidden":"Mihane route","name":"I'll let Mihane choose me."},"11":{"hidden":"? Root","name":"Anxiety about the future"},"14":{"hidden":"Sachie route END","name":"Sachie route END"},"1":{"hidden":"common route","name":"She is so beautiful that it attracts me."},"13":{"hidden":"Mihane route END","name":"Mihane route END"},"16":{"hidden":"? END","name":"Harem route 2END"}},"/ui/common/extra/btn_thumbnail.ui":{"rootdata":{"0":{"1":"NoData"}}},"/ui/720p/extra/soundpage.ui":{"rootdata":{"0":{"0":"sound"}}},"/img/720p/bg/ED04_a.ui":{"rootdata":{"0":{"1":"Original Drawing Character Design","2":"sonic eccentric"}}},"/ui/720p/language/language.ui":{"rootdata":{"1":{"1":"Language"}}},"/ui/common/extra/achieve.ui":{"rootdata":{"0":{"1":"rate of achievement"}}},"/ui/720p/talk/log.ui":{"rootdata":{"0":{"1":"BackLog"}}},"/img/720p/bg/ED00_a.ui":{"rootdata":{"0":{"1":"Original idea Peony","2":"\"\""}}},"/ui/common/title/btn_config.ui":{"rootdata":{"0":"Config"}},"/img/720p/bg/ED01_a.ui":{"rootdata":{"0":{"3":"Miu Natori : Miharu Shioji","4":"Sachie Demoto: Yuika","1":"cast","2":"Erika Naoi: Sayo Nonomura"}}},"/ui/common/extra/btn_sound.ui":{"rootdata":{"2":"sound"}},"/ui/720p/extra/scenepage.ui":{"rootdata":{"0":{"0":"scene"}}},"/ui/common/extra/btn_cg.ui":{"rootdata":{"2":"CG"}},"/img/720p/bg/ED05_a.ui":{"rootdata":{"0":{"1":"sound","2":"John Kuroda"}}},"/ui/720p/extra/cgpage.ui":{"rootdata":{"0":{"0":"CG"}}},"/ui/common/ui/btn_back.ui":{"rootdata":{"2":"Back"}},"/img/720p/bg/ED08_a.ui":{"rootdata":{"0":{"1":"Fin."}}},"/ui/720p/extra/routepage.ui":{"rootdata":{"0":{"0":"scene"}}},"/ui/common/extra/btn_scene.ui":{"rootdata":{"2":"scene"}},"/ui/common/storage/datum.ui":{"rootdata":{"3":{"1":"No Data"}}},"/ui/common/title/btn_extra.ui":{"rootdata":{"0":"Extra"}},"/ui/720p/storage/storage.ui":{"rootdata":{"1":{"1":"Save"}}},"/ui/common/title/btn_load.ui":{"rootdata":{"0":"Load"}},"/img/720p/bg/ED03_a.ui":{"rootdata":{"0":{"1":"scenario","2":"ShioKonbu","3":"BalaBala-no-Nobala"}}},"/ui/common/title/btn_start.ui":{"rootdata":{"0":"Start"}},"dict":{"title.continue.confirm.yes":"Reopen","config.10.0":"local","common.error.message.save.nospace":"Save failed due to insufficient free space.","title.continue.confirm":"Do you want to resume from a saved scene?","config.8":"Continued skipping after choices","common.dialog.message.load.yes":"load","config.1":"BGM","title.translate.confirm.yes":"Download","common.dialog.message.title":"Would you like to return to the title screen?","common.dialog.btn.no":"cancel","language.confirm.yes":"Change","config.10.1":"be just about to","language.confirm":"Would you like to change the language used to %s?","config.10":"Color change of read text","config.7.all":"all","extra.cg.dialog.page":"%d / %d","common.dialog.message.save.yes":"save","config.9.0":"local","common.dialog.message.exit":"Do you want to exit the game?","storage.date.none":"----/--/----:--","config.reset.confirm":"Do you want to initialize your settings?","title.translate.notallowed":"Initialize language settings due to missing required files.","config.7":"skip mode","common.error.message.load":"Failed to load","common.dialog.message.title.yes":"Go to Title","config.9.1":"be just about to","config.8.1":"be just about to","title.translate.cancaled":"The download was interrupted and the language settings are initialized.","talk.quickload.confirm.yes":"Reopen","language.error.255":"The server is unavailable.","language.restart":"Return to the title screen.","config.6":"message window transparency","title.continue.nodata":"There is no save data.","config.12.1":"window","storage.title.load":"Load","config.8.0":"local","extra.scene.confirm":"Would you like to start with this scene?","title.translate.confirm":"Download the update file needed to start the game in %s.","common.dialog.message.exit.yes":"Terminate","storage.label.none":"No data","config.5":"Auto mode speed","config.tab.system":"SYSTEM","language.error.2":"Access to the server is not allowed.","config.7.read":"Read Only","config.3":"VOICE","config.reset.confirm.yes":"Initialize","talk.quickload.confirm":"Do you want to resume from a saved scene?","common.dialog.message.load":"Do you want to load it?","talk.quicksave.message":"Saved.\nYou can resume from the current scene.","config.4":"character display speed","common.dialog.btn.cancel":"interruption","common.dialog.message.download":"Download","storage.title.save":"Save","config.tab.sound":"SOUND","config.12":"display mode","title.translate.failed":"Initialize language settings due to download failure.","config.9":"Continuation of auto mode after choice","common.dialog.btn.yes":"OK","extra.scene.confirm.yes":"Start","config.12.0":"full screen (video release of widescreen movie)","language.error.1":"Server maintenance is in progress.","config.2":"SE","common.error.message.save":"Save failed","storage.date":"Date: (date)","common.error.message.save.broken":"Data is initialized due to corruption of saved data.","common.dialog.message.save":"Do you want to save?"},"/img/720p/bg/ED02_a.ui":{"rootdata":{"0":{"3":"Dandelion","4":"Knight","1":"produce","2":"UNA"}}},"/img/720p/bg/ED07_a.ui":{"rootdata":{"0":{"1":"Program","2":"Otomuku","3":"Gorilla Reserve Army"}}},"/ui/common/ui/btn_title.ui":{"rootdata":{"2":"Title"}},"/ui/common/config/btn_system.ui":{"rootdata":{"2":"System"}},"/img/720p/bg/ED06_a.ui":{"rootdata":{"0":{"5":"Yui","3":"Kusashi Kawahara","4":"Kagami En","1":"graphic","2":"White Meat Ball"}}},"/ui/720p/config/config.ui":{"rootdata":{"1":{"1":"System"}}},"/ui/common/title/btn_language.ui":{"rootdata":{"0":"Language"}}}