﻿<Awards>
  <farm_level_5 unlocked="false" />
  <farm_level_10 unlocked="false" />
  <farm_level_20 unlocked="false" />
  <farm_level_40 unlocked="false" />
  <player_level_5 unlocked="false" />
  <player_level_10 unlocked="false" />
  <crop_level_10 unlocked="false" />
  <tree_level_10 unlocked="false" />
  <complete_10_quests unlocked="false" />
  <visit_farm unlocked="false" />
  <fill_visit_boost unlocked="false" />
  <buy_animal unlocked="false" />
  <buy_tree unlocked="false" />
  <buy_flower unlocked="false" />
  <buy_crop unlocked="false" />
  <buy_fish unlocked="false" />
  <buy_sign unlocked="false" />
  <build_poi unlocked="false" />
  <build_sprinkler unlocked="false" />
  <build_feeder unlocked="false" />
  <build_shop unlocked="true" />
  <complete_tutorial unlocked="false" />
  <build_100_chicken_field unlocked="false" />
  <decoration_gesture unlocked="false" />
  <harvest_10000_items unlocked="false" />
  <unlock_chunk unlocked="false" />
  <unlock_all_chunks unlocked="false" />
  <build_fuel_pump unlocked="false" />
  <complete_quest unlocked="false" />
  <customize_avatar unlocked="false" />
  <customize_tractor unlocked="false" />
  <join_3_animal_fields unlocked="false" />
  <big_fish_catch unlocked="false" />
  <use_tractor unlocked="false" />
  <earn_coins unlocked="false" />
  <earn_diamonds unlocked="false" />
  <earn_medals unlocked="false" />
  <walk_distance unlocked="false" />
  <enter_old_farm unlocked="false" />
  <plow_tiles unlocked="false" />
  <enter_photo_mode unlocked="false" />
  <place_decorations unlocked="false" />
  <enter_house unlocked="false" />
  <finish_recipe unlocked="false" />
  <place_house_decorations unlocked="false" />
  <boost_building_10 unlocked="false" />
  <use_pawn_shop unlocked="false" />
  <build_farmhand unlocked="false" />
  <build_farmhands_union unlocked="false" />
  <sign_guestbook unlocked="false" />
  <raise_20_items_to_level_30 unlocked="false" />
  <finish_seasonal_event unlocked="false" />
  <find_gold_nuggets unlocked="false" />
  <have_20000_storage unlocked="false" />
  <harvest_3days_flower unlocked="false" />
  <whistle_pet unlocked="false" />
</Awards>