﻿<Stats>
  <Stat id="Quests_Completed" value="0" />
  <Stat id="Items_Harvested" value="24" />
  <Stat id="Tractor_Tiles" value="0" />
  <Stat id="Coins_Earned" value="2680" />
  <Stat id="Diamonds_Earned" value="5" />
  <Stat id="Medals_Earned" value="0" />
  <Stat id="Distance_Walked" value="1039" />
  <Stat id="Tiles_Plowed" value="24" />
  <Stat id="Decorations_Placed" value="0" />
  <Stat id="House_Decorations_Placed" value="0" />
  <Stat id="Placed_Items" value="1" />
  <Stat id="Animals_Fed" value="1" />
  <Stat id="Animals_Harvested" value="0" />
  <Stat id="Trees_Harvested" value="0" />
  <Stat id="Fish_Harvested" value="0" />
  <Stat id="Crops_Harvested" value="24" />
  <Stat id="Flowers_Harvested" value="0" />
  <Stat id="Building_Interactions" value="3" />
  <Stat id="Fences_Jumped" value="0" />
  <Stat id="Quick_Travels" value="0" />
  <Stat id="Crops_Watered" value="0" />
  <Stat id="Gold_Nuggets_Found" value="0" />
</Stats>