{"/ui/common/config/btn_sound.ui":{"rootdata":{"2":"sound"}},"/ui/common/config/btn_reset.ui":{"rootdata":{"2":"Reset"}},"/ui/common/title/btn_continue.ui":{"rootdata":{"0":"Continue"}},"/ui/common/ui/btn_exit.ui":{"rootdata":{"2":"Exit"}},"character":{"shouya":"Shoya","female_student_A":"Female Student A","shizuka_father":"Shizuka's father","male_student_B":"Male Student B","female_student_B":"Female Student B","shouya_daughter":"Shoya's daughter","_____":"_____","male_student_A":"Male Student A","shouya_lover":"Shoya's lover","female_customer":"Female customer","ryoko":"Ryoko","shouya_wife":"Shoya's wife","teacher":"teacher (classroom)","male_student":"male student","unknown":"?","shizuka_mother":"Shizuka's mother","voice":"voice","shouya_mother":"Shoya's mother","mituki":"Mitsuki","female_student":"Female student","shizuka":"Shizuka"},"/ui/720p/extra/cgpage.ui":{"rootdata":{"0":{"0":"CG"}}},"scene":{"3":{"hidden":"Shizuka route","name":"choose Shizuka"},"4":{"hidden":"Shizuka Love Route","name":"Continue to be Shizuka's lover."},"10":{"hidden":"Mitsuki Love Route","name":"Believe in Divination"},"8":{"hidden":"Ryoko? Root.","name":"Let's break up with Ryoko."},"6":{"hidden":"Ryoko route","name":"choose Ryoko"},"12":{"hidden":"harem route","name":"Disconnect from all of them."},"15":{"hidden":"Ryoko Love END","name":"Ryoko Love END"},"18":{"hidden":"Mitsuki? END","name":"Mitsuki bound END"},"0":{"hidden":"common route","name":"disturbing rumors"},"5":{"hidden":"Shizuka? Root.","name":"Disconnect from Shizuka"},"17":{"hidden":"Mitsuki Love END","name":"MitsukiLove END"},"9":{"hidden":"Mitsuki route","name":"choose Mitsuki"},"2":{"hidden":"common route","name":"Decision time"},"7":{"hidden":"Ryoko Love Route","name":"Protect Ryoko no matter what."},"11":{"hidden":"Mitsuki? Root.","name":"I don't believe in fortune-telling."},"14":{"hidden":"Shizuka? END","name":"Shizuka bound END"},"1":{"hidden":"common route","name":"I have a feeling something is going to happen."},"13":{"hidden":"Shizuka Love END","name":"Shizuka Love END"},"16":{"hidden":"Ryoko? END","name":"Ryoko bound END"},"19":{"hidden":"Harlem END","name":"Harlem END"}},"/ui/common/extra/btn_thumbnail.ui":{"rootdata":{"0":{"1":"NoData"}}},"/ui/720p/extra/soundpage.ui":{"rootdata":{"0":{"0":"sound"}}},"/ui/common/title/btn_start.ui":{"rootdata":{"0":"Start"}},"/ui/720p/language/language.ui":{"rootdata":{"1":{"1":"Language"}}},"/ui/common/extra/btn_scene.ui":{"rootdata":{"2":"scene"}},"/ui/720p/talk/log.ui":{"rootdata":{"0":{"1":"BackLog"}}},"/img/720p/bg/ED00_a.ui":{"rootdata":{"0":{"1":"noir software","2":"The triplet of her in bondage: partial love: heavy love: the end of narrow love.","3":"draft"}}},"/ui/common/title/btn_config.ui":{"rootdata":{"0":"Config"}},"/img/720p/bg/ED01_a.ui":{"rootdata":{"0":{"3":"Ryoko Mizuhara: Miharu Shioji","4":"Mitsuki Shimano: Yume Hoshizora","1":"cast","2":"Shizuka Tojo: Komomo Asai"}}},"/ui/common/extra/achieve.ui":{"rootdata":{"0":{"1":"rate of achievement"}}},"/img/720p/bg/ED04_a.ui":{"rootdata":{"0":{"1":"Original Drawing Character Design","2":"Bingo Count"}}},"/ui/common/extra/btn_cg.ui":{"rootdata":{"2":"CG"}},"/ui/common/title/btn_language.ui":{"rootdata":{"0":"Language"}},"/img/720p/bg/ED05_a.ui":{"rootdata":{"0":{"1":"sound","2":"stray "}}},"/ui/common/ui/btn_back.ui":{"rootdata":{"2":"Back"}},"/img/720p/bg/ED08_a.ui":{"rootdata":{"0":{"1":"Fin."}}},"/ui/720p/extra/routepage.ui":{"rootdata":{"0":{"0":"scene"}}},"/ui/720p/extra/scenepage.ui":{"rootdata":{"0":{"0":"scene"}}},"/ui/common/storage/datum.ui":{"rootdata":{"3":{"1":"No Data"}}},"/ui/common/extra/btn_sound.ui":{"rootdata":{"2":"sound"}},"/ui/720p/storage/storage.ui":{"rootdata":{"1":{"1":"Save"}}},"/ui/common/title/btn_load.ui":{"rootdata":{"0":"Load"}},"/img/720p/bg/ED03_a.ui":{"rootdata":{"0":{"1":"scenario","2":"canned sharks","3":"ghost message"}}},"/ui/common/title/btn_extra.ui":{"rootdata":{"0":"Extra"}},"dict":{"title.translate.cancaled":"The download was interrupted and the language settings are initialized.","talk.quickload.confirm.yes":"Reopen.","title.continue.confirm.yes":"Reopen.","config.10.0":"local","language.error.255":"The server is unavailable.","language.restart":"Return to the title screen.","config.6":"message window transparency","title.continue.confirm":"Do you want to resume from a saved scene?","title.continue.nodata":"There is no save data.","storage.title.save":"Save","storage.date":"Date :","config.12.1":"window","config.1":"BGM","config.8.0":"local","config.2":"SE","extra.scene.confirm":"Would you like to start with this scene?","title.translate.confirm.yes":"Download","title.translate.confirm":"Download the update file needed to start the game in %s.","common.dialog.message.exit.yes":"Terminate","common.dialog.btn.no":"cancel","language.confirm.yes":"Change","config.10.1":"be just about to","storage.label.none":"No data","language.confirm":"Would you like to change the language used to %s?","config.10":"Color change of read text","config.9":"Continuation of auto mode after choice","config.7.read":"Read Only","config.7.all":"all","common.dialog.message.save.yes":"Save","config.12":"display mode","common.dialog.message.save":"Do you want to save?","config.tab.system":"SYSTEM","extra.cg.dialog.page":"%d / %d","language.error.2":"Access to the server is not allowed.","config.5":"Auto mode speed","common.dialog.message.title.yes":"Go to Title.","title.translate.failed":"Initialize language settings due to download failure.","common.dialog.message.load.yes":"load","config.9.0":"local","config.reset.confirm.yes":"Initialize","talk.quickload.confirm":"Do you want to resume from a saved scene?","config.tab.sound":"SOUND","storage.date.none":"----/--/----:--","config.4":"character display speed","config.reset.confirm":"Do you want to initialize your settings?","common.dialog.message.download":"Download.","title.translate.notallowed":"Initialize language settings due to missing required files.","storage.title.load":"Load","common.dialog.message.title":"Would you like to return to the title screen?","common.dialog.message.load":"Do you want to load it?","config.7":"skip mode","common.dialog.btn.yes":"OK","language.error.1":"Server maintenance is in progress.","common.dialog.btn.cancel":"interruption","extra.scene.confirm.yes":"Start","common.dialog.message.exit":"Do you want to exit the game?","config.12.0":"full screen (video release of widescreen movie)","config.9.1":"be just about to","config.8.1":"be just about to","config.3":"VOICE","config.8":"Continued skipping after choices","talk.quicksave.message":"Saved.\nYou can resume from the current scene."},"/img/720p/bg/ED02_a.ui":{"rootdata":{"0":{"3":"stealth","4":"Asuha","1":"produce","2":"Daifuku walnut"}}},"/img/720p/bg/ED07_a.ui":{"rootdata":{"0":{"1":"Program","2":"Yamano Oyashiro ","3":"gorilla reserve army"}}},"/ui/common/ui/btn_title.ui":{"rootdata":{"2":"Title"}},"/ui/common/config/btn_system.ui":{"rootdata":{"2":"System"}},"/img/720p/bg/ED06_a.ui":{"rootdata":{"0":{"5":"evening assembly (company)","3":"person with a criminal record","4":"Kirishima Kamil","1":"graphic","2":"bitter orange juice, used in cooking as a vinegar"}}},"/ui/720p/config/config.ui":{"rootdata":{"1":{"1":"System"}}},"bgm":{"bg_h1":{"label":"pure love"},"bg_h2":{"label":"binding"},"bg_sa":{"label":"mimicry"},"bg_d1":{"label":"Peace to be protected"},"bg_d2":{"label":"peaceful time"},"bg_op":{"label":"I love you."},"bg_ky":{"label":"madness caused by love"}}}