{"/ui/common/config/btn_sound.ui":{"rootdata":{"2":"sound"}},"/ui/common/config/btn_reset.ui":{"rootdata":{"2":"Reset"}},"/ui/common/title/btn_continue.ui":{"rootdata":{"0":"Continue"}},"/ui/common/ui/btn_exit.ui":{"rootdata":{"2":"Exit"}},"character":{"female_student_A":"Female Student A","yuna":"Yuna","male_student_B":"Male Student B","akari":"Akari","female_student_B":"Female Student B","kyoichi":"Kyoichi","_____":"_____","izumi":"Izumi","male_student_A":"Male Student A","female_student":"Female Student","gal":"Gal","unknown":"?"},"/ui/720p/extra/cgpage.ui":{"rootdata":{"0":{"0":"CG"}}},"scene":{"3":{"hidden":"common route","name":"Further Power of Hypnosis"},"4":{"hidden":"Yuna route","name":"I want to use hypnosis on Momona."},"10":{"hidden":"Akari route","name":"Aiming for smart akari"},"8":{"hidden":"Izumi Route","name":"I want Izumi to like me."},"6":{"hidden":"Yuna route","name":"A distorted form of love"},"12":{"hidden":"Akari route","name":"Do as you wish with Akari"},"15":{"hidden":"Izumi END","name":"Izumi Harem END"},"18":{"hidden":"Akari End","name":"Akari Hypnosis END"},"0":{"hidden":"common route","name":"Spring, Summer, Fall, and Winter with application"},"5":{"hidden":"Yuna route","name":"Tools to deepen love"},"17":{"hidden":"Akari End","name":"Akari Love END"},"9":{"hidden":"Izumi Route","name":"I want to mess up Izumi."},"2":{"hidden":"common route","name":"Hypnosis App"},"7":{"hidden":"Izumi Route","name":"Izumi seems to be the easiest to drop."},"11":{"hidden":"Akari route","name":"The Truth About Apps"},"14":{"hidden":"Yuna END","name":"Yuna Hypnosis END"},"1":{"hidden":"common route","name":"Stranger Apps"},"13":{"hidden":"Yuna END","name":"Yuna Love END"},"16":{"hidden":"Izumi END","name":"Izumi Hypnotic END"}},"/ui/common/extra/btn_thumbnail.ui":{"rootdata":{"0":{"1":"NoData"}}},"/ui/720p/extra/soundpage.ui":{"rootdata":{"0":{"0":"sound"}}},"/ui/common/title/btn_start.ui":{"rootdata":{"0":"Start"}},"/ui/720p/language/language.ui":{"rootdata":{"1":{"1":"Language"}}},"/ui/common/extra/achieve.ui":{"rootdata":{"0":{"1":"rate of achievement"}}},"/ui/720p/talk/log.ui":{"rootdata":{"0":{"1":"BackLog"}}},"/img/720p/bg/ED00_a.ui":{"rootdata":{"0":{"1":"Noirsoft","2":"\"The lewd and lascivious ward.\"","3":"draft"}}},"/ui/common/title/btn_config.ui":{"rootdata":{"0":"Config"}},"/img/720p/bg/ED01_a.ui":{"rootdata":{"0":{"3":"Izumi Nakakaze: Maya Mayama","4":"Akari Shinozaki: Miharu Shioji","1":"cast","2":"Yuna Kashiwagi: Ricia Usagi"}}},"/ui/common/extra/btn_scene.ui":{"rootdata":{"2":"scene"}},"/ui/720p/storage/storage.ui":{"rootdata":{"1":{"1":"Save"}}},"/ui/common/extra/btn_cg.ui":{"rootdata":{"2":"CG"}},"/ui/common/title/btn_language.ui":{"rootdata":{"0":"Language"}},"/img/720p/bg/ED05_a.ui":{"rootdata":{"0":{"1":"sound","2":"Mayoi"}}},"/ui/common/ui/btn_back.ui":{"rootdata":{"2":"Back"}},"/img/720p/bg/ED04_a.ui":{"rootdata":{"0":{"1":"Original Drawing Character Design","2":"NiONiO"}}},"/ui/720p/extra/routepage.ui":{"rootdata":{"0":{"0":"scene"}}},"/img/720p/bg/ED08_a.ui":{"rootdata":{"0":{"1":"Fin."}}},"/ui/common/extra/btn_sound.ui":{"rootdata":{"2":"sound"}},"/ui/720p/extra/scenepage.ui":{"rootdata":{"0":{"0":"scene"}}},"/ui/common/title/btn_extra.ui":{"rootdata":{"0":"Extra"}},"/ui/common/title/btn_load.ui":{"rootdata":{"0":"Load"}},"/img/720p/bg/ED03_a.ui":{"rootdata":{"0":{"1":"scenario","2":"Tomoe Nanjo","3":"Yurei Teroppe"}}},"/ui/common/storage/datum.ui":{"rootdata":{"3":{"1":"No Data"}}},"dict":{"title.translate.cancaled":"The download was interrupted and the language settings are initialized.","talk.quickload.confirm.yes":"Reopen.","title.continue.confirm.yes":"Reopen.","config.10.0":"local","language.error.255":"The server is unavailable.","language.restart":"Return to the title screen.","config.6":"message window transparency","title.continue.confirm":"Do you want to resume from a saved scene?","title.continue.nodata":"There is no save data.","config.8":"Continued skipping after choices","common.dialog.message.load.yes":"load","config.12.1":"window","config.1":"BGM","config.8.0":"local","common.dialog.message.load":"Do you want to load it?","extra.scene.confirm":"Would you like to start with this scene?","title.translate.confirm.yes":"Download","common.dialog.message.title":"Would you like to return to the title screen?","common.dialog.message.exit.yes":"Terminate","common.dialog.btn.no":"cancel","language.confirm.yes":"Change","config.10.1":"be just about to","storage.label.none":"No data","language.confirm":"Would you like to change the language used to %s?","config.5":"Auto mode speed","storage.title.save":"Save","storage.date":"Date :","config.7.all":"all","config.9":"Continuation of auto mode after choice","config.7.read":"Read Only","common.dialog.message.save.yes":"curbing (e.g. a file)","config.tab.system":"SYSTEM","extra.cg.dialog.page":"%d / %d","language.error.2":"Access to the server is not allowed.","config.9.1":"be just about to","common.dialog.message.save":"Do you want to save?","title.translate.failed":"Initialize language settings due to download failure.","common.dialog.message.title.yes":"Go to Title.","config.9.0":"local","config.reset.confirm.yes":"Initialize","talk.quickload.confirm":"Do you want to resume from a saved scene?","config.tab.sound":"SOUND","storage.date.none":"----/--/----:--","config.4":"character display speed","common.dialog.btn.cancel":"interruption","common.dialog.message.download":"Download.","title.translate.notallowed":"Initialize language settings due to missing required files.","config.3":"VOICE","common.dialog.btn.yes":"OK","storage.title.load":"Load","config.7":"skip mode","config.12":"display mode","language.error.1":"Server maintenance is in progress.","config.10":"Color change of read text","extra.scene.confirm.yes":"Start","common.dialog.message.exit":"Do you want to exit the game?","config.12.0":"full screen (video release of widescreen movie)","config.2":"SE","config.8.1":"be just about to","title.translate.confirm":"Download the update file needed to start the game in %s.","talk.quicksave.message":"Saved.\nYou can resume from the current scene.","config.reset.confirm":"Do you want to initialize your settings?"},"/img/720p/bg/ED02_a.ui":{"rootdata":{"0":{"3":"FudeGin","4":"Ryusei","1":"produce","2":"Bushi"}}},"/img/720p/bg/ED07_a.ui":{"rootdata":{"0":{"1":"Program","2":"Ookami Yamano","3":"GorillaYobigun"}}},"/ui/common/ui/btn_title.ui":{"rootdata":{"2":"Title"}},"/ui/common/config/btn_system.ui":{"rootdata":{"2":"System"}},"/img/720p/bg/ED06_a.ui":{"rootdata":{"0":{"5":"Yui","3":"Sakitaro Kawano","4":"Kamil Kirishima","1":"graphic","2":"Gon Daidai"}}},"/ui/720p/config/config.ui":{"rootdata":{"1":{"1":"System"}}},"bgm":{"bg_hy":{"label":"Wavelength of slumber"},"bg_h2":{"label":"abnormal"},"bg_sa":{"label":"stray (migratory) person"},"bg_da":{"label":"silhouette"},"bg_h1":{"label":"hypnotic radio waves"},"bg_d1":{"label":"gust blowing through"},"bg_op":{"label":"Hypnosis App"}}}