{"ActiveControlSettingName":{"type":2,"valueInt":0,"valueFloat":0.0,"valueString":"GamepadSettings"},"SelectedLanguage":{"type":2,"valueInt":0,"valueFloat":0.0,"valueString":"en-US"},"save__save_0":{"type":2,"valueInt":0,"valueFloat":0.0,"valueString":"{\"_timestampString\":\"20230422T11:36:47Z\",\"_uuId\":\"e1bf9a3e-452a-40d1-b16d-5879632bcb25\",\"_deviceId\":\"5d23a9d8-2a60-5c72-9570-2c871b694979\",\"_deviceName\":\"Switch\",\"version\":410,\"matter\":51,\"selectedPlaneIndex\":7,\"tutorials\":[4,5,0,1,2,3,6],\"collectedPlaneParts\":[{\"planeIndex\":0,\"collected\":0,\"purchased\":false},{\"planeIndex\":1,\"collected\":1,\"purchased\":false},{\"planeIndex\":2,\"collected\":5,\"purchased\":false},{\"planeIndex\":3,\"collected\":5,\"purchased\":false},{\"planeIndex\":4,\"collected\":5,\"purchased\":false},{\"planeIndex\":5,\"collected\":5,\"purchased\":false},{\"planeIndex\":6,\"collected\":0,\"purchased\":true},{\"planeIndex\":7,\"collected\":0,\"purchased\":true}],\"planeSkinData\":[{\"planeIndex\":0,\"collected\":[\"Default\",\"LEAF\",\"TRIBAL\",\"Ending\"],\"selected\":\"Ending\"},{\"planeIndex\":1,\"collected\":[\"Default\",\"CREATING\",\"LEAF\",\"TRIBAL\",\"Ending\"],\"selected\":\"Ending\"},{\"planeIndex\":2,\"collected\":[\"Default\",\"LOVE\",\"AXOLOTL\",\"LEAF\",\"S1\",\"Ending\",\"S2\",\"TRIBAL\"],\"selected\":\"Ending\"},{\"planeIndex\":3,\"collected\":[\"Default\",\"LEAF\",\"TRIBAL\",\"Ending\"],\"selected\":\"Ending\"},{\"planeIndex\":4,\"collected\":[\"Default\",\"LEAF\",\"S1\",\"TRIBAL\",\"Ending\"],\"selected\":\"Ending\"},{\"planeIndex\":5,\"collected\":[\"Default\",\"LEAF\",\"TRIBAL\",\"Ending\"],\"selected\":\"Ending\"},{\"planeIndex\":6,\"collected\":[\"Default\",\"S1\",\"LEAF\",\"TRIBAL\",\"Ending\"],\"selected\":\"Ending\"},{\"planeIndex\":7,\"collected\":[\"Default\",\"S2\",\"LEAF\",\"TRIBAL\",\"Ending\"],\"selected\":\"Ending\"}],\"planeStats\":[{\"statIndex\":0,\"unlocked\":6},{\"statIndex\":1,\"unlocked\":6},{\"statIndex\":2,\"unlocked\":6},{\"statIndex\":3,\"unlocked\":6},{\"statIndex\":4,\"unlocked\":6},{\"statIndex\":5,\"unlocked\":-1},{\"statIndex\":6,\"unlocked\":-1}],\"storyData\":{\"currentLevel\":7,\"remainingTime\":1.0,\"maxReachedLevel\":29,\"powerup\":-1},\"zenData\":{\"selectedLevels\":[1,2,3,4,5,6,7,8,9,10,11,12,13,14,15,16,17,18,19,20,21,22,23,24,25,26,27,28,29],\"randomizeEnvironments\":false,\"extendLevels\":false,\"experienceSetting\":0.0,\"unlockedLevel\":29},\"speedrunData\":{\"useSeed\":false,\"type\":0,\"generationSeed\":0,\"_ngSplits\":[],\"_ngpSplits\":[]},\"debugSpeedrun\":false}"},"save_keys":{"type":2,"valueInt":0,"valueFloat":0.0,"valueString":"save__save_0"},"GameplaySettings._useFlightAssistValue":{"type":2,"valueInt":0,"valueFloat":0.0,"valueString":"False"},"GameplaySettings._playerGhosts":{"type":0,"valueInt":5,"valueFloat":0.0,"valueString":null},"TouchSettings._horizontalSensitivity":{"type":1,"valueInt":0,"valueFloat":20.0,"valueString":null},"TouchSettings._verticalSensitivity":{"type":1,"valueInt":0,"valueFloat":20.0,"valueString":null},"TouchSettings._useVisualliser":{"type":2,"valueInt":0,"valueFloat":0.0,"valueString":"False"},"TouchSettings._invertY":{"type":2,"valueInt":0,"valueFloat":0.0,"valueString":"False"},"TouchSettings._active":{"type":2,"valueInt":0,"valueFloat":0.0,"valueString":"False"},"GamepadSettings._rumble":{"type":2,"valueInt":0,"valueFloat":0.0,"valueString":"True"},"GamepadSettings._selectedControllerID":{"type":2,"valueInt":0,"valueFloat":0.0,"valueString":"SwitchNintendoSwitchProController_f2d95051-c32c-bb42-d218-0ca99822f9db"},"GamepadSettings._controlMappingString":{"type":2,"valueInt":0,"valueFloat":0.0,"valueString":"{\"dataVersion\":2,\"sourceMapId\":22,\"categoryId\":0,\"layoutId\":0,\"name\":\"\",\"hardwareGuid\":\"7bf3154b-9db8-4d52-950f-cd0eed8a5819\",\"enabled\":true,\"buttonMaps\":[{\"actionCategoryId\":-1,\"actionId\":7,\"elementType\":1,\"elementIdentifierId\":5,\"axisRange\":0,\"invert\":false,\"axisContribution\":0,\"keyboardKeyCode\":0,\"modifierKey1\":0,\"modifierKey2\":0,\"modifierKey3\":0,\"enabled\":true}],\"axisMaps\":[{\"actionCategoryId\":-1,\"actionId\":6,\"elementType\":0,\"elementIdentifierId\":0,\"axisRange\":1,\"invert\":false,\"axisContribution\":0,\"keyboardKeyCode\":0,\"modifierKey1\":0,\"modifierKey2\":0,\"modifierKey3\":0,\"enabled\":true},{\"actionCategoryId\":-1,\"actionId\":6,\"elementType\":0,\"elementIdentifierId\":0,\"axisRange\":2,\"invert\":false,\"axisContribution\":1,\"keyboardKeyCode\":0,\"modifierKey1\":0,\"modifierKey2\":0,\"modifierKey3\":0,\"enabled\":true},{\"actionCategoryId\":-1,\"actionId\":5,\"elementType\":0,\"elementIdentifierId\":1,\"axisRange\":1,\"invert\":false,\"axisContribution\":0,\"keyboardKeyCode\":0,\"modifierKey1\":0,\"modifierKey2\":0,\"modifierKey3\":0,\"enabled\":true},{\"actionCategoryId\":-1,\"actionId\":5,\"elementType\":0,\"elementIdentifierId\":1,\"axisRange\":2,\"invert\":false,\"axisContribution\":1,\"keyboardKeyCode\":0,\"modifierKey1\":0,\"modifierKey2\":0,\"modifierKey3\":0,\"enabled\":true}]}"},"GamepadSettings._useVisualliser":{"type":2,"valueInt":0,"valueFloat":0.0,"valueString":"False"},"GamepadSettings._invertY":{"type":2,"valueInt":0,"valueFloat":0.0,"valueString":"False"},"GamepadSettings._active":{"type":2,"valueInt":0,"valueFloat":0.0,"valueString":"True"},"TiltSettings._horizontalSensitivity":{"type":1,"valueInt":0,"valueFloat":5.0,"valueString":null},"TiltSettings._verticalSensitivity":{"type":1,"valueInt":0,"valueFloat":5.0,"valueString":null},"TiltSettings._useVisualliser":{"type":2,"valueInt":0,"valueFloat":0.0,"valueString":"False"},"TiltSettings._invertY":{"type":2,"valueInt":0,"valueFloat":0.0,"valueString":"False"},"TiltSettings._active":{"type":2,"valueInt":0,"valueFloat":0.0,"valueString":"False"},"KeyboardSettings._controlMappingString":{"type":2,"valueInt":0,"valueFloat":0.0,"valueString":"{\"dataVersion\":2,\"sourceMapId\":2,\"categoryId\":0,\"layoutId\":0,\"name\":\"\",\"hardwareGuid\":\"ae4830f9-63db-4d4c-90b3-1beb46ecaf49\",\"enabled\":true,\"buttonMaps\":[{\"actionCategoryId\":-1,\"actionId\":5,\"elementType\":1,\"elementIdentifierId\":23,\"axisRange\":0,\"invert\":false,\"axisContribution\":0,\"keyboardKeyCode\":119,\"modifierKey1\":0,\"modifierKey2\":0,\"modifierKey3\":0,\"enabled\":true},{\"actionCategoryId\":-1,\"actionId\":5,\"elementType\":1,\"elementIdentifierId\":19,\"axisRange\":0,\"invert\":false,\"axisContribution\":1,\"keyboardKeyCode\":115,\"modifierKey1\":0,\"modifierKey2\":0,\"modifierKey3\":0,\"enabled\":true},{\"actionCategoryId\":-1,\"actionId\":6,\"elementType\":1,\"elementIdentifierId\":1,\"axisRange\":0,\"invert\":false,\"axisContribution\":1,\"keyboardKeyCode\":97,\"modifierKey1\":0,\"modifierKey2\":0,\"modifierKey3\":0,\"enabled\":true},{\"actionCategoryId\":-1,\"actionId\":6,\"elementType\":1,\"elementIdentifierId\":4,\"axisRange\":0,\"invert\":false,\"axisContribution\":0,\"keyboardKeyCode\":100,\"modifierKey1\":0,\"modifierKey2\":0,\"modifierKey3\":0,\"enabled\":true},{\"actionCategoryId\":-1,\"actionId\":7,\"elementType\":1,\"elementIdentifierId\":54,\"axisRange\":0,\"invert\":false,\"axisContribution\":0,\"keyboardKeyCode\":32,\"modifierKey1\":0,\"modifierKey2\":0,\"modifierKey3\":0,\"enabled\":true}]}"},"KeyboardSettings._useVisualliser":{"type":2,"valueInt":0,"valueFloat":0.0,"valueString":"False"},"KeyboardSettings._invertY":{"type":2,"valueInt":0,"valueFloat":0.0,"valueString":"False"},"KeyboardSettings._active":{"type":2,"valueInt":0,"valueFloat":0.0,"valueString":"False"},"AppleTVTiltSettings._sensitivity":{"type":1,"valueInt":0,"valueFloat":1.97259474,"valueString":null},"AppleTVTiltSettings._useVisualliser":{"type":2,"valueInt":0,"valueFloat":0.0,"valueString":"False"},"AppleTVTiltSettings._invertY":{"type":2,"valueInt":0,"valueFloat":0.0,"valueString":"False"},"AppleTVTiltSettings._active":{"type":2,"valueInt":0,"valueFloat":0.0,"valueString":"False"},"AppleTVTouchSettings._sensitivity":{"type":1,"valueInt":0,"valueFloat":1.605483,"valueString":null},"AppleTVTouchSettings._useVisualliser":{"type":2,"valueInt":0,"valueFloat":0.0,"valueString":"False"},"AppleTVTouchSettings._invertY":{"type":2,"valueInt":0,"valueFloat":0.0,"valueString":"False"},"AppleTVTouchSettings._active":{"type":2,"valueInt":0,"valueFloat":0.0,"valueString":"False"},"MouseSettings._sensitivity":{"type":1,"valueInt":0,"valueFloat":0.0103306724,"valueString":null},"MouseSettings._useVisualliser":{"type":2,"valueInt":0,"valueFloat":0.0,"valueString":"True"},"MouseSettings._invertY":{"type":2,"valueInt":0,"valueFloat":0.0,"valueString":"False"},"MouseSettings._active":{"type":2,"valueInt":0,"valueFloat":0.0,"valueString":"False"},"NOTIF_PlanesAvailable":{"type":0,"valueInt":0,"valueFloat":0.0,"valueString":null},"NOTIF_ImprovementsAvailable":{"type":0,"valueInt":0,"valueFloat":0.0,"valueString":null}}