{"/ui/common/config/btn_sound.ui":{"rootdata":{"2":"Sound"}},"/ui/common/config/btn_reset.ui":{"rootdata":{"2":"Reset"}},"/ui/common/title/btn_continue.ui":{"rootdata":{"0":"Continue"}},"/ui/common/ui/btn_exit.ui":{"rootdata":{"2":"Exit"}},"character":{"girl":"Girl","ayaka":"Ayaka","keiichi":"Keiichi","unknown":"?","_____":"_____","man":"Guy","hana_sister":"Hana's sister","kanako":"Kanako","mari":"Mari","hana":"Hana"},"bgm":{"bg_h2":{"label":"A Disturbing Mystery Solved"},"bg_ni":{"label":"Hidden Darkness"},"bg_d1":{"label":"Stability"},"bg_rl":{"label":"Still a frightening thing."},"bg_h1":{"label":"Twinkling stars"},"bg_op":{"label":"Talent and Happiness"},"bg_ed":{"label":"Two Values"},"bg_hp":{"label":"Feels good sometimes."},"bg_sl":{"label":"Broken Emotions"},"bg_t2":{"label":"Pressing Challenge"},"bg_h3":{"label":"atonement"},"bg_t1":{"label":"relax"}},"scene":{"5":{"hidden":"Ayaka route","name":"Ayaka putting on a show"},"3":{"hidden":"common route","name":"How did Mari know the phone number?"},"4":{"hidden":"common route","name":"Kanako in plain clothes"},"9":{"hidden":"Ayaka route END","name":"Ayaka route END"},"2":{"hidden":"common route","name":"Incoming call from Ayaka"},"7":{"hidden":"Kanako route","name":"Kanako attracts people"},"8":{"hidden":"Mari route","name":"Mari not smiling"},"6":{"hidden":"floral route","name":"Motherless Flowers"},"12":{"hidden":"Mari route END","name":"Mari route END"},"1":{"hidden":"common route","name":"A person named Hana"},"10":{"hidden":"flower route end","name":"flower route end"},"11":{"hidden":"Kanako route END","name":"Kanako route END"},"0":{"hidden":"common route","name":"Days with too much money and time"}},"/ui/common/extra/btn_thumbnail.ui":{"rootdata":{"0":{"1":"No Data"}}},"/ui/720p/extra/soundpage.ui":{"rootdata":{"0":{"0":"Sound"}}},"/img/720p/bg/ED04_a.ui":{"rootdata":{"0":{"1":"Original Drawing Character Design","2":"Prince Marshmallow","3":"HIRYU 'S"}}},"/ui/720p/language/language.ui":{"rootdata":{"1":{"1":"Language"}}},"/ui/common/extra/btn_scene.ui":{"rootdata":{"2":"Acene"}},"/ui/720p/talk/log.ui":{"rootdata":{"0":{"1":"BackLog"}}},"/img/720p/bg/ED00_a.ui":{"rootdata":{"0":{"1":"Original idea Mussel","2":"\"\""}}},"/ui/common/title/btn_config.ui":{"rootdata":{"0":"Config"}},"/img/720p/bg/ED01_a.ui":{"rootdata":{"0":{"5":"Mari Shirotori : Kasumi Okudera","3":"Hana Kariya : Beni Ishihara","4":"Kanako Izumi : Nanoha Osaka","1":"cast","2":"Ayaka Kawarada : Sumomo Sakurano"}}},"/ui/common/extra/achieve.ui":{"rootdata":{"0":{"1":"Achievement"}}},"/img/720p/bg/ED05_a.ui":{"rootdata":{"0":{"1":"sound","2":"nexus"}}},"/ui/common/extra/btn_cg.ui":{"rootdata":{"2":"CG"}},"/ui/common/title/btn_language.ui":{"rootdata":{"0":"Language"}},"/ui/common/extra/btn_sound.ui":{"rootdata":{"2":"Aound"}},"/ui/common/ui/btn_back.ui":{"rootdata":{"2":"Back"}},"/img/720p/bg/ED08_a.ui":{"rootdata":{"0":{"1":"Fin"}}},"/ui/720p/extra/routepage.ui":{"rootdata":{"0":{"0":"Scene"}}},"/ui/720p/extra/scenepage.ui":{"rootdata":{"0":{"0":"Scene"}}},"/ui/common/storage/datum.ui":{"rootdata":{"3":{"1":"No Data"}}},"/ui/common/title/btn_extra.ui":{"rootdata":{"0":"Extra"}},"/ui/720p/storage/storage.ui":{"rootdata":{"1":{"1":"Save"}}},"/ui/common/title/btn_load.ui":{"rootdata":{"0":"Load"}},"/img/720p/bg/ED03_a.ui":{"rootdata":{"0":{"1":"scenario","2":"hot coffee","3":"GHOTI"}}},"/ui/common/title/btn_start.ui":{"rootdata":{"0":"Start"}},"/img/720p/bg/ED02_a.ui":{"rootdata":{"0":{"3":"aero","4":"space","1":"produce","2":"rileya"}}},"dict":{"title.continue.confirm.yes":"Reopen","config.10.0":"No","common.error.message.save.nospace":"Save failed due to insufficient free space.","title.continue.confirm":"Do you want to resume from a saved scene?","config.8":"Continued skipping after choices","common.dialog.message.load.yes":"Load","config.1":"BGM","title.translate.confirm.yes":"Download","common.dialog.message.title":"Would you like to return to the title screen?","common.dialog.btn.no":"cancel","language.confirm.yes":"Change","config.10.1":"Yes","language.confirm":"Would you like to change the language used to %s?","config.10":"Color change of read text","config.7.all":"ALL","extra.cg.dialog.page":"%d / %d","common.dialog.message.save.yes":"Save","config.9.0":"No","common.dialog.message.exit":"Do you want to exit the game?","storage.date.none":"----/--/----:--","config.reset.confirm":"Do you want to initialize your settings?","title.translate.notallowed":"Initialize language settings due to missing required files.","config.7":"Skip mode","common.error.message.load":"Failed to load.","common.dialog.message.title.yes":"Go to Title.","config.9.1":"Yes","config.8.1":"Yes","title.translate.cancaled":"The download was interrupted and the language setting is initialized.","talk.quickload.confirm.yes":"Reopen","storage.title.save":"Save","language.restart":"Return to the title screen.","config.6":"message window transparency","common.dialog.btn.yes":"OK","config.12.1":"Window","storage.title.load":"Load","config.8.0":"No","extra.scene.confirm":"Would you like to start with this scene?","title.translate.confirm":"Download the update file needed to start the game in %s.","common.dialog.message.exit.yes":"Terminate","storage.label.none":"No data","config.5":"Auto mode speed","config.tab.system":"SYSTEM","language.error.2":"Access to the server is not allowed.","config.7.read":"Read Only","config.3":"VOICE","config.reset.confirm.yes":"Initialize","talk.quickload.confirm":"Do you want to resume from a saved scene?","config.tab.sound":"SOUND","talk.quicksave.message":"Saved.\nYou can resume from the current scene.","config.4":"character display speed","common.dialog.btn.cancel":"interruption","common.dialog.message.download":"Download","common.error.message.save.broken":"Data is initialized due to corruption of saved data.","title.continue.nodata":"There is no save data.","config.12":"Display mode","title.translate.failed":"Initialize language settings due to download failure.","config.9":"Continuation of auto mode after choice","config.12.0":"Full screen","extra.scene.confirm.yes":"Start","language.error.1":"Server maintenance is in progress.","common.dialog.message.load":"Do you want to load it?","config.2":"SE","common.error.message.save":"Save failed.","common.dialog.message.save":"Do you want to save?","storage.date":"Date: (date)","language.error.255":"The server is unavailable."},"/img/720p/bg/ED07_a.ui":{"rootdata":{"0":{"3":"Sugar (\u03b2)","4":"gorilla reserve army","1":"Program","2":"Souma Kohbayashi"}}},"/ui/common/ui/btn_title.ui":{"rootdata":{"2":"Title"}},"/ui/common/config/btn_system.ui":{"rootdata":{"2":"System"}},"/img/720p/bg/ED06_a.ui":{"rootdata":{"0":{"5":"Sataro Fujishiro","6":"Yui","3":"dogtooth violet","4":"rainbow pencil","1":"graphic","2":"dark orange"}}},"/ui/720p/config/config.ui":{"rootdata":{"1":{"1":"System"}}},"/ui/720p/extra/cgpage.ui":{"rootdata":{"0":{"0":"CG"}}}}