{"/ui/common/config/btn_sound.ui":{"rootdata":{"2":"sound"}},"/ui/common/config/btn_reset.ui":{"rootdata":{"2":"Reset"}},"/ui/common/title/btn_continue.ui":{"rootdata":{"0":"Continue"}},"/ui/common/ui/btn_exit.ui":{"rootdata":{"2":"Exit"}},"character":{"tugumi":"Tsugumi","female_student":"female student","norio":"Norio","teacher":"teacher","male_student":"male student","unknown":"?","mother":"mother","minami":"Minami","male_teacher":"male teacher","_____":"_____","airi":"Airi"},"/ui/720p/extra/cgpage.ui":{"rootdata":{"0":{"0":"CG"}}},"scene":{"3":{"hidden":"common route","name":"Minami says hello to me."},"4":{"hidden":"Common daily route","name":"The beginning of a provisional love contract"},"10":{"hidden":"Tsugumi route","name":"A sense of change"},"8":{"hidden":"Airi route","name":"prepared to die young"},"6":{"hidden":"Common daily route","name":"A few changes"},"12":{"hidden":"Minami route","name":"If you don't enjoy life, it's not worth it"},"15":{"hidden":"Airi ??? Root END","name":"Airi Kojin route END"},"18":{"hidden":"??? Root END","name":"Harem route END"},"0":{"hidden":"common route","name":"I hate myself."},"5":{"hidden":"Common daily route","name":"socializing with the public"},"17":{"hidden":"Minami ??? Root END","name":"Minami lover ? Root END"},"9":{"hidden":"Airi ??? Root.","name":"And a year ......"},"2":{"hidden":"common route","name":"Tsugumi says clearly"},"7":{"hidden":"Common daily route","name":"Almost a month since the tentative love contract"},"11":{"hidden":"Tsugumi ??? Root.","name":"What I decided of my own volition"},"14":{"hidden":"??? Root.","name":"provisional love triangle agreement"},"1":{"hidden":"common route","name":"Airi to remember your name"},"13":{"hidden":"Minami ??? Root.","name":"Best friend agreement?"},"16":{"hidden":"Tsugumi ??? Root END","name":"Tsugumi lover route END"}},"/ui/common/extra/btn_thumbnail.ui":{"rootdata":{"0":{"1":"NoData"}}},"/ui/720p/extra/soundpage.ui":{"rootdata":{"0":{"0":"sound"}}},"/ui/common/title/btn_start.ui":{"rootdata":{"0":"Start"}},"/ui/720p/language/language.ui":{"rootdata":{"1":{"1":"Language"}}},"/ui/common/extra/achieve.ui":{"rootdata":{"0":{"1":"rate of achievement"}}},"/ui/720p/talk/log.ui":{"rootdata":{"0":{"1":"BackLog"}}},"/img/720p/bg/ED00_a.ui":{"rootdata":{"0":{"1":"Inca rose (Rosa inca)","2":"\"The lewd and lascivious ward.\"","3":"draft"}}},"/ui/common/title/btn_config.ui":{"rootdata":{"0":"Config"}},"/img/720p/bg/ED01_a.ui":{"rootdata":{"0":{"3":"\u3000\u3000\u3000\u3000\u3000Tsugumi Kiriya : Mitsuka Kawamura","4":"\u3000\u3000\u3000\u3000\u3000Minami Akezawa : Ayumi Okuyama","1":"cast","2":"\u3000\u3000\u3000\u3000\u3000Airi Sasamiya : Rito Tsukinaga"}}},"/img/720p/bg/ED04_a.ui":{"rootdata":{"0":{"1":"Original Drawing Character Design","2":"NiONiO","3":"canned sharks"}}},"/img/720p/bg/ED05_a.ui":{"rootdata":{"0":{"1":"sound","2":"stray (e.g. dog, cat)"}}},"/ui/common/extra/btn_cg.ui":{"rootdata":{"2":"CG"}},"/ui/common/title/btn_language.ui":{"rootdata":{"0":"Language"}},"/img/720p/bg/ED08_a.ui":{"rootdata":{"0":{"1":"Fin."}}},"/ui/common/ui/btn_back.ui":{"rootdata":{"2":"Back"}},"/ui/common/title/btn_load.ui":{"rootdata":{"0":"Load"}},"/ui/720p/extra/routepage.ui":{"rootdata":{"0":{"0":"scene"}}},"/ui/720p/extra/scenepage.ui":{"rootdata":{"0":{"0":"scene"}}},"/ui/common/storage/datum.ui":{"rootdata":{"3":{"1":"No Data"}}},"/ui/common/extra/btn_sound.ui":{"rootdata":{"2":"sound"}},"/ui/720p/storage/storage.ui":{"rootdata":{"1":{"1":"Save"}}},"/ui/common/title/btn_extra.ui":{"rootdata":{"0":"Extra"}},"/img/720p/bg/ED03_a.ui":{"rootdata":{"0":{"1":"scenario","2":"ghost message","3":"ghost message"}}},"bgm":{"bg_h1":{"label":"meddling in the performance of a task"},"bg_h2":{"label":"With you, the man I've always wanted to be."},"bg_ed":{"label":"Contracts fulfilled"},"bg_d1":{"label":"Hall of Fame for Everyday Life"},"bg_d2":{"label":"Time for relaxation"},"bg_op":{"label":"One month before the temporary love breakup"},"bg_se":{"label":"whereabouts of the heart"}},"dict":{"title.continue.confirm.yes":"Reopen","config.10.0":"No","common.error.message.save.nospace":"Save failed due to insufficient free space.","title.continue.confirm":"Do you want to resume from a saved scene?","config.8":"Continued skipping after choices","storage.date":"Date: (date)","config.1":"BGM","title.translate.confirm.yes":"Download","common.dialog.message.title":"Would you like to return to the title screen?","common.dialog.btn.no":"cancel","language.confirm.yes":"Change","config.10.1":"Yes","language.confirm":"Would you like to change the language used to %s?","config.10":"Color change of read text","config.7.all":"all","extra.cg.dialog.page":"%d / %d","common.dialog.message.save.yes":"save","config.9.0":"No","common.dialog.message.exit":"Do you want to exit the game?","storage.date.none":"----/--/----:--","config.reset.confirm":"Do you want to initialize your settings?","title.translate.notallowed":"Initialize language settings due to missing required files.","config.7":"skip mode","common.error.message.load":"Failed to load.","common.dialog.message.title.yes":"Go to Title.","config.9.1":"Yes","config.8.1":"Yes","title.translate.cancaled":"The download was interrupted and the language setting is initialized.","talk.quickload.confirm.yes":"Reopen","language.error.255":"The server is unavailable.","language.restart":"Return to the title screen.","config.6":"message window transparency","title.continue.nodata":"There is no save data.","config.12.1":"window","storage.title.load":"Load","config.8.0":"No","extra.scene.confirm":"Would you like to start with this scene?","title.translate.confirm":"Download the update file needed to start the game in %s.","common.dialog.message.exit.yes":"Terminate","storage.label.none":"No data","config.5":"Auto mode speed","config.tab.system":"SYSTEM","language.error.2":"Access to the server is not allowed.","config.7.read":"Read Only","config.3":"VOICE","config.reset.confirm.yes":"Initialize","talk.quickload.confirm":"Do you want to resume from a saved scene?","config.tab.sound":"SOUND","talk.quicksave.message":"Saved.\nYou can resume from the current scene.","config.4":"character display speed","common.dialog.btn.cancel":"interruption","common.dialog.message.download":"Download","storage.title.save":"Save","title.translate.failed":"Initialize language settings due to download failure.","config.12":"display mode","common.dialog.message.load":"Do you want to load it?","config.9":"Continuation of auto mode after choice","config.12.0":"full screen","extra.scene.confirm.yes":"Start","language.error.1":"Server maintenance is in progress.","common.dialog.btn.yes":"OK","config.2":"SE","common.error.message.save":"Save failed.","common.error.message.save.broken":"Data is initialized due to corruption of saved data.","common.dialog.message.save":"Do you want to save?","common.dialog.message.load.yes":"load"},"/img/720p/bg/ED02_a.ui":{"rootdata":{"0":{"3":"Daifuku walnut","4":"Angelica keiskei (species of angelica, a herb of the parsley family)","1":"produce","2":"stealth"}}},"/img/720p/bg/ED07_a.ui":{"rootdata":{"0":{"1":"Program","2":"Yamano Oyashiro (god of harvests, wealth, fertility, etc.)","3":"gorilla reserve army"}}},"/ui/common/ui/btn_title.ui":{"rootdata":{"2":"Title"}},"/ui/common/config/btn_system.ui":{"rootdata":{"2":"System"}},"/img/720p/bg/ED06_a.ui":{"rootdata":{"0":{"5":"evening assembly (company)","3":"person with a criminal record","4":"Kamil Kirishima","1":"graphic","2":"bitter orange juice, used in cooking as a vinegar"}}},"/ui/720p/config/config.ui":{"rootdata":{"1":{"1":"System"}}},"/ui/common/extra/btn_scene.ui":{"rootdata":{"2":"scene"}}}