{"/ui/common/config/btn_sound.ui":{"rootdata":{"2":"sound"}},"/ui/common/config/btn_reset.ui":{"rootdata":{"2":"Reset"}},"/ui/common/title/btn_continue.ui":{"rootdata":{"0":"Continue"}},"/ui/common/ui/btn_exit.ui":{"rootdata":{"2":"Exit"}},"character":{"female_student_A":"Female Student A","male_student_B":"Male Student B","shoma's_mother":"Shoma's Mother","female_student_B":"Female Student B","_____":"_____","male_student_A":"Male Student A","male_teacher":"Male Teacher","mei's_father":"Mei's Father","shoma":"Shoma","mithika":"Michika","male_student":"Male Student","unknown":"?","hiroka":"Yoka","nathuko":"Natsuko","mei":"Mei","female_student":"Female Student"},"/ui/720p/extra/cgpage.ui":{"rootdata":{"0":{"0":"CG"}}},"scene":{"3":{"hidden":"common route","name":"How do I want to end up with these girls?"},"4":{"hidden":"common route","name":"Rumors about Mei"},"10":{"hidden":"Natsuko pure love route","name":"Natsuko's true face"},"22":{"hidden":"Mei Pure END","name":"Mei Pure END"},"8":{"hidden":"Michika Gal Route","name":"Michika is a player"},"6":{"hidden":"Michika? Root.","name":"Guilty Conscience"},"12":{"hidden":"Mei? Root.","name":"A love that slowly faded away"},"15":{"hidden":"Michika? END","name":"Michika cheating END"},"18":{"hidden":"Natsuko? END","name":"Natsuko cheating END"},"0":{"hidden":"common route","name":"A school with many gals"},"5":{"hidden":"common route","name":"The person I have feelings for in my heart"},"17":{"hidden":"Michika Gal END","name":"Michika Gal END"},"23":{"hidden":"Mei Gal END","name":"Mei Gal END"},"9":{"hidden":"Natsuko? Root.","name":"Love within one's means"},"2":{"hidden":"common route","name":"What do I think about Natsuko?"},"7":{"hidden":"Michika pure love route","name":"The Pure Michika"},"11":{"hidden":"Natsuko Gal Route","name":"Flirtatious Natsuko"},"14":{"hidden":"Mei Gal Route","name":"Mei dating me for returns"},"21":{"hidden":"Mei? END","name":"Mei cheating END"},"19":{"hidden":"Natsuko Pure END","name":"Natsuko Pure END"},"1":{"hidden":"common route","name":"The Butterfly Effect"},"13":{"hidden":"Mei Pure Route","name":"Mei in a daze"},"16":{"hidden":"Michika Pure END","name":"Michika Pure END"},"20":{"hidden":"Natsuko Gal END","name":"Natsuko Gal END"}},"/ui/common/extra/btn_thumbnail.ui":{"rootdata":{"0":{"1":"NoData"}}},"/ui/720p/extra/soundpage.ui":{"rootdata":{"0":{"0":"sound"}}},"/img/720p/bg/ED04_a.ui":{"rootdata":{"0":{"1":"Original Drawing Character Design","2":"Nanami Den"}}},"/ui/720p/language/language.ui":{"rootdata":{"1":{"1":"Language"}}},"/ui/common/extra/achieve.ui":{"rootdata":{"0":{"1":"rate of achievement"}}},"/ui/720p/talk/log.ui":{"rootdata":{"0":{"1":"BackLog"}}},"/img/720p/bg/ED00_a.ui":{"rootdata":{"0":{"1":"Original idea Gold Lip","2":"\"\""}}},"/ui/common/title/btn_config.ui":{"rootdata":{"0":"Config"}},"/img/720p/bg/ED01_a.ui":{"rootdata":{"0":{"3":"Natsuko Miyako: Minamijuji Issei","4":"Mei Takahane : Ai Yoshinaka","1":"cast","2":"Michika Arishiro: Suzu Konami"}}},"/ui/720p/extra/scenepage.ui":{"rootdata":{"0":{"0":"scene"}}},"/ui/common/extra/btn_sound.ui":{"rootdata":{"2":"sound"}},"/ui/common/extra/btn_cg.ui":{"rootdata":{"2":"CG"}},"/ui/common/title/btn_language.ui":{"rootdata":{"0":"Language"}},"/img/720p/bg/ED05_a.ui":{"rootdata":{"0":{"1":"sound","2":"John Kuroda"}}},"/ui/common/ui/btn_back.ui":{"rootdata":{"2":"Back"}},"/ui/common/title/btn_start.ui":{"rootdata":{"0":"Start"}},"/ui/720p/extra/routepage.ui":{"rootdata":{"0":{"0":"scene"}}},"/ui/common/extra/btn_scene.ui":{"rootdata":{"2":"scene"}},"/ui/common/storage/datum.ui":{"rootdata":{"3":{"1":"No Data"}}},"/ui/720p/storage/storage.ui":{"rootdata":{"1":{"1":"Save"}}},"/ui/common/ui/btn_title.ui":{"rootdata":{"2":"Title"}},"/ui/common/title/btn_extra.ui":{"rootdata":{"0":"Extra"}},"/img/720p/bg/ED03_a.ui":{"rootdata":{"0":{"1":"scenario","2":"Nekotama","3":"Tatyo"}}},"dict":{"title.translate.cancaled":"The download was interrupted and the language settings are initialized.","talk.quickload.confirm.yes":"Reopen","title.continue.confirm.yes":"Reopen","config.10.0":"local","storage.title.save":"Save","language.restart":"Return to the title screen.","config.6":"message window transparency","title.continue.confirm":"Do you want to resume from a saved scene?","title.continue.nodata":"There is no save data.","config.12":"display mode","storage.date":"Date :","config.12.1":"Window","config.1":"BGM","config.8.0":"local","config.2":"SE","extra.scene.confirm":"Would you like to start with this scene?","title.translate.confirm.yes":"Download","title.translate.confirm":"Download the update file needed to start the game in %s.","common.dialog.message.exit.yes":"Terminate","common.dialog.btn.no":"cancel","language.confirm.yes":"Change","config.10.1":"be just about to","storage.label.none":"No data","language.confirm":"Would you like to change the language used to %s?","config.5":"Auto mode speed","config.9":"Continuation of auto mode after choice","config.7.read":"Read Only","config.7.all":"all","common.dialog.message.save.yes":"Save","common.dialog.message.load.yes":"load","common.dialog.message.title.yes":"Go to Title.","config.tab.system":"SYSTEM","extra.cg.dialog.page":"%d / %d","language.error.2":"Access to the server is not allowed.","common.dialog.message.save":"Do you want to save?","config.10":"Color change of read text","title.translate.failed":"Initialize language settings due to download failure.","storage.title.load":"Load","config.3":"VOICE","config.reset.confirm.yes":"Initialize","talk.quickload.confirm":"Do you want to resume from a saved scene?","config.tab.sound":"SOUND","storage.date.none":"----/--/----:--","config.4":"character display speed","config.reset.confirm":"Do you want to initialize your settings?","common.dialog.message.download":"Download.","title.translate.notallowed":"Initialize language settings due to missing required files.","common.dialog.message.exit":"Do you want to exit the game?","common.dialog.message.load":"Do you want to load it?","language.error.255":"The server is unavailable.","config.7":"skip mode","common.dialog.btn.yes":"OK","language.error.1":"Server maintenance is in progress.","config.8":"Continued skipping after choices","extra.scene.confirm.yes":"Start","common.dialog.message.title":"Would you like to return to the title screen?","config.12.0":"Full screen","config.9.1":"be just about to","config.8.1":"be just about to","talk.quicksave.message":"Saved.\nYou can resume from the current scene.","common.dialog.btn.cancel":"interruption","config.9.0":"local"},"/ui/common/title/btn_load.ui":{"rootdata":{"0":"Load"}},"/img/720p/bg/ED02_a.ui":{"rootdata":{"0":{"3":"Hudegin","4":"Ryusei","1":"produce","2":"Bushi"}}},"/img/720p/bg/ED07_a.ui":{"rootdata":{"0":{"1":"Program","2":"Otonashi Hibiki","3":"Gorila Yobigun"}}},"/img/720p/bg/ED08_a.ui":{"rootdata":{"0":{"1":"Fin."}}},"/ui/common/config/btn_system.ui":{"rootdata":{"2":"System"}},"/img/720p/bg/ED06_a.ui":{"rootdata":{"0":{"5":"Yui","3":"Shironikukyu","4":"Hinokami Honoo","1":"graphic","2":"Ringo"}}},"/ui/720p/config/config.ui":{"rootdata":{"1":{"1":"System"}}},"bgm":{"bg_h1":{"label":"It means to be tied together."},"bg_h2":{"label":"The meaning of a relationship"},"bg_sa":{"label":"feeling like surfing a wave"},"bg_da":{"label":"Night Atmosphere"},"bg_op":{"label":"Pure heart or gal?"},"bg_d1":{"label":"teasing"},"bg_se":{"label":"Evening is twilight"}}}